ITEM;FECHACORTE;DEPARTAMENTO;PROVINCIA;DISTRITO;UBIGEO;TIPEQUI;ORIG;AREA;LOCAL;NOMEQUI;CP18;CP19;CP20;CP21;ESTADO;SO;APLDISGRA;APLARQ;APLOFI;PCPROC;PCPLAC;PCMODPLAC;PCRAM;PCDISC;PCTIPDISC;PCTARVID;MONMAR;MONMOD;MONCP19;MONCP20;MONCP21;TECMAR;TECMOD;TECCP19;TECCP20;TECCP21;BIT
1;06/06/2023;LIMA;LIMA;LURIN;150119;PC;MUNICIPAL;SUB GERENCIA DE MANTENIMIENTO DE ORNATO PARQUES Y JARDINES;MAESTRANZA;MLORNATO01;;2036;0849;740899500086;OPERATIVO;WIN 7 ULT;;;OFFICE 2016;PENTIUM (R) DUAL-CORE CPU E5700 @ 3.00GHz (2CPUs), ~3.0GHz;INTEL;DG41WV;4;500;MECANICO;NO;HP;Compaq LE1711;;;740887700006;TEROS;TE-KM13;;;;
2;06/06/2023;LIMA;LIMA;LURIN;150119;PC;MUNICIPAL;SUB GERENCIA DE MANTENIMIENTO DE ORNATO PARQUES Y JARDINES;MAESTRANZA;MLORNATO03;;;;740899500011;OPERATIVO;WIN 10 PRO;;;OFFICE 2016;INTEL (R) CORE(TM) I5-3470 CPU @ 3.20GHz;LENOVO;3209CQ6;4;500;MECANICO;SI;AOC;E970Sw;2169;0543;740880370155;DELL;SK-8115;;4283;740895000324;
3;06/06/2023;LIMA;LIMA;LURIN;150119;PC;MUNICIPAL;SUB GERENCIA DE MANTENIMIENTO DE ORNATO PARQUES Y JARDINES;MAESTRANZA;MLLOGISTICA11;;;4571;740899500249;OPERATIVO;WIN 10 PRO;;;OFFICE 2016;INTEL (R) CORE(TM) I5-8400 CPU @ 2.80GHz (6 CPUs), ~2.8GHz;LENOVO;10TXS09K00;4;1000;MECANICO;NO;TEROS;TE-3020N;;;;LENOVO;SK-8825;;;740895000006;
4;06/06/2023;LIMA;LIMA;LURIN;150119;PC;MUNICIPAL;MAESTRANZA;MAESTRANZA;MLPATRIMONIO10;;;;740899500231;OPERATIVO;WIN 10 PRO;;;OFFICE 2016;INTEL (R) CORE (TM) I7-9700 CPU @ 3.00GHz (8 CPUs), ~3.0GHz;HP;HP PRODESK 400 G6 SFF;8;1000;MECANICO;NO;HP;HP N223 MONITOR;;5453;740899500231;HP;KU-1469;;3381;740895000326;
5;06/06/2023;LIMA;LIMA;LURIN;150119;PC;MUNICIPAL;GERENCIA DE PARTICIPACION CIUDADANA;AGENCIA;MLPCIU01;;;;740899599137;OPERATIVO;WIN 10 PRO;;;OFFICE 2016;INTEL (R) CORE (TM) I7-7700 CPU @ 3.60GHz (8 CPUs), ~3.6GHz;FUJITSU;ESPRIMO D556/2;8;1000;MECANICO;NO;LENOVO;THINK VISION T22I-10;3889;0102;740881870170;MICROSOFT;1576;3876;0310;740895000409;
6;06/06/2023;LIMA;LIMA;LURIN;150119;PC;MUNICIPAL;GERENCIA DE PARTICIPACION CIUDADANA;AGENCIA;MLPCIU02;;;;;OPERATIVO;WIN 10 PRO;;;OFFICE 2016;INTEL (R) CORE (TM) I7-4770 CPU @ 3.40GHz (8 CPUs), ~3.4GHz;HEWLETT-PACKARD;HP ELITE DESK 800 G1SFF;8;1000;MECANICO;NO;HP;LV1911;;;;MICROSOFT;1576;3898;;;
7;06/06/2023;LIMA;LIMA;LURIN;150119;PC;MUNICIPAL;GERENCIA DE PARTICIPACION CIUDADANA;AGENCIA;MLPARTICIPA01;;;;;OPERATIVO;WIN 10 PRO;;;OFFICE 2016;INTEL (R) CORE (TM) I7-4770 CPU @ 3.40GHz (8 CPUs), ~3.4GHz;HEWLETT-PACKARD;HP ELITE DESK 800 G1SFF;8;1000;MECANICO;NO;HP;LV1911;;;;DELL;KB522;;;;
8;06/06/2023;LIMA;LIMA;LURIN;150119;PC;MUNICIPAL;SUB GERENCIA DE PROGRAMAS SOCIALES;AGENCIA;MLPROS01;1980;3668;2451;740899500373;OPERATIVO;WIN 10 PRO;;;OFFICE 2016;INTEL (R) CORE (TM) I3-4160 CPU @ 3.60GHz (4 CPUs), ~3.6GHz;ECS;B85H3-M;4;1000;MECANICO;NO;HP;V193;3660;1956;740880370006;MICROSOFT;1576;3670;2453;740895000122;
9;06/06/2023;LIMA;LIMA;LURIN;150119;PC;MUNICIPAL;UNIDAD FUNCIONAL DE PROMOCION EMPRESARIAL DEL EMPLEO;AGENCIA;MLEMPLEOS04;1017;3510;5035;740899500177;OPERATIVO;WIN 7 ULT;;;OFFICE 2016;INTEL (R) PENTIUM (R) DUAL CPU E2180 @ - 2.00GHz (2 CPUs), ~2.0GHz;INTEL;DG41TY;2;250;MECANICO;NO;AOC;E970SW;3558;0790;740880370151;GENIUS;K639;3512;5037;740895000305;
10;06/06/2023;LIMA;LIMA;LURIN;150119;PC;MUNICIPAL;UNIDAD FUNCIONAL PROGRAMA VASO DE LECHE (PVL);AGENCIA;MLPVL02;;;2423;740899500136;OPERATIVO;WIN 10 PRO;;;OFFICE 2016;INTEL (R) CORE (TM) I5-3470 CPU @ 3.20GHz;LENOVO;3209CQ6;4;500;MECANICO;SI;LENOVO;L197WA;;2426;740881870064;LENOVO;SK-8825;;2425;740895000087;
11;06/06/2023;LIMA;LIMA;LURIN;150119;LAPTOP;MUNICIPAL;UNIDAD FUNCIONAL PROGRAMA VASO DE LECHE (PVL);AGENCIA;MLPVL01;;;;740805000028;OPERATIVO;WIN 10 PRO;;;OFFICE 2016;INTEL (R) CORE (TM) I5-10210U CPU @ 1.60GHz (8 CPUs), ~2.1 GHz;DELL INC.;LATITUDE 5510;8;1000;MECANICO;NO;;;;;;;;;;;
12;06/06/2023;LIMA;LIMA;LURIN;150119;PC;MUNICIPAL;UNIDAD FUNCIONAL PROGRAMA VASO DE LECHE (PVL);AGENCIA;MLPVL03;2100;;2415;740899500175;OPERATIVO;WIN 7 ULT;;;OFFICE 2016;INTEL (R) CORE (TM) DUO CPU E4500 @ 2.20GHz;INTEL;DG41TY;2;80;MECANICO;NO;SAMSUNG ;SYNCMASTER B2030;3311;;740881870078;MICROSOFT;1576;3304;2417;740895000124;
13;06/06/2023;LIMA;LIMA;LURIN;150119;PC;MUNICIPAL;UNIDAD FUNCIONAL PROGRAMA DE COMPLEMENTACION ALIMENTARIA (PCA);AGENCIA;MLPCA02;;;2465;740899500135;OPERATIVO;WIN 10 PRO;;;OFFICE 2016;INTEL (R) CORE (TM) I5-8400 CPU @ 2.80GHz (6 CPUs), ~2.8GHz;LENOVO;10TXS09KP00;4;1000;MECANICO;NO;LENOVO;THINKVISION S22E-19;;2466;740880370065;LENOVO;SK-8827;;2467;740895000086;
14;06/06/2023;LIMA;LIMA;LURIN;150119;PC;MUNICIPAL;UNIDAD FUNCIONAL DE CENTROS INTEGRALES DE ATENCION AL ADULTO MAYOR (CIAM);AGENCIA;MLCIAM01;;;;;OPERATIVO;WIN 10 PRO;;;OFFICE 2016;INTEL (R) CORE (TM) I7-4770 CPU @ 3.40GHz (8 CPUs), ~3.4GHz;HEWLETT-PACKARD;HP ELITE DESK 800 G1 SFF;8;1000;MECANICO;NO;HP;LV1911;;;;DELL;KB522;;;;
15;06/06/2023;LIMA;LIMA;LURIN;150119;PC;MUNICIPAL;UNIDAD FUNCIONAL DE CENTROS INTEGRALES DE ATENCION AL ADULTO MAYOR (CIAM);AGENCIA;;1189;1235;1922;740899500151;INOPERATIVO;;;;;;;;;;MECANICO;NO;LG;19M37A - B;3328;1934;740880370135;BENQ;I100-P (HOTKEYS);1237;1924;740895000229;
16;06/06/2023;LIMA;LIMA;LURIN;150119;PC;MUNICIPAL;UNIDAD FUNCIONAL SISTEMA DE FOCALIZACION DE HOGARES (SISFOH);AGENCIA;MLSISFOH03;;3263;2046;740899500352;OPERATIVO;WIN 10 PRO;;;OFFICE 2016;INTEL (R) CORE (TM) I3-4160 CPU @ 3.60GHz (4 CPUs), ~3.6GHz;ECS;B85H3-M;4;1000;MECANICO;NO;LG;20M47A-B;3262;2048;740880370092;MICROSOFT;1576;;;740895000126;
17;06/06/2023;LIMA;LIMA;LURIN;150119;PC;MUNICIPAL;UNIDAD FUNCIONAL SISTEMA DE FOCALIZACION DE HOGARES (SISFOH);AGENCIA;MLSISFOH01;;;1661;740899500157;OPERATIVO;WIN 10 PRO;;;OFFICE 2016;INTEL (R) CORE (TM) I7-9700 CPU @ 3.00GHz (8 CPUs), ~3.0GHz;HP;HP ELITE DESK 400 G6SFF;8;1000;MECANICO;NO;HP;N223;;1660;740880370128;HP;KU-1469;;1664;740895000081;
18;06/06/2023;LIMA;LIMA;LURIN;150119;PC;MUNICIPAL;UNIDAD FUNCIONAL SISTEMA DE FOCALIZACION DE HOGARES (SISFOH);AGENCIA;MLSISFOH02;;;;740899500147;OPERATIVO;WIN 10 PRO;;;OFFICE 2016;INTEL (R) CORE (TM) I5-8400 CPU @ 2.80GHz 2.81GHz;LENOVO;I0TXS09K00;4;1000;MECANICO;No;LENOVO;THINK VISION S22E-19;;1963;740880370096;LENOVO;SK-8827;;1965;740895000088;
19;06/06/2023;LIMA;LIMA;LURIN;150119;PC;MUNICIPAL;PROMOTORAS (GERENCIA DE PARTICIPACION CIUDADANA);AGENCIA;MLVECINAL01;;3882;0326;740899500350;OPERATIVO;WIN 7 ULT;;;OFFICE 2016;INTEL (R) CORE (TM) I3-4160 CPU @ 3.60GHz (4 CPUs), ~3.6GHz;MSI;MS-7817;4;500;MECANICO;NO;LG;20M45ASA;3883;0327;740880370066;;;;;;
20;06/06/2023;LIMA;LIMA;LURIN;150119;PC;MUNICIPAL;UNIDAD FUNCIONAL DE OFICINA MUNICIPAL DE ATENCION A LAS PERSONAS CON DISCAPACIDAD (OMAPED);AGENCIA;;2095;3305;2082;740899500128;INOPERATIVO;WIN 7 ULT;;;;;;;;400;MECANICO;NO;LG;20M47A - B;;;;;;;;;
21;06/06/2023;LIMA;LIMA;LURIN;150119;PC;MUNICIPAL;UNIDAD FUNCIONAL DE OFICINA MUNICIPAL DE ATENCION A LAS PERSONAS CON DISCAPACIDAD (OMAPED);AGENCIA;;1705;3271;4499;740899500404;INOPERATIVO;;;;;;;;;;MECANICO;NO;;;;;;;;;;;
22;06/06/2023;LIMA;LIMA;LURIN;150119;PC;MUNICIPAL;PROCURADURIA PUBLICA MUNICIPAL;PALACIO;MLPROCURADOR01;;;;;OPERATIVO;WIN 7 ULT;;;OFFICE 2016;I3-4160  CPU  @3.60;ECS;B85H3-M;4;1000;MECANICO;NO;LENOVO;A1821SFS1;;0249;740880370318;LENOVO;SK8827;0872;0250;740895000083;
23;06/06/2023;LIMA;LIMA;LURIN;150119;PC;MUNICIPAL;PROCURADURIA PUBLICA MUNICIPAL;PALACIO;MLPROCURADOR02;;0843;0349;740899500335;OPERATIVO;WIN 7 ULT;;;OFFICE 2016;I3-4160  CPU  @3.60;ECS;B85H3-M;4;500;MECANICO;NO;SAMSUNG;933BW;0844;0350;740881870110;MICROSOFT;1576;;;740895000193;
24;06/06/2023;LIMA;LIMA;LURIN;150119;PC;MUNICIPAL;PROCURADURIA PUBLICA MUNICIPAL;PALACIO;MLPROCURADOR03;0778;0837;0253;740899500179;OPERATIVO;WIN 7 ULT;;;OFFICE 2016;DUAL-CORE CPU E5700 @ 3.60;INTEL;DG41WV;2;500;MECANICO;SI;LG;20M47A-B;0851;0423;740880370072;GENIUS;GK-100011;0852;0424;740895000073;
25;06/06/2023;LIMA;LIMA;LURIN;150119;PC;MUNICIPAL;PROCURADURIA PUBLICA MUNICIPAL;PALACIO;MLPROCURADOR04;;;0422;740899500174;OPERATIVO;WIN 10 PRO;;;OFFICE 2016;2 DUO  CPU  E7500  @ 2.93;INTEL;DG41TY;1;1000;MECANICO;NO;SAMSUG;B1930N;;0254;740881870145;GENIUS;KB-M200;0872;0255;740895000268;
26;06/06/2023;LIMA;LIMA;LURIN;150119;PC;MUNICIPAL;PROCURADURIA PUBLICA MUNICIPAL;PALACIO;MLPROCURADOR05;;;0419;740899500156;OPERATIVO;WIN 10 PRO;;;OFFICE 2016;I5-8400  CPU @ 2.80 ;LENOVO;10TXS09K00;8;1000;MECANICO;NO;LENOVO;A18215FS1;;0420;740880370319;MICROSOFT;1576;;;748895000113;
27;06/06/2023;LIMA;LIMA;LURIN;150119;PC;MUNICIPAL;PROCURADURIA PUBLICA MUNICIPAL;PALACIO;MLPROCURADOR06;;;0248;740899500104;OPERATIVO;WIN 10 PRO;;;OFFICE 2016;I5-8400  CPU @ 2.80 ;LENOVO;10TXS09K00;4;1000;MECANICO;SI;LG;20M47A-B;0871;0359;740880370082;LENOVO;SK8827;;0449;740895000084;
28;06/06/2023;LIMA;LIMA;LURIN;150119;PC;MUNICIPAL;GERENCIA DE DESARROLLO ECONOMICO;PALACIO;MLECONOMICO02;2127;2517;0467;740899500374;OPERATIVO;WIN 7 ULT;;;OFFICE 2016;I3-4160  CPU  @3.60;ECS;B85H3-M;4;1000;MECANICO;NO;ADVANCE;ADV195TN;2516;0468;740877000004;HALION;KB-682M;;;;
29;06/06/2023;LIMA;LIMA;LURIN;150119;PC;MUNICIPAL;GERENCIA DE DESARROLLO ECONOMICO;PALACIO;MLECONOMICO03;;2528;0390;740899500004;OPERATIVO;WIN 10 PRO;;;OFFICE 2016;I5-6600 CPU @ 3.30;GIGABYTE TECHNOLOGY C.O;TO BY FILLED BY O.E.M;8;500;MECANICO;NO;DELL;E2020H;;;740880370159;FUJITSU;KB410K;2518;0470;740895000197;
30;06/06/2023;LIMA;LIMA;LURIN;150119;PC;MUNICIPAL;GERENCIA DE DESARROLLO ECONOMICO;PALACIO;MLECONOMICO01;;2494;0363;740899500005;OPERATIVO;WIN 10 PRO;;;OFFICE 2016;I5-6600  CPU @3.30;GIGABYTE TECHNOLOGY C.O;TO BY FILLED BY  O.E.M;8;500;MECANICO;NO;LENOVO;A16215FTO;;;;VASTEC;KEQ-012;2463;0500;740895000004;
31;06/06/2023;LIMA;LIMA;LURIN;150119;PC;MUNICIPAL;GERENCIA DE DESARROLLO ECONOMICO;PALACIO;MLECONOMICO09;;;;;OPERATIVO;WIN 10 PRO;;;OFFICE 2016;I5-10400 CPU @ 2.90;DELL INC;VOSTRO 3681;8;500;MECANICO;NO;DELL;E2020H;;;;DELL;KB2016T;;;740895000195;
32;06/06/2023;LIMA;LIMA;LURIN;150119;PC;MUNICIPAL;GERENCIA DE DESARROLLO ECONOMICO;PALACIO;MLDEFENSA03;2139;2470;0498;740899500397;OPERATIVO;WIN 10 PRO;;;OFFICE 2016;I5-6600 CPU @ 3.30;GIGABYTE TECHNOLOGY C.O;TO BY FILLED BY O.E.M;8;500;MECANICO;NO;HP;LV1911;;;;VASTEC;KEQ-012;;0377;740895000003;
33;06/06/2023;LIMA;LIMA;LURIN;150119;PC;MUNICIPAL;SUBGERENCIA DE TECNOLOGIAS DE LA INFORMACION;GRAU;MLTI03;;;;;OPERATIVO;WIN 10 PRO;;;OFFICE 2016;INTEL CORE I7-4770;HP;ELITEDESK 800 G1 SFF;8;1000;MECANICO;NO;HP;LV1911;;;;LENOVO;SK-8827;;4186;740895000012;
34;06/06/2023;LIMA;LIMA;LURIN;150119;PC;MUNICIPAL;SUBGERENCIA DE TECNOLOGIAS DE LA INFORMACION;GRAU;MLTI08;;1165;2509;740899500416;OPERATIVO;WIN 10 PRO;;;OFFICE 2016;INTEL CORE I5-7500;GIGABYTE;B250M-DS3H;8;1000;MECANICO;NO;HP;HPLVI1911;;;;HP;KU-1156;;;;
35;06/06/2023;LIMA;LIMA;LURIN;150119;PC;MUNICIPAL;SUBGERENCIA DE TECNOLOGIAS DE LA INFORMACION;GRAU;MLTI04;;1304;3188;740899500050;OPERATIVO;WIN 10 PRO;;;OFFICE 2016;INTEL CORE I7-7700;FUJITSU;ESPRIMO D556/2;8;1000;MECANICO;NO;HP;HPLVI1911;;;;GENIUS;K639;;815;740895000094;
36;06/06/2023;LIMA;LIMA;LURIN;150119;PC;MUNICIPAL;SUBGERENCIA DE TECNOLOGIAS DE LA INFORMACION;GRAU;MLTI09;;;;;OPERATIVO;WIN 10 PRO;;;OFFICE 2016;INTEL CORE I7-4770;HP;ELITEDESK 800 G1 SFF;9;1000;MECANICO;NO;LENOVO;THINKVISION;;3674;740880370156;VASTEC;KEQ-012;;;740895000052;
37;06/06/2023;LIMA;LIMA;LURIN;150119;PC;MUNICIPAL;SUBGERENCIA DE TECNOLOGIAS DE LA INFORMACION;GRAU;MLTI05;;2838;;780899500395;OPERATIVO;WIN 10 PRO;;;OFFICE 2016;INTEL CORE I5-4690;ASUS;ALL;;1000;MECANICO;NO;LENOVO;THINKVISION;1166;2495;7408881870181;HP;KB-1156;;;;
38;06/06/2023;LIMA;LIMA;LURIN;150119;PC;MUNICIPAL;SUBGERENCIA DE TECNOLOGIAS DE LA INFORMACION;GRAU;;;;;;OPERATIVO;WIN 10 PRO;;;OFFICE 2016;;LENOVO;;9;1000;MECANICO;NO;DELL;;1302;3187;740880370028;;;;;;
39;06/06/2023;LIMA;LIMA;LURIN;150119;PC;MUNICIPAL;ALCALDIA ;GRAU;MLALCA01;;;4148;740899500222;OPERATIVO;WIN 10 PRO;;;OFFICE 2016;INTEL (R) CORE (TM) I5-8400 CPU @ 2.80 GHz;LENOVO;10TX509K00;8;1000;MECANICO;NO;HP;HP LV1911;;;;LENOVO;SK-8825;;645;740895000440;
40;06/06/2023;LIMA;LIMA;LURIN;150119;PC;MUNICIPAL;ALCALDIA ;GRAU;MLALCA02;;;4586;  740899500244;OPERATIVO;WIN 10 PRO;;;OFFICE 2016;INTEL (R) CORE (TM) I7-9700 CPU @ 3.00 GHz (8 CPUs), ~3.0GHz;HP;HP PRODESK 400 GB SFF;8;1000;MECANICO;SI;HP;HP LV1911;;;;DELL;KB522;;;;
41;06/06/2023;LIMA;LIMA;LURIN;150119;PC;MUNICIPAL;ALCALDIA ;GRAU;MLALCA03;;;;;OPERATIVO;WIN 10 PRO;;;OFFICE 2016;INTEL (R) CORE (TM) I7-9700 CPU @ 3.00 GHz (8 CPUs), ~3.0GHz;GIGABYTE TECHNOLOGY;H310M  M.2 2.0;8;1000;MECANICO;NO;ADVANCE;ADV195TN;1588;3112;740877000015;LENOVO;SK-8825;;0647;740895000441;
42;06/06/2023;LIMA;LIMA;LURIN;150119;;MUNICIPAL;ALCALDIA ;GRAU;;;;;;;;;;;;;;;;MECANICO;;AOC;931SWL;;;;;;;;;
43;06/06/2023;LIMA;LIMA;LURIN;150119;PC;MUNICIPAL;UNIDAD FUNCIONAL DE IMAGEN;GRAU;MLIMAGEN07;0454;1576;3105;740899500054;OPERATIVO;WIN 10 PRO;;;OFFICE 2019;INTEL (R) CORE (TM) I5-7500 CPU @ 3.40 GHz (4 CPU's), ~3.4GHz;GIGABYTE;B250M-DS3H;8;1000;MECANICO;NO;ADVANCE;ADV195TN;1610;;740877000014;FUJITSU;KB410 K;1670;3131;740895000255;
44;06/06/2023;LIMA;LIMA;LURIN;150119;PC;MUNICIPAL;UNIDAD FUNCIONAL DE IMAGEN;GRAU;MLIMAGEN05;;;;740899500206;OPERATIVO;WIN 10 PRO;;;OFFICE 2016;INTEL (R) CORE (TM) I7-7700 CPU @ 3.60 GHz (8 CPUs), ~3.6GHz;FUJITSU;ESPRIMO D556/2;8;2000;MECANICO;NO;DELL;E2216H;1669;;;CYBERTEL;CYB K101;1589;3113;740895000029;
45;06/06/2023;LIMA;LIMA;LURIN;150119;PC;MUNICIPAL;UNIDAD FUNCIONAL DE IMAGEN;GRAU;MLIMAGEN02;;;3129;740899500201;OPERATIVO;WIN 10 PRO;;;OFFICE 2016;INTEL (R) CORE (TM) I7-7700 CPU @ 3.60 GHz (8 CPUs), ~3.6GHz;FUJITSU;ESPRIMO D556/2;8;2000;MECANICO;NO;DELL;E2216H;1663;3118;740880370033;LENOVO ;SK-8827;;3968;740895000038;
46;06/06/2023;LIMA;LIMA;LURIN;150119;PC;MUNICIPAL;UNIDAD FUNCIONAL DE IMAGEN;GRAU;MLALCALDIA05;0443;1615;3632;740899500413;OPERATIVO;WIN 10 PRO;;;OFFICE 2016;INTEL (R) CORE (TM) I5-4690 CPU @ 3.50 GHz (4 CPU's), ~3.5GHz;ECS;H81H3-M4;8;1000;MECANICO;No;LG;FLATRON E2041;1616;3633;740881870159;FUJITSU ;KB410 K;1594;3126;740895000252;
47;06/06/2023;LIMA;LIMA;LURIN;150119;PC;MUNICIPAL;UNIDAD FUNCIONAL DE IMAGEN;GRAU;MLALCALDIA04;;1609;3637;740899500052;OPERATIVO;WIN 10 PRO;;;OFFICE 2016;INTEL (R) CORE (TM) I5-8500T CPU @ 2.10 GHz (6 CPU's), ~2.1GHz;GIGABYTE;H310M H 2.0;16;1000;MECANICO;NO;AOC;E970SW;1577;3106;740880370144;FUJITSU;KB410 K;1583;3107;740895000254;
48;06/06/2023;LIMA;LIMA;LURIN;150119;PC;MUNICIPAL;UNIDAD FUNCIONAL DE IMAGEN;GRAU;MLIMAGEN06;;1587;3111;740899500053;OPERATIVO;WIN 10 PRO;;;OFFICE 2016;INTEL (R) CORE (TM) I5-8500 CPU @ 3.00 GHz (6 CPU's), ~3.0GHz;GIGABYTE;H310M H 2.0;16;1000;MECANICO;NO;SAMSUNG;SYNCMASTER 206BW;1299;2801;740881870059;MICROSOFT;WIRED KEYBOARD 600;1617;3634;740895000256;
49;06/06/2023;LIMA;LIMA;LURIN;150119;PC;MUNICIPAL;UNIDAD FUNCIONAL DE IMAGEN;GRAU;MLIMAGEN04;;1592;3123;740899500203;OPERATIVO;WIN 10 PRO;;;OFFICE 2016;INTEL (R) CORE (TM) I7-7700 CPU @ 3.60 GHz (8 CPUs), ~3.6GHz;FUJITSU ;ESPRIMO D556/2;8;2000;MECANICO;NO;DELL;E2216H;1593;;740880370032;FUJITUS;KB410 K;;3119;740895000253;
50;06/06/2023;LIMA;LIMA;LURIN;150119;PC;MUNICIPAL;GERENCIA MUNICIPAL;GRAU;MLGEM02;744;1738;5113;740899500420;OPERATIVO;WIN 10 PRO;;;OFFICE 2016;INTEL (R) CORE (TM) I5-7500 CPU @ 3.40 GHz (4 CPU's), ~3.4GHz;GIGABYTE;B250M-DS3H;8;1000;MECANICO;NO;LENOVO;THINKVISION;;2619;746461240038;LOGITECH;K120;;;;
51;06/06/2023;LIMA;LIMA;LURIN;150119;PC;MUNICIPAL;GESTORES DE COBRANZA;GRAU;MLGESCOB05;1373;0699;2508;740899500429;OPERATIVO;WIN 10 PRO;;;OFFICE 2016;INTEL (R) CORE (TM) I3-4160 CPU @ 3.60GHz (4 CPU's), ~3.6GHz;TO BE FILLED BY O.E.M;TO BE FILLED BY O.E.M;8;1000;MECANICO;NO;LG;FLATRON W1943SB;;3197;74088187002;MICROSOFT;WIRED KEYBOARD 600;0321;3652;740895000129;
52;06/06/2023;LIMA;LIMA;LURIN;150119;PC;MUNICIPAL;GESTORES DE COBRANZA;GRAU;MLGESCOB03;;;3391;740899500160;OPERATIVO;WIN 10 PRO;;;OFFICE 2016;INTEL (R) CORE (TM) I5-8400 CPU @ 2.80GHz (6 CPU's), ~2.8GHz;LENOVO;10TXS09K00;4;1000;MECANICO;NO;LENOVO;THINKVISION;;3392;740880370116;DELL;KB522;;;;
53;06/06/2023;LIMA;LIMA;LURIN;150119;PC;MUNICIPAL;GESTORES DE COBRANZA;GRAU;MLGESCOB01;;;3677;740899500162;OPERATIVO;WIN 10 PRO;;;OFFICE 2016;INTEL (R) CORE (TM) I5-3470 CPU @ 3.20GHz (4 CPU's), ~3.2GHz;LENOVO;32091CQ9;;250;MECANICO;NO;LENOVO;THINKVISION;;3397;740880370148;LENOVO;KU-0225;;3398;740895000096;
54;06/06/2023;LIMA;LIMA;LURIN;150119;PC;MUNICIPAL;GESTORES DE COBRANZA;GRAU;MLGESCOB04;;;3270;740899500161;OPERATIVO;WIN 10 PRO;;;OFFICE 2016;INTEL (R) CORE (TM) I5-3470 CPU @ 3.20GHz (4 CPU's), ~3.2GHz;LENOVO;9SKT39AUS;4;500;MECANICO;NO;LENOVO;L197WA;;3271;740880370137;LENOVO;KU-0225;;3272;740895000091;
55;06/06/2023;LIMA;LIMA;LURIN;150119;LAPTOP;MUNICIPAL;GESTORES DE COBRANZA;GRAU;MLGESCOB06;0424;0046;3476;740805000023;OPERATIVO;WIN 10 PRO;;;OFFICE 2019;INTEL (R) CORE (TM) I5-7200 CPU @ 2.50GHz (4 CPU's), ~2.7GHz;HP;PROBOOK 440 G4;8;1000;MECANICO;NO;;;;;;;;;;;
56;06/06/2023;LIMA;LIMA;LURIN;150119;PC;MUNICIPAL;SUBGERENCIA DE REGISTRO, RECAUDACION Y ORIENTACION AL CONTRIBUYENTE (CAMPO);GRAU;MLGESCOB02;;0253;3238;740899500186;OPERATIVO;WIN 10 PRO;;;OFFICE 2016;INTEL (R) CORE (TM) I7-7700 CPU @ 3.60 GHz (8 CPUs), ~3.6GHz;FUJITSU;ESPRIMO D556/2;8;1250;MECANICO;NO;DELL;E1910C;;3863;740880370157;FUJITSU;KB410 K;0255;3240;740895000153;
57;06/06/2023;LIMA;LIMA;LURIN;150119;PC;MUNICIPAL;SUBGERENCIA DE GESTION DOCUMENTARIA, ARCHIVO Y ATENCION AL CIUDADANO;GRAU;MLRENT09;;;3672;740899500176;OPERATIVO;WIN 10 PRO;;;OFFICE 2016;INTEL (R) CORE (TM) I5-3470 CPU @ 3.20GHz (4 CPU's), ~3.2GHz;LENOVO;3209CQ6;4;500;MECANICO;NO;LG;LED 20M45;1109;;;HP;KU-1156;;;;
58;06/06/2023;LIMA;LIMA;LURIN;150119;PC;MUNICIPAL;SUBGERENCIA DE EJECUTORIA COACTIVA;GRAU;MLCOAC07;;0414;3297;740899500164;OPERATIVO;WIN 10 PRO;;;OFFICE 2016;INTEL (R) CORE (TM) I7-7700 CPU @ 3.60 GHz (8 CPUs), ~3.6GHz;FUJITSU;ESPRIMO D556/2;8;1000;MECANICO;NO;LENOVO;THINKVISION;0415;3299;740881870163;FUJITSU ;KB410 K;0419;3298;740895000072;
59;06/06/2023;LIMA;LIMA;LURIN;150119;PC;MUNICIPAL;SUBGERENCIA DE EJECUTORIA COACTIVA;GRAU;MLCOAC03;;0381;;740899500450;OPERATIVO;WIN 10 PRO;;;OFFICE 2016;INTEL (R) CORE (TM) I7-7700 CPU @ 3.60 GHz (8 CPUs), ~3.6GHz;FUJITSU;ESPRIMO D556/2;8;1000;MECANICO;NO;LENOVO;THINKVISION;0382;3812;740881870161;FUJITSU;KB410 K;;3819;740895000071;
60;06/06/2023;LIMA;LIMA;LURIN;150119;PC;MUNICIPAL;SUBGERENCIA DE EJECUTORIA COACTIVA;GRAU;MLCOAC04;0942;0396;3840;740899500027;OPERATIVO;WIN 7 ULT;;;OFFICE 2016;INTEL (R) CORE (TM) 2 DUO CPU E4400 @ 2.00 GHz (2CPUs) , ~2.0GHz;INTEL;D946GZIS;2;150;MECANICO;NO;SAMSUNG;SYNCMASTER 931BW;3624;0807;740881870052;MICROSOFT;WIRED KEYBOARD 600;0410;;740895000133;
61;06/06/2023;LIMA;LIMA;LURIN;150119;PC;MUNICIPAL;SUBGERENCIA DE EJECUTORIA COACTIVA;GRAU;MLCOAC01;;;3817;740899500163;OPERATIVO;WIN 10 PRO;;;OFFICE 2016;INTEL (R) CORE (TM) I7-7700 CPU @ 3.60 GHz (8 CPUs), ~3.6GHz;FUJITSU;ESPRIMO D556/2;8;2000;MECANICO;NO;DELL;E2216H;;3818;740880370142;MICROSOFT;WIRED KEYBOARD 600;0383;3813;740895000131;
62;06/06/2023;LIMA;LIMA;LURIN;150119;PC;MUNICIPAL;SUBGERENCIA DE EJECUTORIA COACTIVA;GRAU;MLCOAC02;;;3834;740899500148;OPERATIVO;WIN 10 PRO;;;OFFICE 2016;INTEL (R) CORE (TM) I5-8400 CPU @ 2.80GHz (6 CPU's), ~2.8GHz;LENOVO;10TXS09K00;4;1000;MECANICO;NO;LENOVO;THINKVISION;;3835;740880370127;LENOVO;SK-8827;;3836;740895000095;
63;06/06/2023;LIMA;LIMA;LURIN;150119;PC;MUNICIPAL;SUBGERENCIA DE EJECUTORIA COACTIVA;GRAU;MLCOAC05;0950;0408;3281;740899500140;OPERATIVO;WIN 7 ULT;;;OFFICE 2016;INTEL (R) CORE (TM) 2 DUO CPU E7500 @ 2.93 GHz (2CPUs) , ~2.9GHz;O.E.M;O.E.M;2;500;MECANICO;NO;HP;LV1911;;;;MICROSOFT;WIRED KEYBOARD 600;0388;3842;740895000130;
64;06/06/2023;LIMA;LIMA;LURIN;150119;PC;MUNICIPAL;SUBGERENCIA DE EJECUTORIA COACTIVA;GRAU;MLCOAC06;0829;0007;0015;740899500237;OPERATIVO;WIN 7 ULT;;;OFFICE 2016;INTEL (R) PENTIUM (R) DUAL CPU E2180 @ 2.00GHz (2 CPUs), ~2.0GHz;INTEL;DG41RQ;4;500;MECANICO;NO;AOC;E970SW;0020;;740880370154;GENIUS;K639;0296;3282;740895000199;
65;06/06/2023;LIMA;LIMA;LURIN;150119;PC;MUNICIPAL;SUBGERENCIA DE REGISTRO, RECAUDACION Y ORIENTACION AL CONTRIBUYENTE;GRAU;MLRECA05;;0033;3406;740899500390;OPERATIVO;WIN 10 PRO;;;OFFICE 2016;INTEL (R) CORE (TM) I5-4690 CPU @ 3.50 GHz (4 CPU's), ~3.5GHz;ASUS;ALL SERIES;8;1000;MECANICO;NO;LG;LED 20M45;0038;3407;740880370048;LENOVO;KU-0225;;3771;740895000099;
66;06/06/2023;LIMA;LIMA;LURIN;150119;PC;MUNICIPAL;SUBGERENCIA DE REGISTRO, RECAUDACION Y ORIENTACION AL CONTRIBUYENTE;GRAU;MLRECA06;;;;740899500185;OPERATIVO;WIN 10 PRO;;;OFFICE 2016;INTEL (R) CORE (TM) I7-4770 CPU @ 3.40 GHz (8 CPU's), ~3.4GHz;GIGABYTE;H97M-D3H;8;1000;MECANICO;NO;LG;FLATRON E2051;;;740880370164;MICROSOFT;WIRED KEYBOARD 600;0039;3408;740895000128;
67;06/06/2023;LIMA;LIMA;LURIN;150119;PC;MUNICIPAL;SUBGERENCIA DE REGISTRO, RECAUDACION Y ORIENTACION AL CONTRIBUYENTE;GRAU;MLRECA09;;;3430;740899500184;OPERATIVO;WIN 10 PRO;;;OFFICE 2016;INTEL (R) CORE (TM) I5-3470 CPU @ 3.20GHz (4 CPU's), ~3.2GHz;LENOVO;3209CQ6;4;500;MECANICO;NO;DELL;E1910C;;3431;740880370163;DELL;SK-8115;;3432;740895000147;
68;06/06/2023;LIMA;LIMA;LURIN;150119;PC;MUNICIPAL;SUBGERENCIA DE REGISTRO, RECAUDACION Y ORIENTACION AL CONTRIBUYENTE;GRAU;MLRECA08;;;;740899500181;OPERATIVO;WIN 10 PRO;;;OFFICE 2016;INTEL (R) CORE (TM) I5-3470 CPU @ 3.20GHz (4 CPU's), ~3.2GHz;LENOVO;3209CQ6;4;500;MECANICO;NO;LENOVO;THINKVISION;;3770;740880370161;DELL;ET7D50;;;740895000061;
69;06/06/2023;LIMA;LIMA;LURIN;150119;PC;MUNICIPAL;SUBGERENCIA DE REGISTRO, RECAUDACION Y ORIENTACION AL CONTRIBUYENTE;GRAU;MLRECA10;;;3425;740899500182;OPERATIVO;WIN 10 PRO;;;OFFICE 2016;INTEL (R) CORE (TM) I5-3470 CPU @ 3.20GHz (4 CPU's), ~3.2GHz;LENOVO;3209CQ6;4;500;MECANICO;NO;LENOVO;THINKVISION;;3426;740880370162;LENOVO;SK-8825;;3427;740895000100;
70;06/06/2023;LIMA;LIMA;LURIN;150119;PC;MUNICIPAL;SUBGERENCIA DE REGISTRO, RECAUDACION Y ORIENTACION AL CONTRIBUYENTE;GRAU;MLRECA01;0606;0060;3874;740899500419;OPERATIVO;WIN 10 PRO;;;OFFICE 2016;INTEL (R) CORE (TM) I5-7500 CPU @ 3.40 GHz (4 CPU's), ~3.4GHz;GIGABYTE;B250M-DS3H;8;1000;MECANICO;NO;DELL;E2216H;0254;3239;740881870010;BENQ;;0056;3684;740895000183;
71;06/06/2023;LIMA;LIMA;LURIN;150119;PC;MUNICIPAL;SUBGERENCIA DE REGISTRO, RECAUDACION Y ORIENTACION AL CONTRIBUYENTE;GRAU;MLRECA04;;0222;3411;740899500168;OPERATIVO;WIN 10 PRO;;;OFFICE 2016;INTEL (R) CORE (TM) I7-4770 CPU @ 3.40 GHz;ASUS;ALL SERIES;8;500;MECANICO;NO;LG;19M37A-B;0034;;740880370102;MICROSOFT;WIRED KEYBOARD 600;;;740895000033;
72;06/06/2023;LIMA;LIMA;LURIN;150119;PC;MUNICIPAL;SUBGERENCIA DE REGISTRO, RECAUDACION Y ORIENTACION AL CONTRIBUYENTE;GRAU;MLRENT08;0371;;;740805000024;OPERATIVO;WIN 10 PRO;;;OFFICE 2016;INTEL (R) CORE (TM) I5-7200 CPU @ 2.50GHz (4 CPU's), ~2.71GHz;HP;HP PROBOOK 440 G4;8;1000;MECANICO;NO;;;;;;;;;;;
73;06/06/2023;LIMA;LIMA;LURIN;150119;PC;MUNICIPAL;GERENCIA DE ADMINISTRACION TRIBUTARIA ;GRAU;MLRENT01;0659;0173;3868;740899500356;OPERATIVO;WIN 10 PRO;;;OFFICE 2016;INTEL (R) CORE (TM) I3-4160 CPU @ 3.60GHz (4 CPU's), ~3.6GHz;ECS;B85H3-M;4;1000;MECANICO;NO;LG;20M47A-B;0174;3869;740880370070;MICROSOFT;WIRED KEYBOARD 600;0175;3870;740895000137;
74;06/06/2023;LIMA;LIMA;LURIN;150119;PC;MUNICIPAL;GERENCIA DE ADMINISTRACION TRIBUTARIA ;GRAU;MLRENT07;;;;740899500377;OPERATIVO;WIN 10 PRO;;;OFFICE 2016;INTEL (R) CORE (TM) I3-4160 CPU @ 3.60GHz (4 CPU's), ~3.6GHz;ECS;B85H3-M;4;1000;MECANICO;NO;LENOVO ;E2054A;;0646;;DELL;SK-8115;;2822;740895000251;
75;06/06/2023;LIMA;LIMA;LURIN;150119;PC;MUNICIPAL;GERENCIA DE ADMINISTRACION TRIBUTARIA ;GRAU;MLRENT02;1903;3557;0789;740899500074;OPERATIVO;WIN 10 PRO;;;OFFICE 2016;INTEL (R) CORE (TM) I3-2120 CPU @ 3.30GHz;TO BE FILLED O.E.M;TO BE FILLED O.E.M;4;1000;MECANICO;NO;LG;FLATRON E2051;;;740880370131;LENOVO;SK-8825;;3500;740895000089;
76;06/06/2023;LIMA;LIMA;LURIN;150119;PC;MUNICIPAL;GERENCIA DE ADMINISTRACION TRIBUTARIA ;GRAU;MLRENT04;0621;;;740899500391;OPERATIVO;WIN 10 PRO;;;OFFICE 2016;INTEL (R) CORE (TM) I5-4690 CPU @ 3.50 GHz (4 CPU's), ~3.5GHz;ECS;H81H3-M4;8;1000;MECANICO;NO;LG;19M37A-B;;3875;740880370103;VASTEC;KEQ-012;0066;3876;740895000427;
77;06/06/2023;LIMA;LIMA;LURIN;150119;PC;MUNICIPAL;GERENCIA DE ADMINISTRACION TRIBUTARIA ;GRAU;MLRENT03;;;3243;740899500180;OPERATIVO;WIN 10 PRO;;;OFFICE 2016;INTEL (R) CORE (TM) I7-7700 CPU @ 3.60 GHz (8 CPUs), ~3.6GHz;FUJITSU;ESPRIMO D556/2;8;1500;MECANICO;NO;DELL;E2216H;;3244;740880370158;FUJITSU;KB410 K;;3245;740895000341;
78;06/06/2023;LIMA;LIMA;LURIN;150119;PC;MUNICIPAL;SUBGERENCIA DE TESORERIA - CAJA;GRAU;MLVENT12;1113;0461;;740899500339;OPERATIVO;WIN 10 PRO;;;OFFICE 2016;INTEL (R) CORE (TM) I3-4160 CPU @ 3.60GHz (4 CPU's), ~3.6GHz;ECS;B85H3-M;4;1000;MECANICO;NO;LG;19M37A-B;3980;3726;740880370109;MICROSOFT;WIRED KEYBOARD 600;3981;3725;;
79;06/06/2023;LIMA;LIMA;LURIN;150119;PC;MUNICIPAL;SUBGERENCIA DE TESORERIA - CAJA;GRAU;MLVENT13;0171;3975;3729;740899500399;OPERATIVO;WIN 07 PRO;;;OFFICE 2016;INTEL (R) CORE (TM) I5-4690 CPU @ 3.50 GHz (4 CPU's), ~3.5GHz;ECS;H81H3-M4;8;1000;MECANICO;NO;LG;LED 20M45;;1456;740880370058;MICROSOFT;WIRED KEYBOARD 600;;1684;740895000134;
80;06/06/2023;LIMA;LIMA;LURIN;150119;PC;MUNICIPAL;SUBGERENCIA DE TESORERIA - CAJA;GRAU;MLVENT14;0179;3965;1682;740899500398;OPERATIVO;WIN 10 PRO;;;OFFICE 2016;INTEL (R) CORE (TM) I5 CPU @ 3.33 GHz;GIGABYTE;H55M-S2H;2;1000;MECANICO;NO;HP;LV1911;;;;GENIUS ;KB-M200;1364;3167;;
81;06/06/2023;LIMA;LIMA;LURIN;150119;PC;MUNICIPAL;SUBGERENCIA DE TESORERIA - CAJA;GRAU;MLVENT15;0169;3979;3724;;OPERATIVO;WIN 10 PRO;;;OFFICE 2016;INTEL (R) CORE (TM) I5-4690 CPU @ 3.50 GHz (4 CPU's), ~3.5GHz;ECS;H81H3-M4;8;200;MECANICO;NO;LG;19M37A-B;3976;3730;740880370111;MICROSFOT;WIRED KEYBOARD 600;3977;3731;740895000135;
82;06/06/2023;LIMA;LIMA;LURIN;150119;PC;MUNICIPAL;GERENCIA MUNICIPAL - ASESORES;GRAU;MLGEM01;;;2618;740899500173;OPERATIVO;WIN 11 PRO;;;OFFICE 2016;INTEL (R) CORE (TM) I5-8400 CPU @ 2.80GHz (6 CPU's), ~2.8GHz;LENOVO;10TXS09K00;4;1000;MECANICO;NO;LG;FLATRON W1943SB;1264;2484;740881870036;MICROSFOT;WIRED KEYBOARD 600;1740;5115;740895000242;
83;06/06/2023;LIMA;LIMA;LURIN;150119;PC;MUNICIPAL;SUBGERENCIA DE REGISTRO, RECAUDACION Y ORIENTACION AL CONTRIBUYENTE;GRAU;MLRECA03;;;3390;740899500166;OPERATIVO;WIN 10 PRO;;;OFFICE 2016;INTEL (R) CORE (TM) I5-3470 CPU @ 3.20GHz (4 CPU's), ~3.2GHz;LENOVO;32092Q1;4;500;MECANICO;NO;HP;A5V72A;;;;LENOVO;KU-0225;;3864;740895000098;
84;06/06/2023;LIMA;LIMA;LURIN;150119;PC;MUNICIPAL;SUBGERENCIA DE REGISTRO, RECAUDACION Y ORIENTACION AL CONTRIBUYENTE;GRAU;MLRECA02;;0352;3401;740899500167;OPERATIVO;WIN 10 PRO;;;OFFICE 2016;INTEL (R) CORE (TM) I3-8300 CPU @ 3.70GHz (4 CPU's), ~3.7GHz;SYSTEM MANUFACTURER;SYSTEM PRODUCT NAME;16;1000;MECANICO;NO;LG;LED 20M45;0055;3683;740881870157;TEROS;TE-KM13;0355;3403;740895000141;
85;06/06/2023;LIMA;LIMA;LURIN;150119;PC;MUNICIPAL;SUB GERENCIA DE REGISTRO, RECAUDACION Y ORIENTACION AL CONTRIBUYENTE - VENTANILLA 11;GRAU;MLVENT11;0061;0298;3952;740899500392;OPERATIVO;WIN 10 PRO;;;OFFICE 2016;INTEL (R) CORE (TM) I5-4690 CPU @ 3.50 GHz (4 CPU's), ~3.5GHz;ECS;H81H3-M4;8;500;MECANICO;NO;LG;19M37A-B;0299;3953;740880370104;LOGITECH;K120;0309;;740895000151;
86;06/06/2023;LIMA;LIMA;LURIN;150119;PC;MUNICIPAL;SUB GERENCIA DE REGISTRO, RECAUDACION Y ORIENTACION AL CONTRIBUYENTE - VENTANILLA 10;GRAU;MLVENT10;;0302;3946;740899500194;OPERATIVO;WIN 10 PRO;;;OFFICE 2016;INTEL (R) CORE (TM) I7-7700 CPU @ 3.60 GHz (8 CPUs), ~3.6GHz;FUJITSU;ESPRIMO D556/2;8;1500;MECANICO;NO;LG;FLATRON E2051;;;740880370168;FUJITSU;KB410 K;0304;3947;740895000158;
87;06/06/2023;LIMA;LIMA;LURIN;150119;PC;MUNICIPAL;SUB GERENCIA DE REGISTRO, RECAUDACION Y ORIENTACION AL CONTRIBUYENTE - VENTANILLA 09;GRAU;MLVENT09;;;3498;740899500193;OPERATIVO;WIN 10 PRO;;;OFFICE 2016;INTEL (R) CORE (TM) I5-3470 CPU @ 3.20GHz;LENOVO;3209CQ6;4;500;MECANICO;NO;LG;19M37A-B;0295;;740880370105;MICROSOFT;WIRED KEYBOARD 600;;;740895000157;
88;06/06/2023;LIMA;LIMA;LURIN;150119;PC;MUNICIPAL;SUB GERENCIA DE REGISTRO, RECAUDACION Y ORIENTACION AL CONTRIBUYENTE - VENTANILLA 08;GRAU;MLVENT08;;;;740899500192;OPERATIVO;WIN 10 PRO;;;OFFICE 2016;INTEL (R) CORE (TM) I7-3770 CPU @ 3.40GHz;INTEL;DH61BF;8;500;MECANICO;NO;LENOVO;L197WA;;3499;740877000108;MICROSOFT;WIRED KEYBOARD 600;0300;3954;740895000159;
89;06/06/2023;LIMA;LIMA;LURIN;150119;PC;MUNICIPAL;SUBGERENCIA DE EJECUTORIA COACTIVA - VENTANILLA 07;GRAU;MLVENT07;;;;;OPERATIVO;WIN 7 ULT;;;OFFICE 2016;INTEL (R) CORE (TM) I7-4770 CPU @ 3.40 GHz (8 CPU's), ~3.4GHz;GIGABYTE;H97M-D3H;8;1000;MECANICO;NO;LG;FLATRON E2051;;;740880370167;BENQ;I150M;;0756;740895000174;
90;06/06/2023;LIMA;LIMA;LURIN;150119;PC;MUNICIPAL;GERENCIA DE DESARROLLO URBANO - VENTANILLA 06;GRAU;MLVENT01;1838;1466;3489;740899500190;OPERATIVO;WIN 7 ULT;;;OFFICE 2016;AMD SEMPRON (TM) 140 PROCESSOR, ~2.7GHz;GIGABYTE;GA-MA74GMT-S2;2;1000;MECANICO;NO;SAMSUNG;S19C150;1464;3490;740881870003;CYBERTEL;CYB K103;1465;3491;740895000108;
91;06/06/2023;LIMA;LIMA;LURIN;150119;PC;MUNICIPAL;GERENCIA DE DESARROLLO ECONOMICO - VENTANILLA 05;GRAU;MLVENT05;;1688;3911;740899500188;OPERATIVO;WIN 10 PRO;;;OFFICE 2016;INTEL (R) CORE (TM) I5-8500T CPU @ 2.10 GHz (6 CPU's), ~2.1GHz;GIGABYTE;H310 H 2.0;16;1000;MECANICO;NO;ADVANCE;ADV195TN;1689;;740877000030;LOGITECH;K120;1690;3912;740795000155;
92;06/06/2023;LIMA;LIMA;LURIN;150119;PC;MUNICIPAL;GERENCIA DE DESARROLLO ECONOMICO - VENTANILLA 04;GRAU;MLVENT04;0074;0307;3199;740899500389;OPERATIVO;WIN 10 PRO;;;OFFICE 2016;INTEL (R) CORE (TM) I5-4690 CPU @ 3.50 GHz (4 CPU's), ~3.5GHz;ECS;H81H3-M4;8;1000;MECANICO;NO;LENOVO;THINKVISION;2465;509;740881870184;BENQ;;1703;507;740895000102;
93;06/06/2023;LIMA;LIMA;LURIN;150119;PC;MUNICIPAL;SUBGERENCIA DE GESTION DOCUMENTARIA, ARCHIVO Y ATENCION AL CIUDADANO - VENTANILLA 03;GRAU;MLMESA02;2166;2389;1897;740899500394;OPERATIVO;WIN 10 PRO;;;OFFICE 2016;INTEL (R) CORE (TM) I5-4690 CPU @ 3.50 GHz (4 CPU's), ~3.5GHz;ECS;H81H3-M4;8;1000;MECANICO;NO;LG;FLATRON E1941;;;740881870083;FUJITSU ;KB410 K;0280;3904;740895000154;
94;06/06/2023;LIMA;LIMA;LURIN;150119;;MUNICIPAL;SUBGERENCIA DE GESTION DOCUMENTARIA, ARCHIVO Y ATENCION AL CIUDADANO - VENTANILLA 02;GRAU;;;;;;;;;;;;;;;;MECANICO;;DELL;E1916H;0278;3898;740880370166;;;;;;
95;06/06/2023;LIMA;LIMA;LURIN;150119;PC;MUNICIPAL;SUBGERENCIA DE GESTION DOCUMENTARIA, ARCHIVO Y ATENCION AL CIUDADANO - VENTANILLA 01;GRAU;MLVENT02;0436;1269;3897;740899500239;OPERATIVO;WIN 7 ULT;;;OFFICE 2016;PENTIUM (R) DUAL-CORE CPU E5700 @3.00 GHz (2CPUs), ~3.0GHz;INTEL;DG41W;2;500;MECANICO;NO;LENOVO;THINKVISION S22E-19;;4185;740880370285;GENIUS;;0341;3441;740895000331;
96;06/06/2023;LIMA;LIMA;LURIN;150119;;MUNICIPAL;VENTANILLA;GRAU;;;;;;;;;;;;;;;;MECANICO;;LG;FLATRON E2051;;;740880370169;;;;;;
97;06/06/2023;LIMA;LIMA;LURIN;150119;PC;MUNICIPAL;VENTANILLA;GRAU;;0028;0273;3902;740899500226;;;;;;;;;;;MECANICO;;;;;;;;;;;;
98;06/06/2023;LIMA;LIMA;LURIN;150119;PC;MUNICIPAL;VENTANILLA;GRAU;;0350;0403;3285;740899500141;;;;;;;;;;;MECANICO;;;;;;;FUJITSU;KB410 K;0398;3495;740895000156;
99;06/06/2023;LIMA;LIMA;LURIN;150119;;MUNICIPAL;VENTANILLA;GRAU;;;;;;;;;;;;;;;;MECANICO;;BENQ;T5IWA;0387;3831;740881870005;;;;;;
100;06/06/2023;LIMA;LIMA;LURIN;150119;PC;MUNICIPAL;SUBGERENCIA DE PLANEAMIENTO Y MODERNIZACION;GRAU;MLPRES01;1043;0669;2880;740899500366;OPERATIVO;WIN 10 PRO;;;OFFICE 2016;I3-4160 CPU@3.60;ECS;B85H3-M;4;1000;MECANICO;NO;HP;185LM00019;;2928;740880370139;MICROSOFT;1576;4101;2929;740895000290;
101;06/06/2023;LIMA;LIMA;LURIN;150119;PC;MUNICIPAL;SUBGERENCIA DE PLANEAMIENTO Y MODERNIZACION;GRAU;MLPLATAFORMA10;0043;0284;2784;740899500068;OPERATIVO;WIN 07 PRO;;;OFFICE 2016;I3-3240 CPU@3.40;GIGABYTE TECHNOLOGY CO LTD;TO BE  FILLED BY O.E.M;4;500;MECANICO;NO;SAMSUNG;S19D300NY;1479;2771;740880370313;HALION;;1480;2772;740895000001;
102;06/06/2023;LIMA;LIMA;LURIN;150119;PC;MUNICIPAL;SUBGERENCIA DE PLANEAMIENTO Y MODERNIZACION;GRAU;MLPRESUPUESTO15;;8694;2911;740899500139;OPERATIVO;WIN 10 PRO;;;OFFICE 2016;I3-2120 CPU@3.30;TO  BE  FILLED  BY  O.E.M;TO BE FILLED  BY O.E.M;4;500;MECANICO;NO;LG ;43SI;2095;1858;740880370038;GENIUS;K639;3590;0821;740895000321;
103;06/06/2023;LIMA;LIMA;LURIN;150119;PC;MUNICIPAL;SUBGERENCIA DE OBRAS PRIVADAS, CATASTRO Y HABILITACIONES URBANAS;GRAU;MLURBANO03;1804;1393;2644;740899500334;OPERATIVO;WIN 8.1;;;OFFICE 2013;I7-4790 CPU@3.60;ECS;H81H3-M4;8;1000;MECANICO;SI;SAMSUNG;S20D300NH;1394;2645;740877000075;ENKORE;ENT500;1395;2646;740895000005;
104;06/06/2023;LIMA;LIMA;LURIN;150119;PC;MUNICIPAL;SUBGERENCIA DE OBRAS PRIVADAS, CATASTRO Y HABILITACIONES URBANAS;GRAU;MLURBANO04;;1434;2670;740899500170;OPERATIVO;WIN 10 PRO;;;OFFICE 2019;I5-4690 CPU@3.50;ECS;H81H3-M4;8;1000;MECANICO;NO;SAMSUNG;S20D300NH;;;;HALLION;;;2672;;
105;06/06/2023;LIMA;LIMA;LURIN;150119;PC;MUNICIPAL;SUBGERENCIA DE GESTION DE RECURSOS HUMANOS;GRAU;MLASEPRO02;;;0221;740899500213;OPERATIVO;WIN 10 PRO;;;OFFICE 2016;I5-8400 CPU@2.80;LENOVO;10TXS09K00;4;1000;MECANICO;SI;LG;20M45A-B;0579;2573;740881870031;MICROSOFT;1576;0580;2572;740895000296;
106;06/06/2023;LIMA;LIMA;LURIN;150119;PC;MUNICIPAL;SUBGERENCIA DE GESTION DE RECURSOS HUMANOS;GRAU;MLRECURSOS02;;0575;2547;740899500088;OPERATIVO;WIN 7 ULT;;;OFFICE 2013;PENTIUM  DUAL CORE CPU E5700@3.00;INTEL;DG41WV;4;500;MECANICO;NO;LG;19M37A;0576;2549;740880370119;MICROSOFT;1576;0594;2566;740895000297;
107;06/06/2023;LIMA;LIMA;LURIN;150119;PC;MUNICIPAL;SUBGERENCIA DE GESTION DE RECURSOS HUMANOS;GRAU;MLRECURSOS04;0429;0592;2567;740899500406;OPERATIVO;WIN 07 PRO;;;OFFICE 2016;I5-4690 CPU@3.50;ECS;H81H3-M4;4;1000;MECANICO;SI;LENOVO;A18215FS1;;2590;740880370113;GENIUS;K-639;1252;2709;740895000318;
108;06/06/2023;LIMA;LIMA;LURIN;150119;PC;MUNICIPAL;SUBGERENCIA DE GESTION DE RECURSOS HUMANOS;GRAU;MLRECURSOS06;;0578;2571;740899500367;OPERATIVO;WIN 7 ULT;;;OFFICE 2016;I3-4160 CPU@3.60;ECS;B85H3-M;8;1000;MECANICO;NO;ADVANCE;A-195MS;;;;LENOVO;SK-8827;;223;740895000042;
109;06/06/2023;LIMA;LIMA;LURIN;150119;PC;MUNICIPAL;SUBGERENCIA DE GESTION DE RECURSOS HUMANOS;GRAU;MLRECURSOS07;;0569;2579;740899500338;OPERATIVO;WIN 7 ULT;;;OFFICE 2016;I3-4160 CPU@3.60;ECS;B85H3-M;4;1000;MECANICO;NO;LG;20M47A;0583;2556;740880370083;MICROSOFT;1576;0588;;740895000294;
110;06/06/2023;LIMA;LIMA;LURIN;150119;PC;MUNICIPAL;SUBGERENCIA DE GESTION DE RECURSOS HUMANOS;GRAU;MLASEPRO01;;;0226;740899500225;OPERATIVO;WIN 10 PRO;;;OFFICE 2016;I5-8400 CPU@2.80;LENOVO;10TXS09K00;4;1000;MECANICO;NO;HP;HPN223;;3355;740881870164;LENOVO;SK8827;;0228;740895000050;
111;06/06/2023;LIMA;LIMA;LURIN;150119;PC;MUNICIPAL;GERENCIA DE PLANIFICACION Y PRESUPUESTO;GRAU; MLPRESUPUESTO03;0711;0682;2906;740899500146;OPERATIVO;WIN 07 PRO;;;OFFICE 2016;PENTIUM® DUALCORE CPU E5700@3.00;INTEL;DG41WV;4;150;MECANICO;NO;LG;20M47A-B;0705;2907;740880370081;MICROSOFT;1576;0684;2908;740895000288;
112;06/06/2023;LIMA;LIMA;LURIN;150119;PC;MUNICIPAL;GERENCIA DE PLANIFICACION Y PRESUPUESTO;GRAU;MLPRESUPUESTO02;;0688;2940;7408995000336;OPERATIVO;WIN 07 PRO;;;OFFICE 2016;INTEL 5-4690 CPU@3.50;ECS;B85H3-M;8;1000;MECANICO;NO;DELL;197FPF;0689;2941;740881870029;DELL;SK-8115;6690;2942;740895000060;
113;06/06/2023;LIMA;LIMA;LURIN;150119;PC;MUNICIPAL;GERENCIA DE PLANIFICACION Y PRESUPUESTO;GRAU;MLPRESUPUESTO10;;2112;1852;740899500295;OPERATIVO;WIN 10 PRO;;;OFFICE 2016;I3-4160 CPU@3.60;GBT;H81M-S1;8;1000;MECANICO;NO;LG;20M45A54;0695;2912;740880370057;MICROSOFT;1576;0696;2913;740895000119;
114;06/06/2023;LIMA;LIMA;LURIN;150119;PC;MUNICIPAL;GERENCIA DE PLANIFICACION Y PRESUPUESTO;GRAU;MLPRESUPUESTO11;;4102;2927;740899500417;OPERATIVO;WIN 10 PRO;;;OFFICE 2016;I5-7500 CPU@3.40GHZ;GIGABYTE;B250M-D53H;8;1000;MECANICO;NO;DELL;E1916H;0665;2900;740880370315;FUJITSU;KB410K;666;2901;740895000289;
115;06/06/2023;LIMA;LIMA;LURIN;150119;PC;MUNICIPAL;SUBGERENCIA DE OBRAS PRIVADAS, CATASTRO Y HABILITACIONES URBANAS;GRAU;MLCATASTRO03;;;;740899500252;OPERATIVO;WIN 7 ULT;;;OFFICE 2016;2D-CPU E7400@2.80;INTEL;DG41RQ;2;500;MECANICO;NO;LG;20M45A-B;;2851;740880370065;BENQ;L100-P;1496;2363;740895000223;
116;06/06/2023;LIMA;LIMA;LURIN;150119;PC;MUNICIPAL;SUBGERENCIA DE OBRAS PRIVADAS, CATASTRO Y HABILITACIONES URBANAS;GRAU;MLCATASTRO04;1886;1543;2873;740899500440;OPERATIVO;WIN 7 ULT;;;OFFICE 2016;2DUO -CPU E4500@220;INTEL;DG31PR;2;250;MECANICO;NO;AOC;E2043FSK;1544;;740877000039;MICROSOFT;1366;1545;2875;740895000432;
117;06/06/2023;LIMA;LIMA;LURIN;150119;PC;MUNICIPAL;SUBGERENCIA DE OBRAS PRIVADAS, CATASTRO Y HABILITACIONES URBANAS;GRAU;MLCATASTRO09;1872;1529;2865;;OPERATIVO;WIN 7 ULT;;;OFFICE 2016;I5-4690 CPU @3.50;ECS;H81H3-M4;4;1000;MECANICO;SI;HP;HPLV1911;1530;2866;74088370145;MICROSOFT;1576;1531;2867;740895000241;
118;06/06/2023;LIMA;LIMA;LURIN;150119;PC;MUNICIPAL;SUBGERENCIA DE OBRAS PRIVADAS, CATASTRO Y HABILITACIONES URBANAS;GRAU;MLCATASTRO07;;1523;2384;740899500441;OPERATIVO;WIN 7 ULT;;;OFFICE 2016;I3-4160 CPU@3.60;ECS;B85H3-M;4;1000;MECANICO;SI;LG;20EN435-B;1536;2859;740877000098;LOGITECH;Y-U0009;1525;2386;740895000051;
119;06/06/2023;LIMA;LIMA;LURIN;150119;PC;MUNICIPAL;SUBGERENCIA DE OBRAS PRIVADAS, CATASTRO Y HABILITACIONES URBANAS;GRAU;MLHABILITACION03;1828;1474;2768;740899500386;OPERATIVO;WIN 10 PRO;;;OFFICE 2016;I7-4790 CPU@3.60;ECS;H81H3-M4;8;1000;MECANICO;SI;SAMSUNG;S20D300NH;0285;;740880370112;MICROSOFT;1576;;;740895000286;
120;06/06/2023;LIMA;LIMA;LURIN;150119;PC;MUNICIPAL;SUBGERENCIA DE OBRAS PRIVADAS, CATASTRO Y HABILITACIONES URBANAS;GRAU;MLHABILITACION05;1831;1461;2757;740899500067;OPERATIVO;WIN 07 PRO;;;OFFICE 2016;I3-4160 CPU@3.60;ECS;B85H3-M;4;1000;MECANICO;SI;LG;19M35A-B;1460;2756;740880370047;LENOVO;KB1021;1471;;740895000039;
121;06/06/2023;LIMA;LIMA;LURIN;150119;PC;MUNICIPAL;SUBGERENCIA DE PRESUPUESTO;GRAU;MLPRESUPUESTO05;;1874;1756;740899500402;OPERATIVO;WIN 10 PRO;;;OFFICE 2016;I5-7500 CPU@3.40;OEM;H110;8;500;MECANICO;NO;FUJITSU ;W2013;4105;2919;740880370059;FUJITSU;KB410K;4106;2920;740895000058;
122;06/06/2023;LIMA;LIMA;LURIN;150119;PC;MUNICIPAL;SUBGERENCIA DE PRESUPUESTO;GRAU;MLPRESUPUESTO09;;;;;OPERATIVO;WIN 10 PRO;;;OFFICE 2016;I7-4770 CPU@ 3.40;PACKARD HEWLEM;HP ELITE DESK 800G1 SFF;8;1000;MECANICO;NO;HP;HPLV1911;;;;DELL;KB522;;;;
123;06/06/2023;LIMA;LIMA;LURIN;150119;LAPTOP;MUNICIPAL;SUBGERENCIA DE PRESUPUESTO;GRAU;MLTECNOLOGIA09;;;2824;740805000001;OPERATIVO;WIN 7 ULT;;;OFFICE 2016;2DUO-CPU T9400@2.53GHZ;LENOVO;4356789;4;1000;MECANICO;NO;LG;20M45A-B;0683;2881;740880370055;LENOVO;SK-8825;;2887;740895000040;
124;06/06/2023;LIMA;LIMA;LURIN;150119;PC;MUNICIPAL;;GRAU;MLSECRETARIA06;;;2594;740899500195;OPERATIVO;WIN 10 PRO;;;OFFICE 2016;I5-8400 CPU@2.80;LENOVO;10TXS09K00;4;1000;MECANICO;SI;LENOVO;A18215FS1;;0222;740880370293;MICROSOFT;1576;0584;2555;740895000293;
125;06/06/2023;LIMA;LIMA;LURIN;150119;PC;MUNICIPAL;;GRAU;MLTURISMO03;;;;MTPE 18670;OPERATIVO;WIN 10 PRO;;;OFFICE 2016;I7-4770 CPU@3.40;HEWIETT PACKARD;HP ELITE DESK 800GT;8;1000;MECANICO;NO;HP;LV1911;;MTPE 09320;MTPE19063;DELL;KB522;;;19671MTPE;
126;06/06/2023;LIMA;LIMA;LURIN;150119;PC;MUNICIPAL;GERENCIA DE ASESORIA JURIDICA;GRAU;MLJURIDICA01;;;1988;740899500219;OPERATIVO;WIN 10 PRO;;;OFFICE 2016;I5-8400 CPU@2.80GHZ;LENOVO;10TXS09K00;4;1000;MECANICO;NO;LENOVO;A18215FS1;;1989;740880370290;LENOVO;SK-8827;;1990;740895000044;
127;06/06/2023;LIMA;LIMA;LURIN;150119;PC;MUNICIPAL;GERENCIA DE ASESORIA JURIDICA;GRAU;MLJURIDICA02;;;2623;740899500260;OPERATIVO;WIN 10 PRO;;;OFFICE 2016;I5-8400 CPU@2.80GHZ;LENOVO;10TXS09K00;4;1000;MECANICO;NO;LENOVO;A18215FS1;;2624;740880370279;LENOVO;SK-8827;;;740895000046;
128;06/06/2023;LIMA;LIMA;LURIN;150119;PC;MUNICIPAL;GERENCIA DE ASESORIA JURIDICA;GRAU;MLJURIDICA03;;;;740899500218;OPERATIVO;WIN 10 PRO;;;OFFICE 2016;I5-8400 CPU@2.80GHZ;LENOVO;10TXS09K00;4;1000;MECANICO;NO;LENOVO;A18215FS1;;2613;740880370175;LENOVO;SK-8827;;2614;740895000047;
129;06/06/2023;LIMA;LIMA;LURIN;150119;PC;MUNICIPAL;GERENCIA DE ASESORIA JURIDICA;GRAU;MLJURIDICA05;;;1974;740899500259;OPERATIVO;WIN 10 PRO;;;OFFICE 2016;I5-8400 CPU @2.80GHZ;LENOVO ;10TXS09K00;4;1000;MECANICO;NO;LENOVO;A18215FS1;;1975;740880370286;LENOVO;SK-8827;;1976;740895000043;
130;06/06/2023;LIMA;LIMA;LURIN;150119;PC;MUNICIPAL;GERENCIA DE ASESORIA JURIDICA;GRAU;MLJURIDICA06;;;1996;740899500260;OPERATIVO;WIN 10 PRO;;;OFFICE 2016;I5-8400 CPU @2.80GHZ;LENOVO ;10TXS09K00;4;1000;MECANICO;NO;LENOVO;A18215FS1;;1997;740880370281;LENOVO;SK-8827;;1998;740895000049;
131;06/06/2023;LIMA;LIMA;LURIN;150119;PC;MUNICIPAL;GERENCIA DE ASESORIA JURIDICA;GRAU;MLJURIDICA07;;;2628;740899500216;OPERATIVO;WIN 10 PRO;;;OFFICE 2016;I5-8400 CPU @2.80GHZ;LENOVO ;10TXS09K00;4;1000;MECANICO;NO;LENOVO;A18215FS1;;2629;747880370289;LENOVO;SK-8827;;2630;740895000045;
132;06/06/2023;LIMA;LIMA;LURIN;150119;PC;MUNICIPAL;SUBGERENCIA DE OBRAS PUBLICAS;GRAU;MLPUBLICAS01;;0742;3210;740899500427;OPERATIVO;WIN 10 PRO;;;OFFICE 2016;I7-7700CPU@3.60;GIGABYTE TECHNOLOGY;B250M-DS3H;8;500;MECANICO;SI;LG;20M47A;0760;3203;740880370080;MICROSOFT;1576;0767;2966;740895000274;
133;06/06/2023;LIMA;LIMA;LURIN;150119;PC;MUNICIPAL;SUBGERENCIA DE OBRAS PUBLICAS;GRAU;MLPUBLICAS03;;0729;2969;740899500425;OPERATIVO;WIN 10 PRO;;;OFFICE 2016;I7-7700 CPU@ 3.60;GIGABYTE TECHNOLOGY;B250M-DS3H;8;1000;MECANICO;SI;AOC;18SLM00019;0730;2970;740880370149;MICROSOFT;1576;0731;2971;740895000284;
134;06/06/2023;LIMA;LIMA;LURIN;150119;PC;MUNICIPAL;SUBGERENCIA DE OBRAS PUBLICAS;GRAU;MLPUBLICAS04;;0770;2690;740899500077;OPERATIVO;WIN 10 PRO;;;OFFICE 2016;2DUO-CPU E6550@2.33;;;4;1000;MECANICO;NO;AOC;185LM00019E970S;0802;2684;740880370147;MICROSOFT;1576;0803;2685;740895000171;
135;06/06/2023;LIMA;LIMA;LURIN;150119;PC;MUNICIPAL;SUBGERENCIA DE OBRAS PUBLICAS;GRAU;MLPUBLICAS 07;;0723;2978;740899500200;OPERATIVO;WIN 10 PRO;;;OFFICE 2016;I5-6600 CPU@3.30;GIGABYTE TECHNOLOGY;TO BE FILLED BY;8;1000;MECANICO;SI;SAMSUNG;LS19D300NY;0724;2779;740880370170;VASTEC;KEQ-02;0725;2980;740895000168;
136;06/06/2023;LIMA;LIMA;LURIN;150119;PC;MUNICIPAL;SUBGERENCIA DE ESTUDIOS Y PROYECTOS DE INVERSION;GRAU;MLPROYECTOS02;;0717;2984;740899500062;OPERATIVO;WIN 10 PRO;;;OFFICE 2016;I3-4130CPU@3.40;MSI;MS-7823;4;1000;MECANICO;SI;LG;20EN43SA;0718;2985;740880370051;MICROSOFT;1576;0778;2701;7408985000273;
137;06/06/2023;LIMA;LIMA;LURIN;150119;PC;MUNICIPAL;SUBGERENCIA DE ESTUDIOS Y PROYECTOS DE INVERSION;GRAU;MLURBANO05;;0751;3215;740899500064;OPERATIVO;WIN 10 PRO;;;OFFICE 2016;I7-7700 CPU@3.60;FIJITSU;ESPRIMO;8;500;MECANICO;NO;DELL;F2216H;0752;;740880370308;FUJITSU;KB410K;0753;3217;740895000280;
138;06/06/2023;LIMA;LIMA;LURIN;150119;PC;MUNICIPAL;SUBGERENCIA DE ESTUDIOS Y PROYECTOS DE INVERSION;GRAU;MLPROYECTOS04;;0735;2683;740899500426;OPERATIVO;WIN 10 PRO;;;OFFICE 2016;I7-7700 CPU@3.60;GIGABYTE TECHNOLOGY;B250M-DS3H;8;1000;MECANICO;SI;SAMSUNG;S19D300NI;0771;2691;740880370172;MICROSOFT;1576;0772;2692;740895000173;
139;06/06/2023;LIMA;LIMA;LURIN;150119;PC;MUNICIPAL;SUBGERENCIA DE ESTUDIOS Y PROYECTOS DE INVERSION;GRAU;MLPROYECTO03;;0759;3202;740899500198;OPERATIVO;WIN 10 PRO;;;OFFICE 2016;I5-6600CPU@3.30GHZ;GIGABYTE TECHNOLOGY;H110M-H;8;1000;MECANICO;SI;SAMSUNG;19C150F;0743;3208;740880370171;MICROSOFT;1576;0744;3209;740895000170;
140;06/06/2023;LIMA;LIMA;LURIN;150119;PC;MUNICIPAL;SUBGERENCIA DE ESTUDIOS Y PROYECTOS DE INVERSION;GRAU;MLPROYECTOS06;;0781;2946;740899500428;OPERATIVO;WIN 10 PRO;;;OFFICE 2016;I7-7700 CPU@3.60;GIGABYTE TECHNOLOGY;B250M-DS3H;8;1000;MECANICO;SI;SAMSUNG;S20D300NH;0782;2947;740880370309;MICROSOFT;1576;0783;2948;740895000281;
141;06/06/2023;LIMA;LIMA;LURIN;150119;PC;MUNICIPAL;SUBGERENCIA DE ESTUDIOS Y PROYECTOS DE INVERSION;GRAU;MLPROYECTOS03;;0765;2964;740899500442;OPERATIVO;WIN 7 ULT;;;OFFICE 2016;I3-4160 CPU@3.60;ECS;B85H3M;4;1000;MECANICO;NO;LG;20M45ASA;0766;2965;7408803753;MICROSOFT;1576;0761;3204;740895000167;
142;06/06/2023;LIMA;LIMA;LURIN;150119;PC;MUNICIPAL;SUBGERENCIA DE ESTUDIOS Y PROYECTOS DE INVERSION;GRAU;MLPROYECTOS08;;0790;;740899500065;OPERATIVO;WIN 10 PRO;;;OFFICE 2016;I7-7700 CPU @3.60;FUJITSU;ESPRIMO D556/2;8;1000;MECANICO;NO;DELL;E1916H;0791;2953;740880370310;FUJITSU;KB410K;0792;2954;740895000282;
143;06/06/2023;LIMA;LIMA;LURIN;150119;PC;MUNICIPAL;SUBGERENCIA DE ESTUDIOS Y PROYECTOS DE INVERSION;GRAU;MLPROYECTOS09;;0796;2957;740899500066;OPERATIVO;WIN 10 PRO;;;OFFICE 2016;I7-7700 CPU@3.60;FIJITSU;ESPRIMO D556/2;8;1000;MECANICO;NO;DELL;E1916H;0797;2958;740880370311;FUJITSU;KB410K;0798;2959;740895000283;
144;06/06/2023;LIMA;LIMA;LURIN;150119;PC;MUNICIPAL;SECRETARIA GENERAL;GRAU;MLSECRETARIA05;;;;740899500145;OPERATIVO;WIN 10 PRO;;;OFFICE 2016;CORE I5-8400;LENOVO;10TX509K00;4;1000;MECANICO;NO;LENOVO;A18215F51;;2500;740880370098;LENOVO;SK-8827;;2705;740895000161;
145;06/06/2023;LIMA;LIMA;LURIN;150119;PC;MUNICIPAL;SECRETARIA GENERAL;GRAU;MLSECRETARIA03;;1255;2714;740899500342;OPERATIVO;WIN 7 ULT;;;OFFICE 2016;INTEL CORE I5-4160;ECS;B85H3-M;4;250;MECANICO;NO;LG;20M45ASA;1256;;740880370060;VASTEC;KEQ-012;2096;;;
146;06/06/2023;LIMA;LIMA;LURIN;150119;PC;MUNICIPAL;SECRETARIA GENERAL;GRAU;MLSECRETARIA07;;;;740899500149;OPERATIVO;WIN 10 PRO;;;OFFICE 2016;INTEL CORE I5-8400;LENOVO;10TX509K00;4;1000;MECANICO;NO;LENOVO;A18215F51;;2722;740880370117;LENOVO;SK-8827;;2724;740895000162;
147;06/06/2023;LIMA;LIMA;LURIN;150119;PC;MUNICIPAL;SECRETARIA GENERAL;GRAU;MLSECRETARIA06;;;;;OPERATIVO;WIN 10 PRO;;;OFFICE 2016;INTEL CORE I3-8800;SYSTEM;;16;1000;MECANICO;NO;ADVANCE;A-195M5;;;;TEROS;TE-KM13;;;;
148;06/06/2023;LIMA;LIMA;LURIN;150119;PC;MUNICIPAL;SECRETARIA GENERAL;GRAU;MLSECRETARIA02;;1246;2708;740899500101;OPERATIVO;WIN 7 ULT;;;OFFICE 2016;INTEL CORE 2 DUO E7500;ECS;GHAT-M7;4;480;MECANICO;NO;SAMSUNG;SMB1930N;1251;2710;740881870108;LENOVO;SK-8827;;2789;740895000160;
149;06/06/2023;LIMA;LIMA;LURIN;150119;PC;MUNICIPAL;SUBGERENCIA DE LIMPIEZA PUBLICA Y MEDIO AMBIENTE;DEPOSITO;MLLIMPIEZA01;;2285;1218;740899500095;OPERATIVO;WIN 7 ULT;;;OFFICE 2016;PENTIAUN DUAL CORE E5700;INTEL;DG41WV;2;250;MECANICO;NO;AOC;19OLM00009;2286;1219;740881870023;GENIUS;K639;;;7408950000412;
150;06/06/2023;LIMA;LIMA;LURIN;150119;PC;ALQUILADA;GERENCIA DE SERVICIOS PUBLICOS Y GESTION AMBIENTAL;DEPOSITO;MLCOMUNALES05;;;;;OPERATIVO;WIN 10 PRO;;;OFFICE 2016;CORE I3-9100 CPU 3.6;MICRO STAR;MS-7609;8;1000;MECANICO;NO;TEROS;TE-3020N;;;740877000021;MICROSOFT;1576;;;740895000336;
151;06/06/2023;LIMA;LIMA;LURIN;150119;PC;MUNICIPAL;SUBGERENCIA DE LIMPIEZA PUBLICA Y MEDIO AMBIENTE;DEPOSITO;;;;;740899500355;INOPERATIVO;;;;;;;;;;MECANICO;;;;;;;;;;;;
152;06/06/2023;LIMA;LIMA;LURIN;150119;PC;MUNICIPAL;UNIDAD FUNCIONAL DE REGISTRO CIVIL;VIRREYNAS;MLRECIVIL01;;1796;1011;;OPERATIVO;WIN 10 PRO;;;OFFICE 2016;INTEL (R) CORE TM 2 DUO CPU E8400;;OPTIPLEX 755;2;250;MECANICO;NO;HP;LE1711;;1012;740881870122;LENOVO;SK8825;;1381;740895000010;
153;06/06/2023;LIMA;LIMA;LURIN;150119;PC;MUNICIPAL;SUBGERENCIA DE FISCALIZACION;VIRREYNAS;MLFISCALIZA24;;;1037;740899500155;OPERATIVO;WIN 10 PRO;;;OFFICE 2016;INTEL (R) CORE TM I7 - 9700CPU @3.00 GHZ;HP;859B;8;1000;MECANICO;NO;WIEW SONIC;V516217;0977;1517;740881870053;MICROSOFT;I576;882;1138;740895000230;
154;06/06/2023;LIMA;LIMA;LURIN;150119;PC;MUNICIPAL;SUBGERENCIA DE FISCALIZACION;VIRREYNAS;MLRECAUDACION20;;;;740899500134;OPERATIVO;WIN 10 PRO;;;OFFICE 2016;INTEL (R) CORE TM I7 - 7700CPU @3.60 GHZ;FUJITSU GHZ;D3430-U1;8;1000;MECANICO;NO;DELL ;E2216R;;1531;740880370050;MICROSOFT;1366;1044;4550;740895000118;
155;06/06/2023;LIMA;LIMA;LURIN;150119;PC;MUNICIPAL;SUBGERENCIA DE FISCALIZACION;VIRREYNAS;MLFISCALIZA02;;0880;1136;740899500414;;;;;;;;;;;MECANICO;;WIEW SONIC;V516217;0969;1542;740880370179;FUJITSU;KB410;;1518;740895000066;
156;06/06/2023;LIMA;LIMA;LURIN;150119;PC;MUNICIPAL;SUBGERENCIA DE FISCALIZACION ADMINISTRATIVA;VIRREYNAS;MLTRIBUTARIA01;;;;740899500039;OPERATIVO;WIN 10 PRO;;;OFFICE 2016;INTEL (R) CORE TM I5 - 4590CPU @3.30 GHZ;HEWLETT - PACKARD;18E9;4;500;MECANICO;NO;LG;19M37A;;1137;740880370133;GENIUS;K639;0275;2827;740895000032;
157;06/06/2023;LIMA;LIMA;LURIN;150119;PC;MUNICIPAL;SUBGERENCIA DE FISCALIZACION ADMINISTRATIVA;VIRREYNAS;MLFISCALIZA11;;1075;1065;740899500007;OPERATIVO;WIN 10 PRO;;;OFFICE 2016;PENTIUM (R) DUAL - CORE CPÚ E5700 @3.00 GHZ;INTEL;D641WV;2;1000;MECANICO;NO;DELL;E2216 H;;;740881870100;FUJITSU;KB410;;1532;740895000316;
158;06/06/2023;LIMA;LIMA;LURIN;150119;PC;MUNICIPAL;SUBGERENCIA DE FISCALIZACION ADMINISTRATIVA;VIRREYNAS;MLTRIBUTARIA04;;;;740899500171;OPERATIVO;WIN 10 PRO;;;OFFICE 2016;INTEL (R) CORE TM I3 - 4130CPU @3.40 GHZ;LENOVO;0B98401PRO;4;500;MECANICO;NO;LENOVO;2197WA;;1810;740880370316;HP;KU1469;;;740895000111;
159;06/06/2023;LIMA;LIMA;LURIN;150119;PC;MUNICIPAL;SUBGERENCIA DE FISCALIZACION ADMINISTRATIVA;VIRREYNAS;MLFISCALIZA18;;;1078;740899500024;OPERATIVO;WIN 10 PRO;;;OFFICE 2016;INTEL (R) CORE TM I5 - 8600CPU @3.10 GHZ;GIGABYTE;H310MH;16;1000;MECANICO;NO;LENOVO;A16215FTO;;1132;740877000008;;;;;;
160;06/06/2023;LIMA;LIMA;LURIN;150119;PC;MUNICIPAL;SUBGERENCIA DE FISCALIZACION ADMINISTRATIVA;VIRREYNAS;MLFISCALIZA28;;;;740899500451;OPERATIVO;WIN 10 PRO;;;OFFICE 2016;INTEL (R) CORE TM I5 - 3470CPU @3.20 GHZ;LENOVO;MAH0BAY;4;500;MECANICO;NO;LG;20M47A;1076;1066;740881870056;HP;KU-1469;;1049;740895000079;
161;06/06/2023;LIMA;LIMA;LURIN;150119;PC;MUNICIPAL;SUBGERENCIA DE FISCALIZACION ADMINISTRATIVA;VIRREYNAS;MLFISCALIZA25;;;1047;740899500022;OPERATIVO;WIN 10 PRO;;;OFFICE 2016;INTEL (R) CORE TM I7 - 9700CPU @300 GHZ;HP;859B;8;1000;MECANICO;NO;DELL;E2216H;;1117;740880370016;FUJITSU;KB410;;1297;740895000065;
162;06/06/2023;LIMA;LIMA;LURIN;150119;PC;ALQUILADA;SUBGERENCIA DE FISCALIZACION ADMINISTRATIVA;VIRREYNAS;MLFISCA01;;;;;OPERATIVO;WIN 10 PRO;;;OFFICE 2016;INTEL (R) CORE TM I3 - 3250CPU @3.50 GHZ;AIO;H61H-611;8;250;MECANICO;NO;HP;HP4244H;;;;MICRONITS;;;;;
163;06/06/2023;LIMA;LIMA;LURIN;150119;PC;MUNICIPAL;SUBGERENCIA DE FISCALIZACION TRIBUTARIA;VIRREYNAS;MLFISCALIZA13;;4025;1294;740899500118;OPERATIVO;WIN 10 PRO;;;OFFICE 2016;INTEL (R) CORE TM I7 - 7700CPU @3.60 GHZ;FUJITSU;D3430-U1;8;1000;MECANICO;NO;DELL;E2216H;4024;1296;740880370078;FUJITSU;KB410526381-H;0985;1526;740895000232;
164;06/06/2023;LIMA;LIMA;LURIN;150119;PC;MUNICIPAL;SUBGERENCIA DE FISCALIZACION TRIBUTARIA;VIRREYNAS;MLFISCALIZA15;;0968;1541;740899500025;OPERATIVO;WIN 10 PRO;;;OFFICE 2016;INTEL (R) CORE TM I5 - 8600CPU @3.10 GHZ;GIGABYTE;H310MH;16;1000;MECANICO;NO;LENOVO;A16215FTO;1066;1044;740881870068;FUJITSU;KB410;;1133;740895000217;
165;06/06/2023;LIMA;LIMA;LURIN;150119;PC;MUNICIPAL;SUBGERENCIA DE FISCALIZACION TRIBUTARIA;VIRREYNAS;MLFISCALIZA16;;;1555;740899500115;OPERATIVO;WIN 10 PRO;;;OFFICE 2016;INTEL (R) CORE TM I5 - 8600CPU @3.10 GHZ;GIGABYTE;H310MH;16;1000;MECANICO;NO;VIEW SONIC;V516217;1048;1557;740880370052;VOSTEC;KB62;1049;1558;740895000146;
166;06/06/2023;LIMA;LIMA;LURIN;150119;PC;MUNICIPAL;SUBGERENCIA DE FISCALIZACION TRIBUTARIA;VIRREYNAS;MLFISCALIZA04;;1059;1073;;OPERATIVO;WIN 10 PRO;;;OFFICE 2016;INTEL (R) CORE TM I7 - 7700CPU @3.60 GHZ;FUJITSU;D3430-U1;8;1000;MECANICO;NO;LENOVO;A16215FTO;;;740880370077;FUJITSU;KB410;;1118;740895000222;
167;06/06/2023;LIMA;LIMA;LURIN;150119;PC;MUNICIPAL;SUBGERENCIA DE FISCALIZACION TRIBUTARIA;VIRREYNAS;MLFISCALIZA17;;1516;;740899500119;OPERATIVO;WIN 10 PRO;;;OFFICE 2016;INTEL (R) CORE TM I5 - 8600CPU @3.10 GHZ;GIGABYTE;H310MH;16;1000;MECANICO;NO;LENOVO;A16215FTO;0984;1524;740881870039;MICRONICS;MC K601;;;;
168;06/06/2023;LIMA;LIMA;LURIN;150119;PC;MUNICIPAL;SUBGERENCIA DE FISCALIZACION TRIBUTARIA;VIRREYNAS;MLFISCALIZA22;;0989;;740899500264;OPERATIVO;WIN 10 PRO;;;OFFICE 2016;INTEL (R) CORE TM I5 - 4690CPU @3.50 GHZ;GIGABYTE;H81M-51;8;1000;MECANICO;NO;HP;HPN223;;1048;740880370044;FUJITSU;KB410;;1536;740895000064;
169;06/06/2023;LIMA;LIMA;LURIN;150119;PC;MUNICIPAL;SUBGERENCIA DE FISCALIZACION TRIBUTARIA;VIRREYNAS;MLFISCATRI04;;;;740899500063;OPERATIVO;WIN 10 PRO;;;OFFICE 2016;INTEL (R) CORE TM I3 - 4130CPU @3.40 GHZ;LENOVO;0B98401WIN;4;1000;MECANICO;NO;LG;W1943SI;;2502;740881870099;VASTEC;;1866;1744;740895000082;
170;06/06/2023;LIMA;LIMA;LURIN;150119;PC;MUNICIPAL;SUBGERENCIA DE FISCALIZACION TRIBUTARIA;VIRREYNAS;MLFISCATRI02;;;3293;740899500209;OPERATIVO;WIN 10 PRO;;;OFFICE 2016;INTEL (R) CORE TM 2 DUO CPU E8400 @3.00 GHZ;INTEL;DG31PR;1;250;MECANICO;NO;LENOVO;W20;3651;;740880370160;MICROSOFT;1366;;;740895000136;
171;06/06/2023;LIMA;LIMA;LURIN;150119;PC;MUNICIPAL;SUBGERENCIA DE CONTABILIDAD;VIRREYNAS;MLCONTABIL05;;1810;;740899500346;OPERATIVO;WIN 10 PRO;;;OFFICE 2016;INTEL CORE I3-4160;ECS;B85H3-M;4;1000;MECANICO;NO;LG;E1941ST;1811;1363;740881870086;MICROSOFT;1573;1812;1364;74895000319;
172;06/06/2023;LIMA;LIMA;LURIN;150119;PC;MUNICIPAL;SUBGERENCIA DE CONTABILIDAD;VIRREYNAS;MLCONTABIL07;;1821;;740899500102;OPERATIVO;WIN 7 ULT;;;OFFICE 2016;INTEL DUAL CPU E2180;INTEL;DG31PR;2;250;MECANICO;NO;SANSUMG;T32NPLUS;1822;1785;740881870124;FUJITSU;KB410;1773;;740895000313;
173;06/06/2023;LIMA;LIMA;LURIN;150119;PC;MUNICIPAL;SUBGERENCIA DE OBRAS PRIVADAS, CATASTRO Y HABILITACIONES URBANAS;VIRREYNAS;MLCASTASTRO01;;1506;2790;740899500248;OPERATIVO;WIN 10 PRO;;;OFFICE 2016;INTEL CORE I3-4100;INTEL;;8;1000;MECANICO;NO;DELL;F2216H;1443;2789;740880370312;FUJITSU;KB410;1445;2791;74895000285;
174;06/06/2023;LIMA;LIMA;LURIN;150119;PC;MUNICIPAL;ORGANO DE CONTROL INTSTITUCIONAL;VIRREYNAS;ML OCI 07;;;;;OPERATIVO;WIN 10 PRO;;;OFFICE 2016;INTEL (R) CORE (TM) I 7 -9700 CPU 8300 GHZ;GYGABITE ;H310 MM-22;8;1000;MECANICO;NO;DELL;E2222HS;;;740880370022;MASTER LINE;STMK1210557;;;;
175;06/06/2023;LIMA;LIMA;LURIN;150119;PC;MUNICIPAL;ORGANO DE CONTROL INTSTITUCIONAL;VIRREYNAS;ML OCI 03;;;;;OPERATIVO;WIN 10 PRO;;;OFFICE 2016;INTEL (R) CORE (TM) I 7 -9700 CPU 8300 GHZ;HEWLETT-PACKAND;HP ELITE DESK 800;8;1000;MECANICO;NO;DELL;E1910 C;;1380;740880370298;DELL;MVN:KB522;;;740895000237;
176;06/06/2023;LIMA;LIMA;LURIN;150119;PC;MUNICIPAL;ORGANO DE CONTROL INTSTITUCIONAL;VIRREYNAS;ML OCI 05;;;3374;740899500032;OPERATIVO;WIN 10 PRO;;;OFFICE 2016;INTEL (R) CORE (TM) I 7 -9700 CPU 8300 GHZ;HP;HP PRODESK 400;8;1000;MECANICO;NO;HP;HPN223;;3375;740880370049;HP;KU1469;;3376;;
177;06/06/2023;LIMA;LIMA;LURIN;150119;PC;MUNICIPAL;ORGANO DE CONTROL INTSTITUCIONAL;VIRREYNAS;ML OCI 06;;;1458;740899500324;OPERATIVO;WIN 10 PRO;;;OFFICE 2016;INTEL (R) CORE (TM) I 7 -9700 CPU 8300 GHZ;EC5;B8S H3-M;8;1000;MECANICO;NO;LG;20 M,4S ASA;NO;1387;;TEROS-WORR;SVDC;;;;
178;06/06/2023;LIMA;LIMA;LURIN;150119;PC;MUNICIPAL;ORGANO DE CONTROL INTSTITUCIONAL;VIRREYNAS;ML OCI 08;;;;;OPERATIVO;WIN 10 PRO;;;OFFICE 2016;INTEL (R) CORE (TM) I 7 -9700 CPU 8300 GHZ;GYGABYTE ;H310MM-22.0;8;1000;MECANICO;NO;DELL;E2222 HS;NO;NO;740881870050;MASTER LINE;K120;;;;
179;06/06/2023;LIMA;LIMA;LURIN;150119;PC;MUNICIPAL;ORGANO DE CONTROL INTSTITUCIONAL;VIRREYNAS;ML OCI 02;;;;740899500245;OPERATIVO;WIN 10 PRO;;;OFFICE 2016;INTEL (R) CORE (TM) I 7 -9700 CPU 8300 GHZ;HP;HP PRODESK 40066SFF;8;1000;MECANICO;NO;AOC;190ML00009;;1374;740880370023;LINE-69;1576;;1373;740895000235;
180;06/06/2023;LIMA;LIMA;LURIN;150119;PC;MUNICIPAL;ORGANO DE CONTROL INTSTITUCIONAL;VIRREYNAS;ML OCI 01;;;1461;740899500029;OPERATIVO;WIN 10 PRO;;;OFFICE 2016;INTEL (R) CORE (TM) I 7 -9700 CPU 8300 GHZ;ASUSTEK COMPUTER INC;H110M-H-D3;8;1000;MECANICO;NO;SAMSUNG;SI9F350HM;;1392;;MICROSOFT;NOTIEN;;1319;740895000332;
181;06/06/2023;LIMA;LIMA;LURIN;150119;LAPTOP;MUNICIPAL;SUBGERENCIA DE GESTION DOCUMENTARIA, ARCHIVO Y ATENCION AL CIUDADANO;VIRREYNAS;MLMESA03;;0211;;;OPERATIVO;WIN 10 PRO;;;OFFICE 2016;INTEL CORE I3-2328;HP;1854;4;1000;MECANICO;NO;LG;W19435I;2021;727;740881870016;MICROSOFT;1576;2391;0728;74895000163;
182;06/06/2023;LIMA;LIMA;LURIN;150119;PC;MUNICIPAL;SUBGERENCIA DE GESTION DOCUMENTARIA, ARCHIVO Y ATENCION AL CIUDADANO;VIRREYNAS;MLARCHIVO02;;3164;1891;740899500240;OPERATIVO;WIN 7 ULT;;;OFFICE 2016;INTEL DUAL CORE CPU E5800;INTEL;DG41WV;2;150;MECANICO;NO;AOC;185LM00019;2382;717;740880370143;MICROSOFT;1576;2383;0718;74895000164;
183;06/06/2023;LIMA;LIMA;LURIN;150119;PC;MUNICIPAL;SUBGERENCIA DE TRANSITO, TRANSPORTE Y SEGURIDAD VIAL;VIRREYNAS;MLTRANSPORTE07;;;1807;740899500132;OPERATIVO;WIN 10 PRO;;;OFFICE 2016;INTEL CORE I3-2170;ALASKA;A-14-I;2;1000;MECANICO;NO;LG;W19435B;;;740881870177;FUJITSU;KB410;4070;;740895000069;
184;06/06/2023;LIMA;LIMA;LURIN;150119;PC;MUNICIPAL;SUBGERENCIA DE TRANSITO, TRANSPORTE Y SEGURIDAD VIAL;VIRREYNAS;MLTRANSPORTE11;;1943;;740899500144;OPERATIVO;WIN 10 PRO;;;OFFICE 2016;INTEL CORE I7-7700;FUJITSU;ESPRIMO D556/2;8;1000;MECANICO;NO;LENOVO;A1621F10;;;740881870061;MICROSOFT;1576;1958;1600;740895000120;
185;06/06/2023;LIMA;LIMA;LURIN;150119;PC;MUNICIPAL;SUBGERENCIA DE TRANSITO, TRANSPORTE Y SEGURIDAD VIAL;VIRREYNAS;MLTRANSPORTE12;;4069;;740899500479;OPERATIVO;WIN 10 PRO;;;OFFICE 2016;INTEL CORE I7-7700;FUJITSU;ESPRIMO D556/2;8;1000;MECANICO;NO;DELL;E221617;1942;;740881870063;FUJITSU;KB410;;1809;740895000070;
186;06/06/2023;LIMA;LIMA;LURIN;150119;PC;MUNICIPAL;SUBGERENCIA DE TRANSITO, TRANSPORTE Y SEGURIDAD VIAL;VIRREYNAS;MLTRANSPORTE06;;;1598;740899500177;OPERATIVO;WIN 10 PRO;;;OFFICE 2016;INTEL CORE I5-7500;GIGABYTE;B250M-DS3;8;1000;MECANICO;NO;DELL;E221617;;1599;740880370085;FUJITSU;KB410;4066;1595;740895000069;
187;06/06/2023;LIMA;LIMA;LURIN;150119;PC;MUNICIPAL;SUBGERENCIA DE TRANSITO, TRANSPORTE Y SEGURIDAD VIAL;VIRREYNAS;MLTRANSPORTE01;;;4194;740899500150;OPERATIVO;WIN 10 PRO;;;OFFICE 2016;INTEL CORE I5-8400;LENOVO;3140;4;1000;MECANICO;NO;SAMSUNG;520D300VH;1953;1808;740881870046;VASTEC;R41163119;1911;;740895000402;
188;06/06/2023;LIMA;LIMA;LURIN;150119;PC;MUNICIPAL;SUBGERENCIA DE GESTION DEL RIESGO DE DESASTRE;VIRREYNAS;MLDEFENSA01;;;;740899500105;OPERATIVO;WIN 10 PRO;;;OFFICE 2016;INTEL OCRE I5-10400;DELL;VOSTRO 3181;8;1000;MECANICO;NO;DELL;E2020H;;;740880370317;DELL;KBS22;;;740895000058;
189;06/06/2023;LIMA;LIMA;LURIN;150119;PC;MUNICIPAL;SUBGERENCIA DE GESTION DEL RIESGO DE DESASTRE;VIRREYNAS;MLRIESGO05;;;;;OPERATIVO;WIN 10 PRO;;;OFFICE 2016;INTEL CORE I7-4770;HP;1998;8;1000;MECANICO;NO;HP;HPLV1911;;;;DELL;KB410;;;;
190;06/06/2023;LIMA;LIMA;LURIN;150119;PC;MUNICIPAL;SUBGERENCIA DE GESTION DEL RIESGO DE DESASTRE;VIRREYNAS;MLRIESGO01;;2438;;740899500354;OPERATIVO;WIN 10 PRO;;;OFFICE 2016;INTEL CORE I3-4160;ECS;B85H3-M;4;1000;MECANICO;NO;LG;W194351;1136;1266;740881870083;FUJITSU;KB216;1944;1267;;
191;06/06/2023;LIMA;LIMA;LURIN;150119;PC;MUNICIPAL;GERENCIA DE DESARROLLO ECONOMICO;VIRREYNAS;MLECONOMICO04;;;0379;;OPERATIVO;WIN 10 PRO;;;OFFICE 2016;INTEL CORE I3-4160;ECS;B85H3-M;4;1000;MECANICO;NO;SAMSUNG;519D300N4;;0371;740880370002;DELL;KB522;;;740895000194;
192;06/06/2023;LIMA;LIMA;LURIN;150119;PC;MUNICIPAL;GERENCIA DE DESARROLLO ECONOMICO;VIRREYNAS;MLECONOMICO10;;;;740895000001;OPERATIVO;WIN 10 PRO;;;OFFICE 2016;INTEL CORE I5-10400;DELL;VOSTRO 3181;8;1000;MECANICO;NO;DELL;E2020H;;;740880370024;DELL;;;;;
193;06/06/2023;LIMA;LIMA;LURIN;150119;PC;MUNICIPAL;GERENCIA DE DESARROLLO ECONOMICO;VIRREYNAS;MLTURISMO02;;;0516;740899500351;OPERATIVO;WIN 10 PRO;;;OFFICE 2016;INTEL CORE I3-6600;ECS;B85H3-M;6;1000;MECANICO;NO;SAMSUNG;519D300N4;2461;0517;740880370039;;KB410;;;;
194;06/06/2023;LIMA;LIMA;LURIN;150119;PC;MUNICIPAL;GERENCIA DE DESARROLLO ECONOMICO;VIRREYNAS;MLECONOMICO05;;2528;0390;740899500004;OPERATIVO;WIN 10 PRO;;;OFFICE 2016;INTEL CORE I5-6600;GIGABYTE;H110M-HDDD3;4;1000;MECANICO;NO;DELL;E2020H;;;740880370159;FUJITSU;E2020H;2518;0470;740895000197;
195;06/06/2023;LIMA;LIMA;LURIN;150119;PC;MUNICIPAL;GERENCIA DE DESARROLLO ECONOMICO;VIRREYNAS;MLECONOMICO08;;;;740899500003;OPERATIVO;WIN 10 PRO;;;OFFICE 2016;INTEL CORE I5-10400;DELL;VOSTRO 3181;8;1000;MECANICO;NO;DELL;KB2161;;;740895000198;DELL;KV1469;;;740880370001;
196;06/06/2023;LIMA;LIMA;LURIN;150119;PC;MUNICIPAL;GERENCIA DE DESARROLLO ECONOMICO;VIRREYNAS;MLRIES01;;;1059;740899500233;OPERATIVO;WIN 10 PRO;;;OFFICE 2016;INTEL CORE I7-9709;HP;859B;8;1000;MECANICO;NO;HP;HP223;;1060;740880370019;HP;;;1061;740895000231;
197;06/06/2023;LIMA;LIMA;LURIN;150119;PC;MUNICIPAL;GERENCIA DE SEGURIDAD CIUDADANA;POLIDEPORTIVO;MLSEGURIDAD06;;2594;;740899500266;OPERATIVO;WIN 10 PRO;;;OFFICE 2016;CORE I3-8100;GIGABYTE;H310MH2.0;16;1000;MECANICO;NO;SANSUMG;B1930N;;1344;740881870115;LOGITECH;L120;2596;1237;740895000101;
198;06/06/2023;LIMA;LIMA;LURIN;150119;PC;MUNICIPAL;GERENCIA DE SEGURIDAD CIUDADANA;POLIDEPORTIVO;MLSEG02;;2646;1337;740899500359;OPERATIVO;WIN 8;;;OFFICE 2016;CORE I3-4160;ECS;B85H3-M;4;1000;MECANICO;NO;AOC;9315WL;2647;1339;740881870035;MICROSOFT;1576;2648;1338;740895000114;
199;06/06/2023;LIMA;LIMA;LURIN;150119;PC;MUNICIPAL;SUBGERENCIA DE EDUCACION CULTURA, JUVENTUD Y DEPORTE ;POLIDEPORTIVO;MLJUVENTUD01;;2608;683;740899500345;OPERATIVO;WIN 7 ULT;;;OFFICE 2016;I5-4660;ASUS;;4;80;MECANICO;NO;LG;W1943SS;;0684;740881870075;MICROSOFT;1576;3609;0685;740895000204;
200;06/06/2023;LIMA;LIMA;LURIN;150119;PC;MUNICIPAL;SUBGERENCIA DE EDUCACION CULTURA, JUVENTUD Y DEPORTE ;POLIDEPORTIVO;MLPOLI06;;3486;0057;740899500020;OPERATIVO;WIN 10 PRO;;;OFFICE 2016;CORE I7-7700;FUJITSU;ESPRIMO D556/2;8;1000;MECANICO;NO;LENOVO;THINKVISION;;0773;740881870176;FUJITSU;KB410-K;3377;0148;;
201;06/06/2023;LIMA;LIMA;LURIN;150119;PC;MUNICIPAL;SUBGERENCIA DE EDUCACION CULTURA, JUVENTUD Y DEPORTE ;POLIDEPORTIVO;MKPOLI09;;3388;0139;740899500078;OPERATIVO;WIN 10 PRO;;;OFFICE 2016;CORE I7-7700;FUJITSU;ESPRIMO D556/2;8;1000;MECANICO;NO;LENOVO;THINKVISION;3485;0058;740877000035;FUJITSU;KB410-K;3436;0204;740895000210;
202;06/06/2023;LIMA;LIMA;LURIN;150119;PC;MUNICIPAL;SUBGERENCIA DE EDUCACION CULTURA, JUVENTUD Y DEPORTE ;POLIDEPORTIVO;MLPOLI07;;2400;0180;740899500472;OPERATIVO;WIN 10 PRO;;;OFFICE 2016;CORE I7-7700;FUJITSU;ESPRIMO D556/2;8;1000;MECANICO;NO;LENOVO;THINKVISION;3389;0138;740881870178;FUJITSU;KB410-K;3419;;740895500208;
203;06/06/2023;LIMA;LIMA;LURIN;150119;PC;MUNICIPAL;SUBGERENCIA DE EDUCACION CULTURA, JUVENTUD Y DEPORTE ;POLIDEPORTIVO;MLHUMANO01;;2247;0700;740899500084;OPERATIVO;WIN 7 ULT;;;OFFICE 2016;PENTIUN DUAL CORE E5700;INTEL;DG41WV;2;160;MECANICO;NO;LG;20M45A-3;2241;0701;740880370043;BENQ;1150;2231;;740845000093;
204;06/06/2023;LIMA;LIMA;LURIN;150119;PC;MUNICIPAL;SUBGERENCIA DE EDUCACION CULTURA, JUVENTUD Y DEPORTE ;POLIDEPORTIVO;MLHUMANO02;;;0933;740899500081;OPERATIVO;WIN 7 ULT;;;OFFICE 2016;CORE 2 DUO E4500;INTEL;DG31PR;2;80;MECANICO;NO;TEROS;TE-3020N;;;;FUJITSU;KB410-K;3579;0666;740895000220;
205;06/06/2023;LIMA;LIMA;LURIN;150119;PC;MUNICIPAL;SUBGERENCIA DE SALUD Y SANIDAD;POLIDEPORTIVO;MLJUVENTUD04;;2871;0557;740899500021;OPERATIVO;WIN 10 PRO;;;OFFICE 2016;CORE I7-7700;FUJITSU;ESPRIMO D556/2;8;1000;MECANICO;NO;LENOVO;THINKVISION;2872;0558;740881870173;MICROSOFT;1576;3517;0768;740895000207;
206;06/06/2023;LIMA;LIMA;LURIN;150119;PC;MUNICIPAL;SUBGERENCIA DE SALUD Y SANIDAD;POLIDEPORTIVO;MLJUVENTUD03;;3583;0660;740899500018;OPERATIVO;WIN 10 PRO;;;OFFICE 2016;CORE I7-7700;FUJITSU;ESPRIMO D556/2;8;1000;MECANICO;NO;LENOVO;THINKVISION;;0661;740881870160;FUJITSU;KB410-K;3585;0662;740895000209;
207;06/06/2023;LIMA;LIMA;LURIN;150119;PC;MUNICIPAL;SUBGERENCIA DE SALUD Y SANIDAD;POLIDEPORTIVO;MLPOLI10;;3552;0772;740899500016;OPERATIVO;WIN 10 PRO;;;OFFICE 2016;CORE I7-7700;FUJITSU;ESPRIMO D556/2;8;1000;MECANICO;NO;LENOVO;THINKVISION;3490;0063;740881870128;FUJITSU;KB410-K;3492;0064;740895000304;
208;06/06/2023;LIMA;LIMA;LURIN;150119;PC;MUNICIPAL;SUBGERENCIA DE SALUD Y SANIDAD;POLIDEPORTIVO;MLPOLI01;;3451;0402;740899500098;OPERATIVO;WIN 10 PRO;;;OFFICE 2016;CORE I7-7700;FUJITSU;ESPRIMO D556/2;8;1000;MECANICO;NO;LENOVO;THINKVISION;3545;0767;740881870166;FUJITSU;KB410-K;3453;0403;740895000250;
209;06/06/2023;LIMA;LIMA;LURIN;150119;PC;MUNICIPAL;GERENCIA DE SEGURIDAD CIUDADANA;POLIDEPORTIVO;MLSEGURIDAD06;;2594;;740899500266;OPERATIVO;WIN 10 PRO;;;OFFICE 2016;CORE I3-8100;GIGABYTE;H310MH2.0;16;1000;MECANICO;NO;SANSUMG;B1930N;;1344;740881870115;LOGITECH;L120;2596;1237;740895000101;
;;;;;;;;;;;;;;;;;;;;;;;;;;;;;;;;;;;;;
