,YEAR,PERIOD,SEND DATE,ENTITY CODE,ENTITY,LINE CODE,INTERVENTION LINE,SERVICE CODE,SERVICE NAME,DEPARTMENT,PROVINCE,DISTRICT,CENTER_CODE,NAME OF CARE CENTER,Total_number of cases
0,2012,ENE - DIC,05/01/2014,ENT001,PROGRAMA NACIONAL CONTRA LA VIOLENCIA FAMILIAR Y SEXUAL,LIN001,ATENCIÃN INTEGRAL Y MULTIDISCIPLINARIA PARA VICTIMAS DE VIOLENCIA,SER005,REGISTRO DE FEMINICIDIO,LIMA DEPARTAMENTO,,,,,27
1,2013,ENE - DIC,05/01/2014,ENT001,PROGRAMA NACIONAL CONTRA LA VIOLENCIA FAMILIAR Y SEXUAL,LIN001,ATENCIÃN INTEGRAL Y MULTIDISCIPLINARIA PARA VICTIMAS DE VIOLENCIA,SER005,REGISTRO DE FEMINICIDIO,LIMA DEPARTAMENTO,,,,,56
2,2014,ENE - DIC,10/01/2015,ENT001,PROGRAMA NACIONAL CONTRA LA VIOLENCIA FAMILIAR Y SEXUAL,LIN001,ATENCIÃN INTEGRAL Y MULTIDISCIPLINARIA PARA VICTIMAS DE VIOLENCIA,SER005,REGISTRO DE FEMINICIDIO,LIMA DEPARTAMENTO,,,,,41
3,2015,ENE - DIC,11/01/2016,ENT001,PROGRAMA NACIONAL CONTRA LA VIOLENCIA FAMILIAR Y SEXUAL,LIN001,ATENCIÃN INTEGRAL Y MULTIDISCIPLINARIA PARA VICTIMAS DE VIOLENCIA,SER005,REGISTRO DE FEMINICIDIO,LIMA DEPARTAMENTO,,,,,31
4,2016,ENE - DIC,13/01/2017,ENT001,PROGRAMA NACIONAL CONTRA LA VIOLENCIA FAMILIAR Y SEXUAL,LIN001,ATENCIÃN INTEGRAL Y MULTIDISCIPLINARIA PARA VICTIMAS DE VIOLENCIA,SER005,REGISTRO DE FEMINICIDIO,LIMA PROVINCIA,CAÃETE,IMPERIAL,CEM013,IMPERIAL,3
5,2016,ENE - DIC,13/01/2017,ENT001,PROGRAMA NACIONAL CONTRA LA VIOLENCIA FAMILIAR Y SEXUAL,LIN001,ATENCIÃN INTEGRAL Y MULTIDISCIPLINARIA PARA VICTIMAS DE VIOLENCIA,SER005,REGISTRO DE FEMINICIDIO,LIMA METROPOLITANA,LIMA,CARABAYLLO,CEM014,CARABAYLLO,2
6,2016,ENE - DIC,13/01/2017,ENT001,PROGRAMA NACIONAL CONTRA LA VIOLENCIA FAMILIAR Y SEXUAL,LIN001,ATENCIÃN INTEGRAL Y MULTIDISCIPLINARIA PARA VICTIMAS DE VIOLENCIA,SER005,REGISTRO DE FEMINICIDIO,LIMA METROPOLITANA,LIMA,EL AGUSTINO,CEM032,EL AGUSTINO,2
7,2016,ENE - DIC,13/01/2017,ENT001,PROGRAMA NACIONAL CONTRA LA VIOLENCIA FAMILIAR Y SEXUAL,LIN001,ATENCIÃN INTEGRAL Y MULTIDISCIPLINARIA PARA VICTIMAS DE VIOLENCIA,SER005,REGISTRO DE FEMINICIDIO,LIMA METROPOLITANA,LIMA,ATE,CEM045,HUAYCAN,4
8,2016,ENE - DIC,13/01/2017,ENT001,PROGRAMA NACIONAL CONTRA LA VIOLENCIA FAMILIAR Y SEXUAL,LIN001,ATENCIÃN INTEGRAL Y MULTIDISCIPLINARIA PARA VICTIMAS DE VIOLENCIA,SER005,REGISTRO DE FEMINICIDIO,LIMA METROPOLITANA,LIMA,LIMA,CEM060,LIMA,2
9,2016,ENE - DIC,13/01/2017,ENT001,PROGRAMA NACIONAL CONTRA LA VIOLENCIA FAMILIAR Y SEXUAL,LIN001,ATENCIÃN INTEGRAL Y MULTIDISCIPLINARIA PARA VICTIMAS DE VIOLENCIA,SER005,REGISTRO DE FEMINICIDIO,LIMA METROPOLITANA,LIMA,LOS OLIVOS,CEM061,LOS OLIVOS,1
10,2016,ENE - DIC,13/01/2017,ENT001,PROGRAMA NACIONAL CONTRA LA VIOLENCIA FAMILIAR Y SEXUAL,LIN001,ATENCIÃN INTEGRAL Y MULTIDISCIPLINARIA PARA VICTIMAS DE VIOLENCIA,SER005,REGISTRO DE FEMINICIDIO,LIMA METROPOLITANA,LIMA,SAN JUAN DE MIRAFLORES,CEM076,SAN JUAN DE MIRAFLORES,1
11,2016,ENE - DIC,13/01/2017,ENT001,PROGRAMA NACIONAL CONTRA LA VIOLENCIA FAMILIAR Y SEXUAL,LIN001,ATENCIÃN INTEGRAL Y MULTIDISCIPLINARIA PARA VICTIMAS DE VIOLENCIA,SER005,REGISTRO DE FEMINICIDIO,LIMA METROPOLITANA,LIMA,LA MOLINA,CEM087,LA MOLINA,2
12,2016,ENE - DIC,13/01/2017,ENT001,PROGRAMA NACIONAL CONTRA LA VIOLENCIA FAMILIAR Y SEXUAL,LIN001,ATENCIÃN INTEGRAL Y MULTIDISCIPLINARIA PARA VICTIMAS DE VIOLENCIA,SER005,REGISTRO DE FEMINICIDIO,LIMA METROPOLITANA,LIMA,SAN JUAN DE LURIGANCHO,CEM088,SAN JUAN DE LURIGANCHO,6
13,2016,ENE - DIC,13/01/2017,ENT001,PROGRAMA NACIONAL CONTRA LA VIOLENCIA FAMILIAR Y SEXUAL,LIN001,ATENCIÃN INTEGRAL Y MULTIDISCIPLINARIA PARA VICTIMAS DE VIOLENCIA,SER005,REGISTRO DE FEMINICIDIO,LIMA METROPOLITANA,LIMA,SAN MARTIN DE PORRES,CEM089,SAN MARTIN DE PORRES,4
14,2016,ENE - DIC,13/01/2017,ENT001,PROGRAMA NACIONAL CONTRA LA VIOLENCIA FAMILIAR Y SEXUAL,LIN001,ATENCIÃN INTEGRAL Y MULTIDISCIPLINARIA PARA VICTIMAS DE VIOLENCIA,SER005,REGISTRO DE FEMINICIDIO,LIMA METROPOLITANA,LIMA,SURQUILLO,CEM097,SURQUILLO,3
15,2016,ENE - DIC,13/01/2017,ENT001,PROGRAMA NACIONAL CONTRA LA VIOLENCIA FAMILIAR Y SEXUAL,LIN001,ATENCIÃN INTEGRAL Y MULTIDISCIPLINARIA PARA VICTIMAS DE VIOLENCIA,SER005,REGISTRO DE FEMINICIDIO,LIMA METROPOLITANA,LIMA,VILLA EL SALVADOR,CEM109,VILLA EL SALVADOR,3
16,2016,ENE - DIC,13/01/2017,ENT001,PROGRAMA NACIONAL CONTRA LA VIOLENCIA FAMILIAR Y SEXUAL,LIN001,ATENCIÃN INTEGRAL Y MULTIDISCIPLINARIA PARA VICTIMAS DE VIOLENCIA,SER005,REGISTRO DE FEMINICIDIO,LIMA METROPOLITANA,LIMA,VILLA MARIA DEL TRIUNFO,CEM110,VILLA MARIA DEL TRIUNFO,1
17,2016,ENE - DIC,13/01/2017,ENT001,PROGRAMA NACIONAL CONTRA LA VIOLENCIA FAMILIAR Y SEXUAL,LIN001,ATENCIÃN INTEGRAL Y MULTIDISCIPLINARIA PARA VICTIMAS DE VIOLENCIA,SER005,REGISTRO DE FEMINICIDIO,LIMA METROPOLITANA,LIMA,PUENTE PIEDRA,CEM122,PUENTE PIEDRA,2
18,2016,ENE - DIC,13/01/2017,ENT001,PROGRAMA NACIONAL CONTRA LA VIOLENCIA FAMILIAR Y SEXUAL,LIN001,ATENCIÃN INTEGRAL Y MULTIDISCIPLINARIA PARA VICTIMAS DE VIOLENCIA,SER005,REGISTRO DE FEMINICIDIO,LIMA PROVINCIA,HUARAL,HUARAL,CEM124,HUARAL,1
19,2016,ENE - DIC,13/01/2017,ENT001,PROGRAMA NACIONAL CONTRA LA VIOLENCIA FAMILIAR Y SEXUAL,LIN001,ATENCIÃN INTEGRAL Y MULTIDISCIPLINARIA PARA VICTIMAS DE VIOLENCIA,SER005,REGISTRO DE FEMINICIDIO,LIMA PROVINCIA,BARRANCA,BARRANCA,CEM155,BARRANCA,1
20,2016,ENE - DIC,13/01/2017,ENT001,PROGRAMA NACIONAL CONTRA LA VIOLENCIA FAMILIAR Y SEXUAL,LIN001,ATENCIÃN INTEGRAL Y MULTIDISCIPLINARIA PARA VICTIMAS DE VIOLENCIA,SER005,REGISTRO DE FEMINICIDIO,LIMA METROPOLITANA,LIMA,LURIGANCHO,CEM223,CHOSICA,3
21,2016,ENE - DIC,13/01/2017,ENT001,PROGRAMA NACIONAL CONTRA LA VIOLENCIA FAMILIAR Y SEXUAL,LIN001,ATENCIÃN INTEGRAL Y MULTIDISCIPLINARIA PARA VICTIMAS DE VIOLENCIA,SER005,REGISTRO DE FEMINICIDIO,LIMA METROPOLITANA,LIMA,SAN JUAN DE LURIGANCHO,CEM236,ZARATE,2
22,2016,ENE - DIC,13/01/2017,ENT001,PROGRAMA NACIONAL CONTRA LA VIOLENCIA FAMILIAR Y SEXUAL,LIN001,ATENCIÃN INTEGRAL Y MULTIDISCIPLINARIA PARA VICTIMAS DE VIOLENCIA,SER005,REGISTRO DE FEMINICIDIO,LIMA METROPOLITANA,LIMA,LA VICTORIA,CEM241,LA VICTORIA,1
23,2017,ENE - DIC,16/01/2018,ENT001,PROGRAMA NACIONAL CONTRA LA VIOLENCIA FAMILIAR Y SEXUAL,LIN001,ATENCIÃN INTEGRAL Y MULTIDISCIPLINARIA PARA VICTIMAS DE VIOLENCIA,SER005,REGISTRO DE FEMINICIDIO,LIMA PROVINCIA,CAÃETE,IMPERIAL,CEM013,IMPERIAL,1
24,2017,ENE - DIC,16/01/2018,ENT001,PROGRAMA NACIONAL CONTRA LA VIOLENCIA FAMILIAR Y SEXUAL,LIN001,ATENCIÃN INTEGRAL Y MULTIDISCIPLINARIA PARA VICTIMAS DE VIOLENCIA,SER005,REGISTRO DE FEMINICIDIO,LIMA METROPOLITANA,LIMA,CARABAYLLO,CEM014,CARABAYLLO,1
25,2017,ENE - DIC,16/01/2018,ENT001,PROGRAMA NACIONAL CONTRA LA VIOLENCIA FAMILIAR Y SEXUAL,LIN001,ATENCIÃN INTEGRAL Y MULTIDISCIPLINARIA PARA VICTIMAS DE VIOLENCIA,SER005,REGISTRO DE FEMINICIDIO,LIMA METROPOLITANA,LIMA,COMAS,CEM029,COMAS,1
26,2017,ENE - DIC,16/01/2018,ENT001,PROGRAMA NACIONAL CONTRA LA VIOLENCIA FAMILIAR Y SEXUAL,LIN001,ATENCIÃN INTEGRAL Y MULTIDISCIPLINARIA PARA VICTIMAS DE VIOLENCIA,SER005,REGISTRO DE FEMINICIDIO,LIMA METROPOLITANA,LIMA,EL AGUSTINO,CEM032,EL AGUSTINO,4
27,2017,ENE - DIC,16/01/2018,ENT001,PROGRAMA NACIONAL CONTRA LA VIOLENCIA FAMILIAR Y SEXUAL,LIN001,ATENCIÃN INTEGRAL Y MULTIDISCIPLINARIA PARA VICTIMAS DE VIOLENCIA,SER005,REGISTRO DE FEMINICIDIO,LIMA METROPOLITANA,LIMA,INDEPENDENCIA,CEM050,INDEPENDENCIA,1
28,2017,ENE - DIC,16/01/2018,ENT001,PROGRAMA NACIONAL CONTRA LA VIOLENCIA FAMILIAR Y SEXUAL,LIN001,ATENCIÃN INTEGRAL Y MULTIDISCIPLINARIA PARA VICTIMAS DE VIOLENCIA,SER005,REGISTRO DE FEMINICIDIO,LIMA METROPOLITANA,LIMA,SAN LUIS,CEM058,SAN LUIS,1
29,2017,ENE - DIC,16/01/2018,ENT001,PROGRAMA NACIONAL CONTRA LA VIOLENCIA FAMILIAR Y SEXUAL,LIN001,ATENCIÃN INTEGRAL Y MULTIDISCIPLINARIA PARA VICTIMAS DE VIOLENCIA,SER005,REGISTRO DE FEMINICIDIO,LIMA METROPOLITANA,LIMA,SAN JUAN DE MIRAFLORES,CEM076,SAN JUAN DE MIRAFLORES,1
30,2017,ENE - DIC,16/01/2018,ENT001,PROGRAMA NACIONAL CONTRA LA VIOLENCIA FAMILIAR Y SEXUAL,LIN001,ATENCIÃN INTEGRAL Y MULTIDISCIPLINARIA PARA VICTIMAS DE VIOLENCIA,SER005,REGISTRO DE FEMINICIDIO,LIMA METROPOLITANA,LIMA,LA MOLINA,CEM087,LA MOLINA,2
31,2017,ENE - DIC,16/01/2018,ENT001,PROGRAMA NACIONAL CONTRA LA VIOLENCIA FAMILIAR Y SEXUAL,LIN001,ATENCIÃN INTEGRAL Y MULTIDISCIPLINARIA PARA VICTIMAS DE VIOLENCIA,SER005,REGISTRO DE FEMINICIDIO,LIMA METROPOLITANA,LIMA,SAN JUAN DE LURIGANCHO,CEM088,SAN JUAN DE LURIGANCHO,3
32,2017,ENE - DIC,16/01/2018,ENT001,PROGRAMA NACIONAL CONTRA LA VIOLENCIA FAMILIAR Y SEXUAL,LIN001,ATENCIÃN INTEGRAL Y MULTIDISCIPLINARIA PARA VICTIMAS DE VIOLENCIA,SER005,REGISTRO DE FEMINICIDIO,LIMA METROPOLITANA,LIMA,SANTIAGO DE SURCO,CEM096,SURCO,1
33,2017,ENE - DIC,16/01/2018,ENT001,PROGRAMA NACIONAL CONTRA LA VIOLENCIA FAMILIAR Y SEXUAL,LIN001,ATENCIÃN INTEGRAL Y MULTIDISCIPLINARIA PARA VICTIMAS DE VIOLENCIA,SER005,REGISTRO DE FEMINICIDIO,LIMA METROPOLITANA,LIMA,SURQUILLO,CEM097,SURQUILLO,1
34,2017,ENE - DIC,16/01/2018,ENT001,PROGRAMA NACIONAL CONTRA LA VIOLENCIA FAMILIAR Y SEXUAL,LIN001,ATENCIÃN INTEGRAL Y MULTIDISCIPLINARIA PARA VICTIMAS DE VIOLENCIA,SER005,REGISTRO DE FEMINICIDIO,LIMA METROPOLITANA,LIMA,VILLA EL SALVADOR,CEM109,VILLA EL SALVADOR,5
35,2017,ENE - DIC,16/01/2018,ENT001,PROGRAMA NACIONAL CONTRA LA VIOLENCIA FAMILIAR Y SEXUAL,LIN001,ATENCIÃN INTEGRAL Y MULTIDISCIPLINARIA PARA VICTIMAS DE VIOLENCIA,SER005,REGISTRO DE FEMINICIDIO,LIMA METROPOLITANA,LIMA,VILLA MARIA DEL TRIUNFO,CEM110,VILLA MARIA DEL TRIUNFO,2
36,2017,ENE - DIC,16/01/2018,ENT001,PROGRAMA NACIONAL CONTRA LA VIOLENCIA FAMILIAR Y SEXUAL,LIN001,ATENCIÃN INTEGRAL Y MULTIDISCIPLINARIA PARA VICTIMAS DE VIOLENCIA,SER005,REGISTRO DE FEMINICIDIO,LIMA METROPOLITANA,LIMA,PUENTE PIEDRA,CEM122,PUENTE PIEDRA,1
37,2017,ENE - DIC,16/01/2018,ENT001,PROGRAMA NACIONAL CONTRA LA VIOLENCIA FAMILIAR Y SEXUAL,LIN001,ATENCIÃN INTEGRAL Y MULTIDISCIPLINARIA PARA VICTIMAS DE VIOLENCIA,SER005,REGISTRO DE FEMINICIDIO,LIMA PROVINCIA,HUARAL,HUARAL,CEM124,HUARAL,1
38,2017,ENE - DIC,16/01/2018,ENT001,PROGRAMA NACIONAL CONTRA LA VIOLENCIA FAMILIAR Y SEXUAL,LIN001,ATENCIÃN INTEGRAL Y MULTIDISCIPLINARIA PARA VICTIMAS DE VIOLENCIA,SER005,REGISTRO DE FEMINICIDIO,LIMA METROPOLITANA,LIMA,RIMAC,CEM145,RIMAC,1
39,2017,ENE - DIC,16/01/2018,ENT001,PROGRAMA NACIONAL CONTRA LA VIOLENCIA FAMILIAR Y SEXUAL,LIN001,ATENCIÃN INTEGRAL Y MULTIDISCIPLINARIA PARA VICTIMAS DE VIOLENCIA,SER005,REGISTRO DE FEMINICIDIO,LIMA METROPOLITANA,LIMA,SANTA ROSA,CEM210,SANTA ROSA,1
40,2017,ENE - DIC,16/01/2018,ENT001,PROGRAMA NACIONAL CONTRA LA VIOLENCIA FAMILIAR Y SEXUAL,LIN001,ATENCIÃN INTEGRAL Y MULTIDISCIPLINARIA PARA VICTIMAS DE VIOLENCIA,SER005,REGISTRO DE FEMINICIDIO,LIMA METROPOLITANA,LIMA,LURIGANCHO,CEM223,CHOSICA,2
41,2017,ENE - DIC,16/01/2018,ENT001,PROGRAMA NACIONAL CONTRA LA VIOLENCIA FAMILIAR Y SEXUAL,LIN001,ATENCIÃN INTEGRAL Y MULTIDISCIPLINARIA PARA VICTIMAS DE VIOLENCIA,SER005,REGISTRO DE FEMINICIDIO,LIMA METROPOLITANA,LIMA,LA VICTORIA,CEM241,LA VICTORIA,2
42,2017,ENE - DIC,16/01/2018,ENT001,PROGRAMA NACIONAL CONTRA LA VIOLENCIA FAMILIAR Y SEXUAL,LIN001,ATENCIÃN INTEGRAL Y MULTIDISCIPLINARIA PARA VICTIMAS DE VIOLENCIA,SER005,REGISTRO DE FEMINICIDIO,LIMA METROPOLITANA,LIMA,CHORRILLOS,COM008,COMISARIA CHORRILLOS,1
43,2018,ENE - DIC,31/12/2018,ENT001,PROGRAMA NACIONAL CONTRA LA VIOLENCIA FAMILIAR Y SEXUAL,LIN001,ATENCIÃN INTEGRAL Y MULTIDISCIPLINARIA PARA VICTIMAS DE VIOLENCIA,SER005,REGISTRO DE FEMINICIDIO,LIMA PROVINCIA,CAÃETE,IMPERIAL,CEM013,IMPERIAL,2
44,2018,ENE - DIC,31/12/2018,ENT001,PROGRAMA NACIONAL CONTRA LA VIOLENCIA FAMILIAR Y SEXUAL,LIN001,ATENCIÃN INTEGRAL Y MULTIDISCIPLINARIA PARA VICTIMAS DE VIOLENCIA,SER005,REGISTRO DE FEMINICIDIO,LIMA METROPOLITANA,LIMA,COMAS,CEM029,COMAS,2
45,2018,ENE - DIC,31/12/2018,ENT001,PROGRAMA NACIONAL CONTRA LA VIOLENCIA FAMILIAR Y SEXUAL,LIN001,ATENCIÃN INTEGRAL Y MULTIDISCIPLINARIA PARA VICTIMAS DE VIOLENCIA,SER005,REGISTRO DE FEMINICIDIO,LIMA METROPOLITANA,LIMA,EL AGUSTINO,CEM032,EL AGUSTINO,2
46,2018,ENE - DIC,31/12/2018,ENT001,PROGRAMA NACIONAL CONTRA LA VIOLENCIA FAMILIAR Y SEXUAL,LIN001,ATENCIÃN INTEGRAL Y MULTIDISCIPLINARIA PARA VICTIMAS DE VIOLENCIA,SER005,REGISTRO DE FEMINICIDIO,LIMA METROPOLITANA,LIMA,ATE,CEM045,HUAYCAN,1
47,2018,ENE - DIC,31/12/2018,ENT001,PROGRAMA NACIONAL CONTRA LA VIOLENCIA FAMILIAR Y SEXUAL,LIN001,ATENCIÃN INTEGRAL Y MULTIDISCIPLINARIA PARA VICTIMAS DE VIOLENCIA,SER005,REGISTRO DE FEMINICIDIO,LIMA METROPOLITANA,LIMA,INDEPENDENCIA,CEM050,INDEPENDENCIA,3
48,2018,ENE - DIC,31/12/2018,ENT001,PROGRAMA NACIONAL CONTRA LA VIOLENCIA FAMILIAR Y SEXUAL,LIN001,ATENCIÃN INTEGRAL Y MULTIDISCIPLINARIA PARA VICTIMAS DE VIOLENCIA,SER005,REGISTRO DE FEMINICIDIO,LIMA METROPOLITANA,LIMA,LIMA,CEM060,LIMA,1
49,2018,ENE - DIC,31/12/2018,ENT001,PROGRAMA NACIONAL CONTRA LA VIOLENCIA FAMILIAR Y SEXUAL,LIN001,ATENCIÃN INTEGRAL Y MULTIDISCIPLINARIA PARA VICTIMAS DE VIOLENCIA,SER005,REGISTRO DE FEMINICIDIO,LIMA METROPOLITANA,LIMA,LA MOLINA,CEM087,LA MOLINA,1
50,2018,ENE - DIC,31/12/2018,ENT001,PROGRAMA NACIONAL CONTRA LA VIOLENCIA FAMILIAR Y SEXUAL,LIN001,ATENCIÃN INTEGRAL Y MULTIDISCIPLINARIA PARA VICTIMAS DE VIOLENCIA,SER005,REGISTRO DE FEMINICIDIO,LIMA METROPOLITANA,LIMA,SAN JUAN DE LURIGANCHO,CEM088,SAN JUAN DE LURIGANCHO,2
51,2018,ENE - DIC,31/12/2018,ENT001,PROGRAMA NACIONAL CONTRA LA VIOLENCIA FAMILIAR Y SEXUAL,LIN001,ATENCIÃN INTEGRAL Y MULTIDISCIPLINARIA PARA VICTIMAS DE VIOLENCIA,SER005,REGISTRO DE FEMINICIDIO,LIMA METROPOLITANA,LIMA,SAN MARTIN DE PORRES,CEM089,SAN MARTIN DE PORRES,5
52,2018,ENE - DIC,31/12/2018,ENT001,PROGRAMA NACIONAL CONTRA LA VIOLENCIA FAMILIAR Y SEXUAL,LIN001,ATENCIÃN INTEGRAL Y MULTIDISCIPLINARIA PARA VICTIMAS DE VIOLENCIA,SER005,REGISTRO DE FEMINICIDIO,LIMA METROPOLITANA,LIMA,VILLA EL SALVADOR,CEM109,VILLA EL SALVADOR,1
53,2018,ENE - DIC,31/12/2018,ENT001,PROGRAMA NACIONAL CONTRA LA VIOLENCIA FAMILIAR Y SEXUAL,LIN001,ATENCIÃN INTEGRAL Y MULTIDISCIPLINARIA PARA VICTIMAS DE VIOLENCIA,SER005,REGISTRO DE FEMINICIDIO,LIMA PROVINCIA,HUARAL,HUARAL,CEM124,HUARAL,2
54,2018,ENE - DIC,31/12/2018,ENT001,PROGRAMA NACIONAL CONTRA LA VIOLENCIA FAMILIAR Y SEXUAL,LIN001,ATENCIÃN INTEGRAL Y MULTIDISCIPLINARIA PARA VICTIMAS DE VIOLENCIA,SER005,REGISTRO DE FEMINICIDIO,LIMA METROPOLITANA,LIMA,RIMAC,CEM145,RIMAC,2
55,2018,ENE - DIC,31/12/2018,ENT001,PROGRAMA NACIONAL CONTRA LA VIOLENCIA FAMILIAR Y SEXUAL,LIN001,ATENCIÃN INTEGRAL Y MULTIDISCIPLINARIA PARA VICTIMAS DE VIOLENCIA,SER005,REGISTRO DE FEMINICIDIO,LIMA PROVINCIA,BARRANCA,BARRANCA,CEM155,BARRANCA,2
56,2018,ENE - DIC,31/12/2018,ENT001,PROGRAMA NACIONAL CONTRA LA VIOLENCIA FAMILIAR Y SEXUAL,LIN001,ATENCIÃN INTEGRAL Y MULTIDISCIPLINARIA PARA VICTIMAS DE VIOLENCIA,SER005,REGISTRO DE FEMINICIDIO,LIMA METROPOLITANA,LIMA,SAN JUAN DE LURIGANCHO,CEM236,ZARATE,3
57,2018,ENE - DIC,31/12/2018,ENT001,PROGRAMA NACIONAL CONTRA LA VIOLENCIA FAMILIAR Y SEXUAL,LIN001,ATENCIÃN INTEGRAL Y MULTIDISCIPLINARIA PARA VICTIMAS DE VIOLENCIA,SER005,REGISTRO DE FEMINICIDIO,LIMA METROPOLITANA,LIMA,LA VICTORIA,CEM241,LA VICTORIA,1
58,2018,ENE - DIC,31/12/2018,ENT001,PROGRAMA NACIONAL CONTRA LA VIOLENCIA FAMILIAR Y SEXUAL,LIN001,ATENCIÃN INTEGRAL Y MULTIDISCIPLINARIA PARA VICTIMAS DE VIOLENCIA,SER005,REGISTRO DE FEMINICIDIO,LIMA METROPOLITANA,LIMA,SAN MIGUEL,CEM242,SAN MIGUEL - LIMA,1
59,2018,ENE - DIC,31/12/2018,ENT001,PROGRAMA NACIONAL CONTRA LA VIOLENCIA FAMILIAR Y SEXUAL,LIN001,ATENCIÃN INTEGRAL Y MULTIDISCIPLINARIA PARA VICTIMAS DE VIOLENCIA,SER005,REGISTRO DE FEMINICIDIO,LIMA METROPOLITANA,LIMA,CHORRILLOS,COM008,CHORRILLOS,3
60,2018,ENE - DIC,31/12/2018,ENT001,PROGRAMA NACIONAL CONTRA LA VIOLENCIA FAMILIAR Y SEXUAL,LIN001,ATENCIÃN INTEGRAL Y MULTIDISCIPLINARIA PARA VICTIMAS DE VIOLENCIA,SER005,REGISTRO DE FEMINICIDIO,LIMA METROPOLITANA,LIMA,SAN JUAN DE LURIGANCHO,COM011,CANTO REY,1
61,2018,ENE - DIC,31/12/2018,ENT001,PROGRAMA NACIONAL CONTRA LA VIOLENCIA FAMILIAR Y SEXUAL,LIN001,ATENCIÃN INTEGRAL Y MULTIDISCIPLINARIA PARA VICTIMAS DE VIOLENCIA,SER005,REGISTRO DE FEMINICIDIO,LIMA METROPOLITANA,LIMA,SAN MARTIN DE PORRES,COM019,SAN MARTIN DE PORRES,1
62,2018,ENE - DIC,31/12/2018,ENT001,PROGRAMA NACIONAL CONTRA LA VIOLENCIA FAMILIAR Y SEXUAL,LIN001,ATENCIÃN INTEGRAL Y MULTIDISCIPLINARIA PARA VICTIMAS DE VIOLENCIA,SER005,REGISTRO DE FEMINICIDIO,LIMA METROPOLITANA,LIMA,SANTA ANITA,COM028,SANTA ANITA,2
63,2018,ENE - DIC,31/12/2018,ENT001,PROGRAMA NACIONAL CONTRA LA VIOLENCIA FAMILIAR Y SEXUAL,LIN001,ATENCIÃN INTEGRAL Y MULTIDISCIPLINARIA PARA VICTIMAS DE VIOLENCIA,SER005,REGISTRO DE FEMINICIDIO,LIMA METROPOLITANA,LIMA,SAN BORJA,COM037,SAN BORJA,1
64,2018,ENE - DIC,31/12/2018,ENT001,PROGRAMA NACIONAL CONTRA LA VIOLENCIA FAMILIAR Y SEXUAL,LIN001,ATENCIÃN INTEGRAL Y MULTIDISCIPLINARIA PARA VICTIMAS DE VIOLENCIA,SER005,REGISTRO DE FEMINICIDIO,LIMA METROPOLITANA,LIMA,ATE,COM043,VITARTE,1
65,2018,ENE - DIC,31/12/2018,ENT001,PROGRAMA NACIONAL CONTRA LA VIOLENCIA FAMILIAR Y SEXUAL,LIN001,ATENCIÃN INTEGRAL Y MULTIDISCIPLINARIA PARA VICTIMAS DE VIOLENCIA,SER005,REGISTRO DE FEMINICIDIO,LIMA PROVINCIA,HUAURA,HUACHO,COM047,HUACHO,1
66,2018,ENE - DIC,31/12/2018,ENT001,PROGRAMA NACIONAL CONTRA LA VIOLENCIA FAMILIAR Y SEXUAL,LIN001,ATENCIÃN INTEGRAL Y MULTIDISCIPLINARIA PARA VICTIMAS DE VIOLENCIA,SER005,REGISTRO DE FEMINICIDIO,LIMA PROVINCIA,HUAROCHIRI,SAN ANTONIO,COM048,JICAMARCA,1
67,2018,ENE - DIC,31/12/2018,ENT001,PROGRAMA NACIONAL CONTRA LA VIOLENCIA FAMILIAR Y SEXUAL,LIN001,ATENCIÃN INTEGRAL Y MULTIDISCIPLINARIA PARA VICTIMAS DE VIOLENCIA,SER005,REGISTRO DE FEMINICIDIO,LIMA METROPOLITANA,LIMA,ATE,COM050,SANTA CLARA,1
68,2018,ENE - DIC,31/12/2018,ENT001,PROGRAMA NACIONAL CONTRA LA VIOLENCIA FAMILIAR Y SEXUAL,LIN001,ATENCIÃN INTEGRAL Y MULTIDISCIPLINARIA PARA VICTIMAS DE VIOLENCIA,SER005,REGISTRO DE FEMINICIDIO,LIMA PROVINCIA,BARRANCA,BARRANCA,COM052,BARRANCA,1
69,2018,ENE - DIC,31/12/2018,ENT001,PROGRAMA NACIONAL CONTRA LA VIOLENCIA FAMILIAR Y SEXUAL,LIN001,ATENCIÃN INTEGRAL Y MULTIDISCIPLINARIA PARA VICTIMAS DE VIOLENCIA,SER005,REGISTRO DE FEMINICIDIO,LIMA METROPOLITANA,LIMA,PUENTE PIEDRA,COM063,PUENTE PIEDRA,1
70,2019,ENE - DIC,14/01/2020,ENT001,PROGRAMA NACIONAL CONTRA LA VIOLENCIA FAMILIAR Y SEXUAL,LIN001,ATENCIÃN INTEGRAL Y MULTIDISCIPLINARIA PARA VICTIMAS DE VIOLENCIA,SER001,CENTRO EMERGENCIA MUJER,LIMA PROVINCIA,CAÃETE,IMPERIAL,CEM013,IMPERIAL,1
71,2019,ENE - DIC,14/01/2020,ENT001,PROGRAMA NACIONAL CONTRA LA VIOLENCIA FAMILIAR Y SEXUAL,LIN001,ATENCIÃN INTEGRAL Y MULTIDISCIPLINARIA PARA VICTIMAS DE VIOLENCIA,SER001,CENTRO EMERGENCIA MUJER,LIMA METROPOLITANA,LIMA,COMAS,CEM029,COMAS,1
72,2019,ENE - DIC,14/01/2020,ENT001,PROGRAMA NACIONAL CONTRA LA VIOLENCIA FAMILIAR Y SEXUAL,LIN001,ATENCIÃN INTEGRAL Y MULTIDISCIPLINARIA PARA VICTIMAS DE VIOLENCIA,SER001,CENTRO EMERGENCIA MUJER,LIMA METROPOLITANA,LIMA,EL AGUSTINO,CEM032,EL AGUSTINO,2
73,2019,ENE - DIC,14/01/2020,ENT001,PROGRAMA NACIONAL CONTRA LA VIOLENCIA FAMILIAR Y SEXUAL,LIN001,ATENCIÃN INTEGRAL Y MULTIDISCIPLINARIA PARA VICTIMAS DE VIOLENCIA,SER001,CENTRO EMERGENCIA MUJER,LIMA METROPOLITANA,LIMA,INDEPENDENCIA,CEM050,INDEPENDENCIA,2
74,2019,ENE - DIC,14/01/2020,ENT001,PROGRAMA NACIONAL CONTRA LA VIOLENCIA FAMILIAR Y SEXUAL,LIN001,ATENCIÃN INTEGRAL Y MULTIDISCIPLINARIA PARA VICTIMAS DE VIOLENCIA,SER001,CENTRO EMERGENCIA MUJER,LIMA METROPOLITANA,LIMA,LIMA,CEM060,LIMA,1
75,2019,ENE - DIC,14/01/2020,ENT001,PROGRAMA NACIONAL CONTRA LA VIOLENCIA FAMILIAR Y SEXUAL,LIN001,ATENCIÃN INTEGRAL Y MULTIDISCIPLINARIA PARA VICTIMAS DE VIOLENCIA,SER001,CENTRO EMERGENCIA MUJER,LIMA METROPOLITANA,LIMA,LOS OLIVOS,CEM061,LOS OLIVOS,1
76,2019,ENE - DIC,14/01/2020,ENT001,PROGRAMA NACIONAL CONTRA LA VIOLENCIA FAMILIAR Y SEXUAL,LIN001,ATENCIÃN INTEGRAL Y MULTIDISCIPLINARIA PARA VICTIMAS DE VIOLENCIA,SER001,CENTRO EMERGENCIA MUJER,LIMA METROPOLITANA,LIMA,PACHACAMAC,CEM064,MANCHAY,1
77,2019,ENE - DIC,14/01/2020,ENT001,PROGRAMA NACIONAL CONTRA LA VIOLENCIA FAMILIAR Y SEXUAL,LIN001,ATENCIÃN INTEGRAL Y MULTIDISCIPLINARIA PARA VICTIMAS DE VIOLENCIA,SER001,CENTRO EMERGENCIA MUJER,LIMA METROPOLITANA,LIMA,SAN JUAN DE MIRAFLORES,CEM076,SAN JUAN DE MIRAFLORES,2
78,2019,ENE - DIC,14/01/2020,ENT001,PROGRAMA NACIONAL CONTRA LA VIOLENCIA FAMILIAR Y SEXUAL,LIN001,ATENCIÃN INTEGRAL Y MULTIDISCIPLINARIA PARA VICTIMAS DE VIOLENCIA,SER001,CENTRO EMERGENCIA MUJER,LIMA METROPOLITANA,LIMA,LA MOLINA,CEM087,LA MOLINA,2
79,2019,ENE - DIC,14/01/2020,ENT001,PROGRAMA NACIONAL CONTRA LA VIOLENCIA FAMILIAR Y SEXUAL,LIN001,ATENCIÃN INTEGRAL Y MULTIDISCIPLINARIA PARA VICTIMAS DE VIOLENCIA,SER001,CENTRO EMERGENCIA MUJER,LIMA METROPOLITANA,LIMA,SAN JUAN DE LURIGANCHO,CEM088,SAN JUAN DE LURIGANCHO,2
80,2019,ENE - DIC,14/01/2020,ENT001,PROGRAMA NACIONAL CONTRA LA VIOLENCIA FAMILIAR Y SEXUAL,LIN001,ATENCIÃN INTEGRAL Y MULTIDISCIPLINARIA PARA VICTIMAS DE VIOLENCIA,SER001,CENTRO EMERGENCIA MUJER,LIMA METROPOLITANA,LIMA,SAN MARTIN DE PORRES,CEM089,SAN MARTIN DE PORRES,1
81,2019,ENE - DIC,14/01/2020,ENT001,PROGRAMA NACIONAL CONTRA LA VIOLENCIA FAMILIAR Y SEXUAL,LIN001,ATENCIÃN INTEGRAL Y MULTIDISCIPLINARIA PARA VICTIMAS DE VIOLENCIA,SER001,CENTRO EMERGENCIA MUJER,LIMA METROPOLITANA,LIMA,VILLA EL SALVADOR,CEM109,VILLA EL SALVADOR,1
82,2019,ENE - DIC,14/01/2020,ENT001,PROGRAMA NACIONAL CONTRA LA VIOLENCIA FAMILIAR Y SEXUAL,LIN001,ATENCIÃN INTEGRAL Y MULTIDISCIPLINARIA PARA VICTIMAS DE VIOLENCIA,SER001,CENTRO EMERGENCIA MUJER,LIMA PROVINCIA,HUARAL,HUARAL,CEM124,HUARAL,1
83,2019,ENE - DIC,14/01/2020,ENT001,PROGRAMA NACIONAL CONTRA LA VIOLENCIA FAMILIAR Y SEXUAL,LIN001,ATENCIÃN INTEGRAL Y MULTIDISCIPLINARIA PARA VICTIMAS DE VIOLENCIA,SER001,CENTRO EMERGENCIA MUJER,LIMA METROPOLITANA,LIMA,LURIGANCHO,CEM223,CHOSICA,1
84,2019,ENE - DIC,14/01/2020,ENT001,PROGRAMA NACIONAL CONTRA LA VIOLENCIA FAMILIAR Y SEXUAL,LIN001,ATENCIÃN INTEGRAL Y MULTIDISCIPLINARIA PARA VICTIMAS DE VIOLENCIA,SER001,CENTRO EMERGENCIA MUJER,LIMA METROPOLITANA,LIMA,LA VICTORIA,CEM241,LA VICTORIA,1
85,2019,ENE - DIC,14/01/2020,ENT001,PROGRAMA NACIONAL CONTRA LA VIOLENCIA FAMILIAR Y SEXUAL,LIN001,ATENCIÃN INTEGRAL Y MULTIDISCIPLINARIA PARA VICTIMAS DE VIOLENCIA,SER001,CENTRO EMERGENCIA MUJER,LIMA PROVINCIA,CAÃETE,IMPERIAL,COM004,IMPERIAL,1
86,2019,ENE - DIC,14/01/2020,ENT001,PROGRAMA NACIONAL CONTRA LA VIOLENCIA FAMILIAR Y SEXUAL,LIN001,ATENCIÃN INTEGRAL Y MULTIDISCIPLINARIA PARA VICTIMAS DE VIOLENCIA,SER001,CENTRO EMERGENCIA MUJER,LIMA METROPOLITANA,LIMA,VILLA MARIA DEL TRIUNFO,COM005,VILLA MARIA DEL TRIUNFO,1
87,2019,ENE - DIC,14/01/2020,ENT001,PROGRAMA NACIONAL CONTRA LA VIOLENCIA FAMILIAR Y SEXUAL,LIN001,ATENCIÃN INTEGRAL Y MULTIDISCIPLINARIA PARA VICTIMAS DE VIOLENCIA,SER001,CENTRO EMERGENCIA MUJER,LIMA METROPOLITANA,LIMA,CHORRILLOS,COM008,CHORRILLOS,2
88,2019,ENE - DIC,14/01/2020,ENT001,PROGRAMA NACIONAL CONTRA LA VIOLENCIA FAMILIAR Y SEXUAL,LIN001,ATENCIÃN INTEGRAL Y MULTIDISCIPLINARIA PARA VICTIMAS DE VIOLENCIA,SER001,CENTRO EMERGENCIA MUJER,LIMA METROPOLITANA,LIMA,SAN JUAN DE LURIGANCHO,COM011,CANTO REY,2
89,2019,ENE - DIC,14/01/2020,ENT001,PROGRAMA NACIONAL CONTRA LA VIOLENCIA FAMILIAR Y SEXUAL,LIN001,ATENCIÃN INTEGRAL Y MULTIDISCIPLINARIA PARA VICTIMAS DE VIOLENCIA,SER001,CENTRO EMERGENCIA MUJER,LIMA METROPOLITANA,LIMA,EL AGUSTINO,COM015,DE FAMILIA EL AGUSTINO,1
90,2019,ENE - DIC,14/01/2020,ENT001,PROGRAMA NACIONAL CONTRA LA VIOLENCIA FAMILIAR Y SEXUAL,LIN001,ATENCIÃN INTEGRAL Y MULTIDISCIPLINARIA PARA VICTIMAS DE VIOLENCIA,SER001,CENTRO EMERGENCIA MUJER,LIMA METROPOLITANA,LIMA,LOS OLIVOS,COM018,LAURA CALLER,1
91,2019,ENE - DIC,14/01/2020,ENT001,PROGRAMA NACIONAL CONTRA LA VIOLENCIA FAMILIAR Y SEXUAL,LIN001,ATENCIÃN INTEGRAL Y MULTIDISCIPLINARIA PARA VICTIMAS DE VIOLENCIA,SER001,CENTRO EMERGENCIA MUJER,LIMA METROPOLITANA,LIMA,CARABAYLLO,COM020,SAN PEDRO DE CARABAYLLO,1
92,2019,ENE - DIC,14/01/2020,ENT001,PROGRAMA NACIONAL CONTRA LA VIOLENCIA FAMILIAR Y SEXUAL,LIN001,ATENCIÃN INTEGRAL Y MULTIDISCIPLINARIA PARA VICTIMAS DE VIOLENCIA,SER001,CENTRO EMERGENCIA MUJER,LIMA METROPOLITANA,LIMA,COMAS,COM022,DE FAMILIA COLLIQUE,2
93,2019,ENE - DIC,14/01/2020,ENT001,PROGRAMA NACIONAL CONTRA LA VIOLENCIA FAMILIAR Y SEXUAL,LIN001,ATENCIÃN INTEGRAL Y MULTIDISCIPLINARIA PARA VICTIMAS DE VIOLENCIA,SER001,CENTRO EMERGENCIA MUJER,LIMA METROPOLITANA,LIMA,SANTA ANITA,COM028,SANTA ANITA,3
94,2019,ENE - DIC,14/01/2020,ENT001,PROGRAMA NACIONAL CONTRA LA VIOLENCIA FAMILIAR Y SEXUAL,LIN001,ATENCIÃN INTEGRAL Y MULTIDISCIPLINARIA PARA VICTIMAS DE VIOLENCIA,SER001,CENTRO EMERGENCIA MUJER,LIMA METROPOLITANA,LIMA,PUEBLO LIBRE,COM034,PUEBLO LIBRE,1
95,2019,ENE - DIC,14/01/2020,ENT001,PROGRAMA NACIONAL CONTRA LA VIOLENCIA FAMILIAR Y SEXUAL,LIN001,ATENCIÃN INTEGRAL Y MULTIDISCIPLINARIA PARA VICTIMAS DE VIOLENCIA,SER001,CENTRO EMERGENCIA MUJER,LIMA METROPOLITANA,LIMA,SAN BORJA,COM037,SAN BORJA,1
96,2019,ENE - DIC,14/01/2020,ENT001,PROGRAMA NACIONAL CONTRA LA VIOLENCIA FAMILIAR Y SEXUAL,LIN001,ATENCIÃN INTEGRAL Y MULTIDISCIPLINARIA PARA VICTIMAS DE VIOLENCIA,SER001,CENTRO EMERGENCIA MUJER,LIMA PROVINCIA,HUARAL,CHANCAY,COM039,CHANCAY,1
97,2019,ENE - DIC,14/01/2020,ENT001,PROGRAMA NACIONAL CONTRA LA VIOLENCIA FAMILIAR Y SEXUAL,LIN001,ATENCIÃN INTEGRAL Y MULTIDISCIPLINARIA PARA VICTIMAS DE VIOLENCIA,SER001,CENTRO EMERGENCIA MUJER,LIMA METROPOLITANA,LIMA,SAN MARTIN DE PORRES,COM046,CONDEVILLA,1
98,2019,ENE - DIC,14/01/2020,ENT001,PROGRAMA NACIONAL CONTRA LA VIOLENCIA FAMILIAR Y SEXUAL,LIN001,ATENCIÃN INTEGRAL Y MULTIDISCIPLINARIA PARA VICTIMAS DE VIOLENCIA,SER001,CENTRO EMERGENCIA MUJER,LIMA PROVINCIA,HUAURA,HUACHO,COM047,HUACHO,1
99,2019,ENE - DIC,14/01/2020,ENT001,PROGRAMA NACIONAL CONTRA LA VIOLENCIA FAMILIAR Y SEXUAL,LIN001,ATENCIÃN INTEGRAL Y MULTIDISCIPLINARIA PARA VICTIMAS DE VIOLENCIA,SER001,CENTRO EMERGENCIA MUJER,LIMA PROVINCIA,BARRANCA,BARRANCA,COM052,BARRANCA,1
100,2019,ENE - DIC,14/01/2020,ENT001,PROGRAMA NACIONAL CONTRA LA VIOLENCIA FAMILIAR Y SEXUAL,LIN001,ATENCIÃN INTEGRAL Y MULTIDISCIPLINARIA PARA VICTIMAS DE VIOLENCIA,SER001,CENTRO EMERGENCIA MUJER,LIMA METROPOLITANA,LIMA,SAN JUAN DE LURIGANCHO,COM054,DE FAMILIA CANTO REY,1
101,2019,ENE - DIC,14/01/2020,ENT001,PROGRAMA NACIONAL CONTRA LA VIOLENCIA FAMILIAR Y SEXUAL,LIN001,ATENCIÃN INTEGRAL Y MULTIDISCIPLINARIA PARA VICTIMAS DE VIOLENCIA,SER001,CENTRO EMERGENCIA MUJER,LIMA METROPOLITANA,LIMA,PUENTE PIEDRA,COM063,PUENTE PIEDRA,1
102,2019,ENE - DIC,14/01/2020,ENT001,PROGRAMA NACIONAL CONTRA LA VIOLENCIA FAMILIAR Y SEXUAL,LIN001,ATENCIÃN INTEGRAL Y MULTIDISCIPLINARIA PARA VICTIMAS DE VIOLENCIA,SER001,CENTRO EMERGENCIA MUJER,LIMA PROVINCIA,CAÃETE,SAN ANTONIO,COM083,SAN ANTONIO - CAÃETE,2
103,2019,ENE - DIC,14/01/2020,ENT001,PROGRAMA NACIONAL CONTRA LA VIOLENCIA FAMILIAR Y SEXUAL,LIN001,ATENCIÃN INTEGRAL Y MULTIDISCIPLINARIA PARA VICTIMAS DE VIOLENCIA,SER001,CENTRO EMERGENCIA MUJER,LIMA METROPOLITANA,LIMA,LIMA,COM094,ALFONSO UGARTE,2
104,2020,ENE -DIC,15/01/2021,ENT001,PROGRAMA NACIONAL CONTRA LA VIOLENCIA FAMILIAR Y SEXUAL,LIN001,ATENCIÃN INTEGRAL Y MULTIDISCIPLINARIA PARA VICTIMAS DE VIOLENCIA,SER001,CENTRO EMERGENCIA MUJER,LIMA METROPOLITANA,LIMA,LIMA,COM094,COMISARIA ALFONSO UGARTE,1
105,2020,ENE -DIC,15/01/2021,ENT001,PROGRAMA NACIONAL CONTRA LA VIOLENCIA FAMILIAR Y SEXUAL,LIN001,ATENCIÃN INTEGRAL Y MULTIDISCIPLINARIA PARA VICTIMAS DE VIOLENCIA,SER001,CENTRO EMERGENCIA MUJER,LIMA METROPOLITANA,LIMA,ATE,COM043,COMISARIA VITARTE,1
106,2020,ENE -DIC,15/01/2021,ENT001,PROGRAMA NACIONAL CONTRA LA VIOLENCIA FAMILIAR Y SEXUAL,LIN001,ATENCIÃN INTEGRAL Y MULTIDISCIPLINARIA PARA VICTIMAS DE VIOLENCIA,SER001,CENTRO EMERGENCIA MUJER,LIMA METROPOLITANA,LIMA,CARABAYLLO,COM020,COMISARIA SAN PEDRO DE CARABAYLLO,1
107,2020,ENE -DIC,15/01/2021,ENT001,PROGRAMA NACIONAL CONTRA LA VIOLENCIA FAMILIAR Y SEXUAL,LIN001,ATENCIÃN INTEGRAL Y MULTIDISCIPLINARIA PARA VICTIMAS DE VIOLENCIA,SER001,CENTRO EMERGENCIA MUJER,LIMA METROPOLITANA,LIMA,CHORRILLOS,COM008,COMISARIA CHORRILLOS,3
108,2020,ENE -DIC,15/01/2021,ENT001,PROGRAMA NACIONAL CONTRA LA VIOLENCIA FAMILIAR Y SEXUAL,LIN001,ATENCIÃN INTEGRAL Y MULTIDISCIPLINARIA PARA VICTIMAS DE VIOLENCIA,SER001,CENTRO EMERGENCIA MUJER,LIMA METROPOLITANA,LIMA,COMAS,COM022,COMISARIA DE FAMILIA COLLIQUE,1
109,2020,ENE -DIC,15/01/2021,ENT001,PROGRAMA NACIONAL CONTRA LA VIOLENCIA FAMILIAR Y SEXUAL,LIN001,ATENCIÃN INTEGRAL Y MULTIDISCIPLINARIA PARA VICTIMAS DE VIOLENCIA,SER001,CENTRO EMERGENCIA MUJER,LIMA METROPOLITANA,LIMA,INDEPENDENCIA,CEM050,INDEPENDENCIA,1
110,2020,ENE -DIC,15/01/2021,ENT001,PROGRAMA NACIONAL CONTRA LA VIOLENCIA FAMILIAR Y SEXUAL,LIN001,ATENCIÃN INTEGRAL Y MULTIDISCIPLINARIA PARA VICTIMAS DE VIOLENCIA,SER001,CENTRO EMERGENCIA MUJER,LIMA METROPOLITANA,LIMA,LA VICTORIA,CEM241,LA VICTORIA,1
111,2020,ENE -DIC,15/01/2021,ENT001,PROGRAMA NACIONAL CONTRA LA VIOLENCIA FAMILIAR Y SEXUAL,LIN001,ATENCIÃN INTEGRAL Y MULTIDISCIPLINARIA PARA VICTIMAS DE VIOLENCIA,SER001,CENTRO EMERGENCIA MUJER,LIMA METROPOLITANA,LIMA,LA VICTORIA,COM059,COMISARIA APOLO,1
112,2020,ENE -DIC,15/01/2021,ENT001,PROGRAMA NACIONAL CONTRA LA VIOLENCIA FAMILIAR Y SEXUAL,LIN001,ATENCIÃN INTEGRAL Y MULTIDISCIPLINARIA PARA VICTIMAS DE VIOLENCIA,SER001,CENTRO EMERGENCIA MUJER,LIMA METROPOLITANA,LIMA,LOS OLIVOS,CEM061,LOS OLIVOS,1
113,2020,ENE -DIC,15/01/2021,ENT001,PROGRAMA NACIONAL CONTRA LA VIOLENCIA FAMILIAR Y SEXUAL,LIN001,ATENCIÃN INTEGRAL Y MULTIDISCIPLINARIA PARA VICTIMAS DE VIOLENCIA,SER001,CENTRO EMERGENCIA MUJER,LIMA METROPOLITANA,LIMA,LOS OLIVOS,COM018,COMISARIA LAURA CALLER,1
114,2020,ENE -DIC,15/01/2021,ENT001,PROGRAMA NACIONAL CONTRA LA VIOLENCIA FAMILIAR Y SEXUAL,LIN001,ATENCIÃN INTEGRAL Y MULTIDISCIPLINARIA PARA VICTIMAS DE VIOLENCIA,SER001,CENTRO EMERGENCIA MUJER,LIMA METROPOLITANA,LIMA,PACHACAMAC,CEM064,MANCHAY,1
115,2020,ENE -DIC,15/01/2021,ENT001,PROGRAMA NACIONAL CONTRA LA VIOLENCIA FAMILIAR Y SEXUAL,LIN001,ATENCIÃN INTEGRAL Y MULTIDISCIPLINARIA PARA VICTIMAS DE VIOLENCIA,SER001,CENTRO EMERGENCIA MUJER,LIMA METROPOLITANA,LIMA,PUENTE PIEDRA,COM063,COMISARIA PUENTE PIEDRA,1
116,2020,ENE -DIC,15/01/2021,ENT001,PROGRAMA NACIONAL CONTRA LA VIOLENCIA FAMILIAR Y SEXUAL,LIN001,ATENCIÃN INTEGRAL Y MULTIDISCIPLINARIA PARA VICTIMAS DE VIOLENCIA,SER001,CENTRO EMERGENCIA MUJER,LIMA METROPOLITANA,LIMA,SAN JUAN DE LURIGANCHO,COM101,COMISARIA SANTA ELIZABETH,2
117,2020,ENE -DIC,15/01/2021,ENT001,PROGRAMA NACIONAL CONTRA LA VIOLENCIA FAMILIAR Y SEXUAL,LIN001,ATENCIÃN INTEGRAL Y MULTIDISCIPLINARIA PARA VICTIMAS DE VIOLENCIA,SER001,CENTRO EMERGENCIA MUJER,LIMA METROPOLITANA,LIMA,SAN JUAN DE MIRAFLORES,COM113,COMISARIA PAMPLONA II,1
118,2020,ENE -DIC,15/01/2021,ENT001,PROGRAMA NACIONAL CONTRA LA VIOLENCIA FAMILIAR Y SEXUAL,LIN001,ATENCIÃN INTEGRAL Y MULTIDISCIPLINARIA PARA VICTIMAS DE VIOLENCIA,SER001,CENTRO EMERGENCIA MUJER,LIMA PROVINCIA,CANTA,CANTA,CEM214,CANTA,1
119,2020,ENE -DIC,15/01/2021,ENT001,PROGRAMA NACIONAL CONTRA LA VIOLENCIA FAMILIAR Y SEXUAL,LIN001,ATENCIÃN INTEGRAL Y MULTIDISCIPLINARIA PARA VICTIMAS DE VIOLENCIA,SER001,CENTRO EMERGENCIA MUJER,LIMA PROVINCIA,CAÃETE,IMPERIAL,CEM013,IMPERIAL,1
120,2020,ENE -DIC,15/01/2021,ENT001,PROGRAMA NACIONAL CONTRA LA VIOLENCIA FAMILIAR Y SEXUAL,LIN001,ATENCIÃN INTEGRAL Y MULTIDISCIPLINARIA PARA VICTIMAS DE VIOLENCIA,SER001,CENTRO EMERGENCIA MUJER,LIMA PROVINCIA,CAÃETE,SAN ANTONIO,COM083,COMISARIA SAN ANTONIO - CAÃETE,1
121,2020,ENE -DIC,15/01/2021,ENT001,PROGRAMA NACIONAL CONTRA LA VIOLENCIA FAMILIAR Y SEXUAL,LIN001,ATENCIÃN INTEGRAL Y MULTIDISCIPLINARIA PARA VICTIMAS DE VIOLENCIA,SER001,CENTRO EMERGENCIA MUJER,LIMA PROVINCIA,HUARAL,CHANCAY,COM039,COMISARIA CHANCAY,2
122,2020,ENE -DIC,15/01/2021,ENT001,PROGRAMA NACIONAL CONTRA LA VIOLENCIA FAMILIAR Y SEXUAL,LIN001,ATENCIÃN INTEGRAL Y MULTIDISCIPLINARIA PARA VICTIMAS DE VIOLENCIA,SER001,CENTRO EMERGENCIA MUJER,LIMA PROVINCIA,HUAURA,HUACHO,COM047,COMISARIA HUACHO,2
123,2020,ENE -DIC,15/01/2021,ENT001,PROGRAMA NACIONAL CONTRA LA VIOLENCIA FAMILIAR Y SEXUAL,LIN001,ATENCIÃN INTEGRAL Y MULTIDISCIPLINARIA PARA VICTIMAS DE VIOLENCIA,SER001,CENTRO EMERGENCIA MUJER,LIMA METROPOLITANA,,,,,4
124,2021,ENE - DIC,15/01/2022,ENT001,PROGRAMA NACIONAL CONTRA LA VIOLENCIA FAMILIAR Y SEXUAL,LIN001,ATENCIÃN INTEGRAL Y MULTIDISCIPLINARIA PARA VICTIMAS DE VIOLENCIA,SER001,CENTRO EMERGENCIA MUJER,LIMA METROPOLITANA,LIMA,SAN JUAN DE LURIGANCHO,COM054,DE FAMILIA CANTO REY,1
125,2021,ENE - DIC,15/01/2022,ENT001,PROGRAMA NACIONAL CONTRA LA VIOLENCIA FAMILIAR Y SEXUAL,LIN001,ATENCIÃN INTEGRAL Y MULTIDISCIPLINARIA PARA VICTIMAS DE VIOLENCIA,SER001,CENTRO EMERGENCIA MUJER,LIMA METROPOLITANA,LIMA,SAN JUAN DE MIRAFLORES,CEM076,SAN JUAN DE MIRAFLORES,2
126,2021,ENE - DIC,15/01/2022,ENT001,PROGRAMA NACIONAL CONTRA LA VIOLENCIA FAMILIAR Y SEXUAL,LIN001,ATENCIÃN INTEGRAL Y MULTIDISCIPLINARIA PARA VICTIMAS DE VIOLENCIA,SER001,CENTRO EMERGENCIA MUJER,LIMA METROPOLITANA,LIMA,SAN MARTIN DE PORRES,CEM089,SAN MARTIN DE PORRES,1
127,2021,ENE - DIC,15/01/2022,ENT001,PROGRAMA NACIONAL CONTRA LA VIOLENCIA FAMILIAR Y SEXUAL,LIN001,ATENCIÃN INTEGRAL Y MULTIDISCIPLINARIA PARA VICTIMAS DE VIOLENCIA,SER001,CENTRO EMERGENCIA MUJER,LIMA PROVINCIA,HUAROCHIRI,MATUCANA,CEM044,HUAROCHIRI,1
128,2021,ENE - DIC,15/01/2022,ENT001,PROGRAMA NACIONAL CONTRA LA VIOLENCIA FAMILIAR Y SEXUAL,LIN001,ATENCIÃN INTEGRAL Y MULTIDISCIPLINARIA PARA VICTIMAS DE VIOLENCIA,SER001,CENTRO EMERGENCIA MUJER,LIMA METROPOLITANA,LIMA,ATE,COM043,VITARTE,2
129,2021,ENE - DIC,15/01/2022,ENT001,PROGRAMA NACIONAL CONTRA LA VIOLENCIA FAMILIAR Y SEXUAL,LIN001,ATENCIÃN INTEGRAL Y MULTIDISCIPLINARIA PARA VICTIMAS DE VIOLENCIA,SER001,CENTRO EMERGENCIA MUJER,LIMA METROPOLITANA,LIMA,LOS OLIVOS,COM102,SOL DE ORO,3
130,2021,ENE - DIC,15/01/2022,ENT001,PROGRAMA NACIONAL CONTRA LA VIOLENCIA FAMILIAR Y SEXUAL,LIN001,ATENCIÃN INTEGRAL Y MULTIDISCIPLINARIA PARA VICTIMAS DE VIOLENCIA,SER001,CENTRO EMERGENCIA MUJER,LIMA METROPOLITANA,LIMA,PUENTE PIEDRA,COM063,PUENTE PIEDRA,3
131,2021,ENE - DIC,15/01/2022,ENT001,PROGRAMA NACIONAL CONTRA LA VIOLENCIA FAMILIAR Y SEXUAL,LIN001,ATENCIÃN INTEGRAL Y MULTIDISCIPLINARIA PARA VICTIMAS DE VIOLENCIA,SER001,CENTRO EMERGENCIA MUJER,LIMA PROVINCIA,BARRANCA,BARRANCA,COM052,BARRANCA,1
132,2021,ENE - DIC,15/01/2022,ENT001,PROGRAMA NACIONAL CONTRA LA VIOLENCIA FAMILIAR Y SEXUAL,LIN001,ATENCIÃN INTEGRAL Y MULTIDISCIPLINARIA PARA VICTIMAS DE VIOLENCIA,SER001,CENTRO EMERGENCIA MUJER,LIMA METROPOLITANA,LIMA,SANTIAGO DE SURCO,CEM096,SURCO,1
133,2021,ENE - DIC,15/01/2022,ENT001,PROGRAMA NACIONAL CONTRA LA VIOLENCIA FAMILIAR Y SEXUAL,LIN001,ATENCIÃN INTEGRAL Y MULTIDISCIPLINARIA PARA VICTIMAS DE VIOLENCIA,SER001,CENTRO EMERGENCIA MUJER,LIMA METROPOLITANA,LIMA,SAN BORJA,COM037,SAN BORJA,1
134,2021,ENE - DIC,15/01/2022,ENT001,PROGRAMA NACIONAL CONTRA LA VIOLENCIA FAMILIAR Y SEXUAL,LIN001,ATENCIÃN INTEGRAL Y MULTIDISCIPLINARIA PARA VICTIMAS DE VIOLENCIA,SER001,CENTRO EMERGENCIA MUJER,LIMA METROPOLITANA,LIMA,CARABAYLLO,CEM014,CARABAYLLO,1
135,2021,ENE - DIC,15/01/2022,ENT001,PROGRAMA NACIONAL CONTRA LA VIOLENCIA FAMILIAR Y SEXUAL,LIN001,ATENCIÃN INTEGRAL Y MULTIDISCIPLINARIA PARA VICTIMAS DE VIOLENCIA,SER001,CENTRO EMERGENCIA MUJER,LIMA PROVINCIA,CAÃETE,SAN ANTONIO,COM083,SAN ANTONIO - CAÃETE,1
136,2021,ENE - DIC,15/01/2022,ENT001,PROGRAMA NACIONAL CONTRA LA VIOLENCIA FAMILIAR Y SEXUAL,LIN001,ATENCIÃN INTEGRAL Y MULTIDISCIPLINARIA PARA VICTIMAS DE VIOLENCIA,SER001,CENTRO EMERGENCIA MUJER,LIMA METROPOLITANA,LIMA,ATE,COM107,HUAYCAN,1
137,2021,ENE - DIC,15/01/2022,ENT001,PROGRAMA NACIONAL CONTRA LA VIOLENCIA FAMILIAR Y SEXUAL,LIN001,ATENCIÃN INTEGRAL Y MULTIDISCIPLINARIA PARA VICTIMAS DE VIOLENCIA,SER001,CENTRO EMERGENCIA MUJER,LIMA METROPOLITANA,LIMA,PACHACAMAC,CEM064,MANCHAY,1
138,2021,ENE - DIC,15/01/2022,ENT001,PROGRAMA NACIONAL CONTRA LA VIOLENCIA FAMILIAR Y SEXUAL,LIN001,ATENCIÃN INTEGRAL Y MULTIDISCIPLINARIA PARA VICTIMAS DE VIOLENCIA,SER001,CENTRO EMERGENCIA MUJER,LIMA METROPOLITANA,LIMA,SANTA ROSA,CEM210,SANTA ROSA,1
139,2021,ENE - DIC,15/01/2022,ENT001,PROGRAMA NACIONAL CONTRA LA VIOLENCIA FAMILIAR Y SEXUAL,LIN001,ATENCIÃN INTEGRAL Y MULTIDISCIPLINARIA PARA VICTIMAS DE VIOLENCIA,SER001,CENTRO EMERGENCIA MUJER,LIMA PROVINCIA,HUAROCHIRI,SAN ANTONIO,COM131,JICAMARCA II,2
140,2021,ENE - DIC,15/01/2022,ENT001,PROGRAMA NACIONAL CONTRA LA VIOLENCIA FAMILIAR Y SEXUAL,LIN001,ATENCIÃN INTEGRAL Y MULTIDISCIPLINARIA PARA VICTIMAS DE VIOLENCIA,SER001,CENTRO EMERGENCIA MUJER,LIMA METROPOLITANA,LIMA,CHORRILLOS,COM008,CHORRILLOS,2
141,2021,ENE - DIC,15/01/2022,ENT001,PROGRAMA NACIONAL CONTRA LA VIOLENCIA FAMILIAR Y SEXUAL,LIN001,ATENCIÃN INTEGRAL Y MULTIDISCIPLINARIA PARA VICTIMAS DE VIOLENCIA,SER001,CENTRO EMERGENCIA MUJER,LIMA METROPOLITANA,LIMA,VILLA MARIA DEL TRIUNFO,COM005,VILLA MARIA DEL TRIUNFO,1
142,2021,ENE - DIC,15/01/2022,ENT001,PROGRAMA NACIONAL CONTRA LA VIOLENCIA FAMILIAR Y SEXUAL,LIN001,ATENCIÃN INTEGRAL Y MULTIDISCIPLINARIA PARA VICTIMAS DE VIOLENCIA,SER001,CENTRO EMERGENCIA MUJER,LIMA METROPOLITANA,LIMA,COMAS,COM022,DE FAMILIA COLLIQUE,2
143,2021,ENE - DIC,15/01/2022,ENT001,PROGRAMA NACIONAL CONTRA LA VIOLENCIA FAMILIAR Y SEXUAL,LIN001,ATENCIÃN INTEGRAL Y MULTIDISCIPLINARIA PARA VICTIMAS DE VIOLENCIA,SER001,CENTRO EMERGENCIA MUJER,LIMA PROVINCIA,BARRANCA,BARRANCA,CEM155,BARRANCA,1
144,2021,ENE - DIC,15/01/2022,ENT001,PROGRAMA NACIONAL CONTRA LA VIOLENCIA FAMILIAR Y SEXUAL,LIN001,ATENCIÃN INTEGRAL Y MULTIDISCIPLINARIA PARA VICTIMAS DE VIOLENCIA,SER001,CENTRO EMERGENCIA MUJER,LIMA METROPOLITANA,LIMA,INDEPENDENCIA,CEM050,INDEPENDENCIA,1
145,2021,ENE - DIC,15/01/2022,ENT001,PROGRAMA NACIONAL CONTRA LA VIOLENCIA FAMILIAR Y SEXUAL,LIN001,ATENCIÃN INTEGRAL Y MULTIDISCIPLINARIA PARA VICTIMAS DE VIOLENCIA,SER001,CENTRO EMERGENCIA MUJER,LIMA METROPOLITANA,LIMA,VILLA MARIA DEL TRIUNFO,CEM110,VILLA MARIA DEL TRIUNFO,1
146,2021,ENE - DIC,15/01/2022,ENT001,PROGRAMA NACIONAL CONTRA LA VIOLENCIA FAMILIAR Y SEXUAL,LIN001,ATENCIÃN INTEGRAL Y MULTIDISCIPLINARIA PARA VICTIMAS DE VIOLENCIA,SER001,CENTRO EMERGENCIA MUJER,LIMA PROVINCIA,HUAURA,HUACHO,COM047,COMISARIA HUACHO,1
147,2022,ENE - DIC,15/01/2023,ENT001,PROGRAMA NACIONAL CONTRA LA VIOLENCIA FAMILIAR Y SEXUAL,LIN001,ATENCIÃN INTEGRAL Y MULTIDISCIPLINARIA PARA VICTIMAS DE VIOLENCIA,SER001,CENTRO EMERGENCIA MUJER,LIMA METROPOLITANA,LIMA,LIMA,CEM060,LIMA,1
148,2022,ENE - DIC,15/01/2023,ENT001,PROGRAMA NACIONAL CONTRA LA VIOLENCIA FAMILIAR Y SEXUAL,LIN001,ATENCIÃN INTEGRAL Y MULTIDISCIPLINARIA PARA VICTIMAS DE VIOLENCIA,SER001,CENTRO EMERGENCIA MUJER,LIMA METROPOLITANA,LIMA,LIMA,COM094,COMISARIA ALFONSO UGARTE,1
149,2022,ENE - DIC,15/01/2023,ENT001,PROGRAMA NACIONAL CONTRA LA VIOLENCIA FAMILIAR Y SEXUAL,LIN001,ATENCIÃN INTEGRAL Y MULTIDISCIPLINARIA PARA VICTIMAS DE VIOLENCIA,SER001,CENTRO EMERGENCIA MUJER,LIMA METROPOLITANA,LIMA,CARABAYLLO,CEM014,CARABAYLLO,1
150,2022,ENE - DIC,15/01/2023,ENT001,PROGRAMA NACIONAL CONTRA LA VIOLENCIA FAMILIAR Y SEXUAL,LIN001,ATENCIÃN INTEGRAL Y MULTIDISCIPLINARIA PARA VICTIMAS DE VIOLENCIA,SER001,CENTRO EMERGENCIA MUJER,LIMA METROPOLITANA,LIMA,CARABAYLLO,COM020,COMISARIA SAN PEDRO DE CARABAYLLO,1
151,2022,ENE - DIC,15/01/2023,ENT001,PROGRAMA NACIONAL CONTRA LA VIOLENCIA FAMILIAR Y SEXUAL,LIN001,ATENCIÃN INTEGRAL Y MULTIDISCIPLINARIA PARA VICTIMAS DE VIOLENCIA,SER001,CENTRO EMERGENCIA MUJER,LIMA METROPOLITANA,LIMA,COMAS,CEM029,COMAS,1
152,2022,ENE - DIC,15/01/2023,ENT001,PROGRAMA NACIONAL CONTRA LA VIOLENCIA FAMILIAR Y SEXUAL,LIN001,ATENCIÃN INTEGRAL Y MULTIDISCIPLINARIA PARA VICTIMAS DE VIOLENCIA,SER001,CENTRO EMERGENCIA MUJER,LIMA METROPOLITANA,LIMA,COMAS,COM022,COMISARIA DE FAMILIA COLLIQUE,1
153,2022,ENE - DIC,15/01/2023,ENT001,PROGRAMA NACIONAL CONTRA LA VIOLENCIA FAMILIAR Y SEXUAL,LIN001,ATENCIÃN INTEGRAL Y MULTIDISCIPLINARIA PARA VICTIMAS DE VIOLENCIA,SER001,CENTRO EMERGENCIA MUJER,LIMA METROPOLITANA,LIMA,EL AGUSTINO,COM015,COMISARIA DE FAMILIA EL AGUSTINO,1
154,2022,ENE - DIC,15/01/2023,ENT001,PROGRAMA NACIONAL CONTRA LA VIOLENCIA FAMILIAR Y SEXUAL,LIN001,ATENCIÃN INTEGRAL Y MULTIDISCIPLINARIA PARA VICTIMAS DE VIOLENCIA,SER001,CENTRO EMERGENCIA MUJER,LIMA METROPOLITANA,LIMA,INDEPENDENCIA,COM152,COMISARIA INDEPENDENCIA,1
155,2022,ENE - DIC,15/01/2023,ENT001,PROGRAMA NACIONAL CONTRA LA VIOLENCIA FAMILIAR Y SEXUAL,LIN001,ATENCIÃN INTEGRAL Y MULTIDISCIPLINARIA PARA VICTIMAS DE VIOLENCIA,SER001,CENTRO EMERGENCIA MUJER,LIMA METROPOLITANA,LIMA,LA MOLINA,COM058,COMISARIA LA MOLINA,1
156,2022,ENE - DIC,15/01/2023,ENT001,PROGRAMA NACIONAL CONTRA LA VIOLENCIA FAMILIAR Y SEXUAL,LIN001,ATENCIÃN INTEGRAL Y MULTIDISCIPLINARIA PARA VICTIMAS DE VIOLENCIA,SER001,CENTRO EMERGENCIA MUJER,LIMA METROPOLITANA,LIMA,LA VICTORIA,CEM241,LA VICTORIA,1
157,2022,ENE - DIC,15/01/2023,ENT001,PROGRAMA NACIONAL CONTRA LA VIOLENCIA FAMILIAR Y SEXUAL,LIN001,ATENCIÃN INTEGRAL Y MULTIDISCIPLINARIA PARA VICTIMAS DE VIOLENCIA,SER001,CENTRO EMERGENCIA MUJER,LIMA METROPOLITANA,LIMA,LOS OLIVOS,COM102,COMISARIA SOL DE ORO,2
158,2022,ENE - DIC,15/01/2023,ENT001,PROGRAMA NACIONAL CONTRA LA VIOLENCIA FAMILIAR Y SEXUAL,LIN001,ATENCIÃN INTEGRAL Y MULTIDISCIPLINARIA PARA VICTIMAS DE VIOLENCIA,SER001,CENTRO EMERGENCIA MUJER,LIMA METROPOLITANA,LIMA,LURIN,COM036,COMISARIA LURIN,1
159,2022,ENE - DIC,15/01/2023,ENT001,PROGRAMA NACIONAL CONTRA LA VIOLENCIA FAMILIAR Y SEXUAL,LIN001,ATENCIÃN INTEGRAL Y MULTIDISCIPLINARIA PARA VICTIMAS DE VIOLENCIA,SER001,CENTRO EMERGENCIA MUJER,LIMA METROPOLITANA,LIMA,PUEBLO LIBRE,SAU001,LIMA,6
160,2022,ENE - DIC,15/01/2023,ENT001,PROGRAMA NACIONAL CONTRA LA VIOLENCIA FAMILIAR Y SEXUAL,LIN001,ATENCIÃN INTEGRAL Y MULTIDISCIPLINARIA PARA VICTIMAS DE VIOLENCIA,SER001,CENTRO EMERGENCIA MUJER,LIMA METROPOLITANA,LIMA,RIMAC,CEM145,RIMAC,2
161,2022,ENE - DIC,15/01/2023,ENT001,PROGRAMA NACIONAL CONTRA LA VIOLENCIA FAMILIAR Y SEXUAL,LIN001,ATENCIÃN INTEGRAL Y MULTIDISCIPLINARIA PARA VICTIMAS DE VIOLENCIA,SER001,CENTRO EMERGENCIA MUJER,LIMA METROPOLITANA,LIMA,SAN JUAN DE LURIGANCHO,COM106,COMISARIA CAJA DE AGUA,2
162,2022,ENE - DIC,15/01/2023,ENT001,PROGRAMA NACIONAL CONTRA LA VIOLENCIA FAMILIAR Y SEXUAL,LIN001,ATENCIÃN INTEGRAL Y MULTIDISCIPLINARIA PARA VICTIMAS DE VIOLENCIA,SER001,CENTRO EMERGENCIA MUJER,LIMA METROPOLITANA,LIMA,SAN LUIS,COM092,COMISARIA SAN LUIS,1
163,2022,ENE - DIC,15/01/2023,ENT001,PROGRAMA NACIONAL CONTRA LA VIOLENCIA FAMILIAR Y SEXUAL,LIN001,ATENCIÃN INTEGRAL Y MULTIDISCIPLINARIA PARA VICTIMAS DE VIOLENCIA,SER001,CENTRO EMERGENCIA MUJER,LIMA METROPOLITANA,LIMA,SAN MARTIN DE PORRES,COM046,COMISARIA CONDEVILLA,1
164,2022,ENE - DIC,15/01/2023,ENT001,PROGRAMA NACIONAL CONTRA LA VIOLENCIA FAMILIAR Y SEXUAL,LIN001,ATENCIÃN INTEGRAL Y MULTIDISCIPLINARIA PARA VICTIMAS DE VIOLENCIA,SER001,CENTRO EMERGENCIA MUJER,LIMA METROPOLITANA,LIMA,SANTA ANITA,COM028,COMISARIA SANTA ANITA,1
165,2022,ENE - DIC,15/01/2023,ENT001,PROGRAMA NACIONAL CONTRA LA VIOLENCIA FAMILIAR Y SEXUAL,LIN001,ATENCIÃN INTEGRAL Y MULTIDISCIPLINARIA PARA VICTIMAS DE VIOLENCIA,SER001,CENTRO EMERGENCIA MUJER,LIMA PROVINCIA,BARRANCA,BARRANCA,COM052,COMISARIA BARRANCA,1
166,2022,ENE - DIC,15/01/2023,ENT001,PROGRAMA NACIONAL CONTRA LA VIOLENCIA FAMILIAR Y SEXUAL,LIN001,ATENCIÃN INTEGRAL Y MULTIDISCIPLINARIA PARA VICTIMAS DE VIOLENCIA,SER001,CENTRO EMERGENCIA MUJER,LIMA PROVINCIA,BARRANCA,PARAMONGA,COM132,COMISARIA PARAMONGA,1
167,2022,ENE - DIC,15/01/2023,ENT001,PROGRAMA NACIONAL CONTRA LA VIOLENCIA FAMILIAR Y SEXUAL,LIN001,ATENCIÃN INTEGRAL Y MULTIDISCIPLINARIA PARA VICTIMAS DE VIOLENCIA,SER001,CENTRO EMERGENCIA MUJER,LIMA PROVINCIA,CAÃETE,SAN VICENTE DE CAÃETE,COM085,COMISARIA SAN VICENTE DE CAÃETE,1
168,2022,ENE - DIC,15/01/2023,ENT001,PROGRAMA NACIONAL CONTRA LA VIOLENCIA FAMILIAR Y SEXUAL,LIN001,ATENCIÃN INTEGRAL Y MULTIDISCIPLINARIA PARA VICTIMAS DE VIOLENCIA,SER001,CENTRO EMERGENCIA MUJER,LIMA PROVINCIA,HUARAL,HUARAL,CEM124,HUARAL,1
169,2022,ENE - DIC,15/01/2023,ENT001,PROGRAMA NACIONAL CONTRA LA VIOLENCIA FAMILIAR Y SEXUAL,LIN001,ATENCIÃN INTEGRAL Y MULTIDISCIPLINARIA PARA VICTIMAS DE VIOLENCIA,SER001,CENTRO EMERGENCIA MUJER,LIMA PROVINCIA,HUAURA,HUACHO,COM047,COMISARIA HUACHO,1
170,2022,ENE - DIC,15/01/2023,ENT001,PROGRAMA NACIONAL CONTRA LA VIOLENCIA FAMILIAR Y SEXUAL,LIN001,ATENCIÃN INTEGRAL Y MULTIDISCIPLINARIA PARA VICTIMAS DE VIOLENCIA,SER001,CENTRO EMERGENCIA MUJER,LIMA PROVINCIA,HUAURA,SAYAN,COM100,COMISARIA SAYAN,1
171,2023,ENE - JUL,15/08/2023,ENT001,PROGRAMA NACIONAL CONTRA LA VIOLENCIA FAMILIAR Y SEXUAL,LIN001,ATENCIÃN INTEGRAL Y MULTIDISCIPLINARIA PARA VICTIMAS DE VIOLENCIA,SER001,CENTRO EMERGENCIA MUJER,LIMA METROPOLITANA,LIMA,ANCON,COM110,COMISARIA ANCON,1
172,2023,ENE - JUL,15/08/2023,ENT001,PROGRAMA NACIONAL CONTRA LA VIOLENCIA FAMILIAR Y SEXUAL,LIN001,ATENCIÃN INTEGRAL Y MULTIDISCIPLINARIA PARA VICTIMAS DE VIOLENCIA,SER001,CENTRO EMERGENCIA MUJER,LIMA METROPOLITANA,LIMA,ATE,COM107,COMISARIA HUAYCAN,1
173,2023,ENE - JUL,15/08/2023,ENT001,PROGRAMA NACIONAL CONTRA LA VIOLENCIA FAMILIAR Y SEXUAL,LIN001,ATENCIÃN INTEGRAL Y MULTIDISCIPLINARIA PARA VICTIMAS DE VIOLENCIA,SER001,CENTRO EMERGENCIA MUJER,LIMA METROPOLITANA,LIMA,LA MOLINA,COM058,COMISARIA LA MOLINA,1
174,2023,ENE - JUL,15/08/2023,ENT001,PROGRAMA NACIONAL CONTRA LA VIOLENCIA FAMILIAR Y SEXUAL,LIN001,ATENCIÃN INTEGRAL Y MULTIDISCIPLINARIA PARA VICTIMAS DE VIOLENCIA,SER001,CENTRO EMERGENCIA MUJER,LIMA METROPOLITANA,LIMA,LOS OLIVOS,COM102,COMISARIA SOL DE ORO,1
175,2023,ENE - JUL,15/08/2023,ENT001,PROGRAMA NACIONAL CONTRA LA VIOLENCIA FAMILIAR Y SEXUAL,LIN001,ATENCIÃN INTEGRAL Y MULTIDISCIPLINARIA PARA VICTIMAS DE VIOLENCIA,SER001,CENTRO EMERGENCIA MUJER,LIMA METROPOLITANA,LIMA,LURIGANCHO,CEM223,CHOSICA,1
176,2023,ENE - JUL,15/08/2023,ENT001,PROGRAMA NACIONAL CONTRA LA VIOLENCIA FAMILIAR Y SEXUAL,LIN001,ATENCIÃN INTEGRAL Y MULTIDISCIPLINARIA PARA VICTIMAS DE VIOLENCIA,SER001,CENTRO EMERGENCIA MUJER,LIMA METROPOLITANA,LIMA,LURIGANCHO,COM155,COMISARIA HUACHIPA,1
177,2023,ENE - JUL,15/08/2023,ENT001,PROGRAMA NACIONAL CONTRA LA VIOLENCIA FAMILIAR Y SEXUAL,LIN001,ATENCIÃN INTEGRAL Y MULTIDISCIPLINARIA PARA VICTIMAS DE VIOLENCIA,SER001,CENTRO EMERGENCIA MUJER,LIMA METROPOLITANA,LIMA,LURIN,COM036,COMISARIA LURIN,1
178,2023,ENE - JUL,15/08/2023,ENT001,PROGRAMA NACIONAL CONTRA LA VIOLENCIA FAMILIAR Y SEXUAL,LIN001,ATENCIÃN INTEGRAL Y MULTIDISCIPLINARIA PARA VICTIMAS DE VIOLENCIA,SER001,CENTRO EMERGENCIA MUJER,LIMA METROPOLITANA,LIMA,PUEBLO LIBRE,SAU001,LIMA,2
179,2023,ENE - JUL,15/08/2023,ENT001,PROGRAMA NACIONAL CONTRA LA VIOLENCIA FAMILIAR Y SEXUAL,LIN001,ATENCIÃN INTEGRAL Y MULTIDISCIPLINARIA PARA VICTIMAS DE VIOLENCIA,SER001,CENTRO EMERGENCIA MUJER,LIMA METROPOLITANA,LIMA,VILLA EL SALVADOR,CEM109,VILLA EL SALVADOR,1
180,2023,ENE - JUL,15/08/2023,ENT001,PROGRAMA NACIONAL CONTRA LA VIOLENCIA FAMILIAR Y SEXUAL,LIN001,ATENCIÃN INTEGRAL Y MULTIDISCIPLINARIA PARA VICTIMAS DE VIOLENCIA,SER001,CENTRO EMERGENCIA MUJER,LIMA PROVINCIA,CAÃETE,SAN ANTONIO,COM083,COMISARIA SAN ANTONIO - CAÃETE,1
181,2023,ENE - JUL,15/08/2023,ENT001,PROGRAMA NACIONAL CONTRA LA VIOLENCIA FAMILIAR Y SEXUAL,LIN001,ATENCIÃN INTEGRAL Y MULTIDISCIPLINARIA PARA VICTIMAS DE VIOLENCIA,SER001,CENTRO EMERGENCIA MUJER,LIMA PROVINCIA,HUARAL,HUARAL,CEM124,HUARAL,1
