,YEAR,PERIOD,SEND DATE,ENTITY CODE,ENTITY,LINE CODE,INTERVENTION LINE,SERVICE CODE,SERVICE NAME,DEPARTMENT,PROVINCE,DISTRICT,CENTER_CODE,NAME OF CARE CENTER,relational bond,no cases
0,2012,ENE - DIC,05/01/2014,ENT001,PROGRAMA NACIONAL CONTRA LA VIOLENCIA FAMILIAR Y SEXUAL,LIN001,ATENCIÃN INTEGRAL Y MULTIDISCIPLINARIA PARA VICTIMAS DE VIOLENCIA,SER005,REGISTRO DE FEMINICIDIO,LIMA DEPARTAMENTO,,,,,couple,0.0
1,2013,ENE - DIC,05/01/2014,ENT001,PROGRAMA NACIONAL CONTRA LA VIOLENCIA FAMILIAR Y SEXUAL,LIN001,ATENCIÃN INTEGRAL Y MULTIDISCIPLINARIA PARA VICTIMAS DE VIOLENCIA,SER005,REGISTRO DE FEMINICIDIO,LIMA DEPARTAMENTO,,,,,couple,0.0
2,2014,ENE - DIC,10/01/2015,ENT001,PROGRAMA NACIONAL CONTRA LA VIOLENCIA FAMILIAR Y SEXUAL,LIN001,ATENCIÃN INTEGRAL Y MULTIDISCIPLINARIA PARA VICTIMAS DE VIOLENCIA,SER005,REGISTRO DE FEMINICIDIO,LIMA DEPARTAMENTO,,,,,couple,0.0
3,2015,ENE - DIC,11/01/2016,ENT001,PROGRAMA NACIONAL CONTRA LA VIOLENCIA FAMILIAR Y SEXUAL,LIN001,ATENCIÃN INTEGRAL Y MULTIDISCIPLINARIA PARA VICTIMAS DE VIOLENCIA,SER005,REGISTRO DE FEMINICIDIO,LIMA DEPARTAMENTO,,,,,couple,0.0
4,2016,ENE - DIC,13/01/2017,ENT001,PROGRAMA NACIONAL CONTRA LA VIOLENCIA FAMILIAR Y SEXUAL,LIN001,ATENCIÃN INTEGRAL Y MULTIDISCIPLINARIA PARA VICTIMAS DE VIOLENCIA,SER005,REGISTRO DE FEMINICIDIO,LIMA PROVINCIA,CAÃETE,IMPERIAL,CEM013,IMPERIAL,couple,2.0
5,2016,ENE - DIC,13/01/2017,ENT001,PROGRAMA NACIONAL CONTRA LA VIOLENCIA FAMILIAR Y SEXUAL,LIN001,ATENCIÃN INTEGRAL Y MULTIDISCIPLINARIA PARA VICTIMAS DE VIOLENCIA,SER005,REGISTRO DE FEMINICIDIO,LIMA METROPOLITANA,LIMA,CARABAYLLO,CEM014,CARABAYLLO,couple,1.0
6,2016,ENE - DIC,13/01/2017,ENT001,PROGRAMA NACIONAL CONTRA LA VIOLENCIA FAMILIAR Y SEXUAL,LIN001,ATENCIÃN INTEGRAL Y MULTIDISCIPLINARIA PARA VICTIMAS DE VIOLENCIA,SER005,REGISTRO DE FEMINICIDIO,LIMA METROPOLITANA,LIMA,EL AGUSTINO,CEM032,EL AGUSTINO,couple,1.0
7,2016,ENE - DIC,13/01/2017,ENT001,PROGRAMA NACIONAL CONTRA LA VIOLENCIA FAMILIAR Y SEXUAL,LIN001,ATENCIÃN INTEGRAL Y MULTIDISCIPLINARIA PARA VICTIMAS DE VIOLENCIA,SER005,REGISTRO DE FEMINICIDIO,LIMA METROPOLITANA,LIMA,ATE,CEM045,HUAYCAN,couple,4.0
8,2016,ENE - DIC,13/01/2017,ENT001,PROGRAMA NACIONAL CONTRA LA VIOLENCIA FAMILIAR Y SEXUAL,LIN001,ATENCIÃN INTEGRAL Y MULTIDISCIPLINARIA PARA VICTIMAS DE VIOLENCIA,SER005,REGISTRO DE FEMINICIDIO,LIMA METROPOLITANA,LIMA,LIMA,CEM060,LIMA,couple,1.0
9,2016,ENE - DIC,13/01/2017,ENT001,PROGRAMA NACIONAL CONTRA LA VIOLENCIA FAMILIAR Y SEXUAL,LIN001,ATENCIÃN INTEGRAL Y MULTIDISCIPLINARIA PARA VICTIMAS DE VIOLENCIA,SER005,REGISTRO DE FEMINICIDIO,LIMA METROPOLITANA,LIMA,LOS OLIVOS,CEM061,LOS OLIVOS,couple,1.0
10,2016,ENE - DIC,13/01/2017,ENT001,PROGRAMA NACIONAL CONTRA LA VIOLENCIA FAMILIAR Y SEXUAL,LIN001,ATENCIÃN INTEGRAL Y MULTIDISCIPLINARIA PARA VICTIMAS DE VIOLENCIA,SER005,REGISTRO DE FEMINICIDIO,LIMA METROPOLITANA,LIMA,SAN JUAN DE MIRAFLORES,CEM076,SAN JUAN DE MIRAFLORES,couple,0.0
11,2016,ENE - DIC,13/01/2017,ENT001,PROGRAMA NACIONAL CONTRA LA VIOLENCIA FAMILIAR Y SEXUAL,LIN001,ATENCIÃN INTEGRAL Y MULTIDISCIPLINARIA PARA VICTIMAS DE VIOLENCIA,SER005,REGISTRO DE FEMINICIDIO,LIMA METROPOLITANA,LIMA,LA MOLINA,CEM087,LA MOLINA,couple,2.0
12,2016,ENE - DIC,13/01/2017,ENT001,PROGRAMA NACIONAL CONTRA LA VIOLENCIA FAMILIAR Y SEXUAL,LIN001,ATENCIÃN INTEGRAL Y MULTIDISCIPLINARIA PARA VICTIMAS DE VIOLENCIA,SER005,REGISTRO DE FEMINICIDIO,LIMA METROPOLITANA,LIMA,SAN JUAN DE LURIGANCHO,CEM088,SAN JUAN DE LURIGANCHO,couple,4.0
13,2016,ENE - DIC,13/01/2017,ENT001,PROGRAMA NACIONAL CONTRA LA VIOLENCIA FAMILIAR Y SEXUAL,LIN001,ATENCIÃN INTEGRAL Y MULTIDISCIPLINARIA PARA VICTIMAS DE VIOLENCIA,SER005,REGISTRO DE FEMINICIDIO,LIMA METROPOLITANA,LIMA,SAN MARTIN DE PORRES,CEM089,SAN MARTIN DE PORRES,couple,3.0
14,2016,ENE - DIC,13/01/2017,ENT001,PROGRAMA NACIONAL CONTRA LA VIOLENCIA FAMILIAR Y SEXUAL,LIN001,ATENCIÃN INTEGRAL Y MULTIDISCIPLINARIA PARA VICTIMAS DE VIOLENCIA,SER005,REGISTRO DE FEMINICIDIO,LIMA METROPOLITANA,LIMA,SURQUILLO,CEM097,SURQUILLO,couple,1.0
15,2016,ENE - DIC,13/01/2017,ENT001,PROGRAMA NACIONAL CONTRA LA VIOLENCIA FAMILIAR Y SEXUAL,LIN001,ATENCIÃN INTEGRAL Y MULTIDISCIPLINARIA PARA VICTIMAS DE VIOLENCIA,SER005,REGISTRO DE FEMINICIDIO,LIMA METROPOLITANA,LIMA,VILLA EL SALVADOR,CEM109,VILLA EL SALVADOR,couple,2.0
16,2016,ENE - DIC,13/01/2017,ENT001,PROGRAMA NACIONAL CONTRA LA VIOLENCIA FAMILIAR Y SEXUAL,LIN001,ATENCIÃN INTEGRAL Y MULTIDISCIPLINARIA PARA VICTIMAS DE VIOLENCIA,SER005,REGISTRO DE FEMINICIDIO,LIMA METROPOLITANA,LIMA,VILLA MARIA DEL TRIUNFO,CEM110,VILLA MARIA DEL TRIUNFO,couple,0.0
17,2016,ENE - DIC,13/01/2017,ENT001,PROGRAMA NACIONAL CONTRA LA VIOLENCIA FAMILIAR Y SEXUAL,LIN001,ATENCIÃN INTEGRAL Y MULTIDISCIPLINARIA PARA VICTIMAS DE VIOLENCIA,SER005,REGISTRO DE FEMINICIDIO,LIMA METROPOLITANA,LIMA,PUENTE PIEDRA,CEM122,PUENTE PIEDRA,couple,1.0
18,2016,ENE - DIC,13/01/2017,ENT001,PROGRAMA NACIONAL CONTRA LA VIOLENCIA FAMILIAR Y SEXUAL,LIN001,ATENCIÃN INTEGRAL Y MULTIDISCIPLINARIA PARA VICTIMAS DE VIOLENCIA,SER005,REGISTRO DE FEMINICIDIO,LIMA PROVINCIA,HUARAL,HUARAL,CEM124,HUARAL,couple,1.0
19,2016,ENE - DIC,13/01/2017,ENT001,PROGRAMA NACIONAL CONTRA LA VIOLENCIA FAMILIAR Y SEXUAL,LIN001,ATENCIÃN INTEGRAL Y MULTIDISCIPLINARIA PARA VICTIMAS DE VIOLENCIA,SER005,REGISTRO DE FEMINICIDIO,LIMA PROVINCIA,BARRANCA,BARRANCA,CEM155,BARRANCA,couple,1.0
20,2016,ENE - DIC,13/01/2017,ENT001,PROGRAMA NACIONAL CONTRA LA VIOLENCIA FAMILIAR Y SEXUAL,LIN001,ATENCIÃN INTEGRAL Y MULTIDISCIPLINARIA PARA VICTIMAS DE VIOLENCIA,SER005,REGISTRO DE FEMINICIDIO,LIMA METROPOLITANA,LIMA,LURIGANCHO,CEM223,CHOSICA,couple,1.0
21,2016,ENE - DIC,13/01/2017,ENT001,PROGRAMA NACIONAL CONTRA LA VIOLENCIA FAMILIAR Y SEXUAL,LIN001,ATENCIÃN INTEGRAL Y MULTIDISCIPLINARIA PARA VICTIMAS DE VIOLENCIA,SER005,REGISTRO DE FEMINICIDIO,LIMA METROPOLITANA,LIMA,SAN JUAN DE LURIGANCHO,CEM236,ZARATE,couple,2.0
22,2016,ENE - DIC,13/01/2017,ENT001,PROGRAMA NACIONAL CONTRA LA VIOLENCIA FAMILIAR Y SEXUAL,LIN001,ATENCIÃN INTEGRAL Y MULTIDISCIPLINARIA PARA VICTIMAS DE VIOLENCIA,SER005,REGISTRO DE FEMINICIDIO,LIMA METROPOLITANA,LIMA,LA VICTORIA,CEM241,LA VICTORIA,couple,0.0
23,2017,ENE - DIC,16/01/2018,ENT001,PROGRAMA NACIONAL CONTRA LA VIOLENCIA FAMILIAR Y SEXUAL,LIN001,ATENCIÃN INTEGRAL Y MULTIDISCIPLINARIA PARA VICTIMAS DE VIOLENCIA,SER005,REGISTRO DE FEMINICIDIO,LIMA PROVINCIA,CAÃETE,IMPERIAL,CEM013,IMPERIAL,couple,1.0
24,2017,ENE - DIC,16/01/2018,ENT001,PROGRAMA NACIONAL CONTRA LA VIOLENCIA FAMILIAR Y SEXUAL,LIN001,ATENCIÃN INTEGRAL Y MULTIDISCIPLINARIA PARA VICTIMAS DE VIOLENCIA,SER005,REGISTRO DE FEMINICIDIO,LIMA METROPOLITANA,LIMA,CARABAYLLO,CEM014,CARABAYLLO,couple,1.0
25,2017,ENE - DIC,16/01/2018,ENT001,PROGRAMA NACIONAL CONTRA LA VIOLENCIA FAMILIAR Y SEXUAL,LIN001,ATENCIÃN INTEGRAL Y MULTIDISCIPLINARIA PARA VICTIMAS DE VIOLENCIA,SER005,REGISTRO DE FEMINICIDIO,LIMA METROPOLITANA,LIMA,COMAS,CEM029,COMAS,couple,0.0
26,2017,ENE - DIC,16/01/2018,ENT001,PROGRAMA NACIONAL CONTRA LA VIOLENCIA FAMILIAR Y SEXUAL,LIN001,ATENCIÃN INTEGRAL Y MULTIDISCIPLINARIA PARA VICTIMAS DE VIOLENCIA,SER005,REGISTRO DE FEMINICIDIO,LIMA METROPOLITANA,LIMA,EL AGUSTINO,CEM032,EL AGUSTINO,couple,3.0
27,2017,ENE - DIC,16/01/2018,ENT001,PROGRAMA NACIONAL CONTRA LA VIOLENCIA FAMILIAR Y SEXUAL,LIN001,ATENCIÃN INTEGRAL Y MULTIDISCIPLINARIA PARA VICTIMAS DE VIOLENCIA,SER005,REGISTRO DE FEMINICIDIO,LIMA METROPOLITANA,LIMA,INDEPENDENCIA,CEM050,INDEPENDENCIA,couple,0.0
28,2017,ENE - DIC,16/01/2018,ENT001,PROGRAMA NACIONAL CONTRA LA VIOLENCIA FAMILIAR Y SEXUAL,LIN001,ATENCIÃN INTEGRAL Y MULTIDISCIPLINARIA PARA VICTIMAS DE VIOLENCIA,SER005,REGISTRO DE FEMINICIDIO,LIMA METROPOLITANA,LIMA,SAN LUIS,CEM058,SAN LUIS,couple,0.0
29,2017,ENE - DIC,16/01/2018,ENT001,PROGRAMA NACIONAL CONTRA LA VIOLENCIA FAMILIAR Y SEXUAL,LIN001,ATENCIÃN INTEGRAL Y MULTIDISCIPLINARIA PARA VICTIMAS DE VIOLENCIA,SER005,REGISTRO DE FEMINICIDIO,LIMA METROPOLITANA,LIMA,SAN JUAN DE MIRAFLORES,CEM076,SAN JUAN DE MIRAFLORES,couple,1.0
30,2017,ENE - DIC,16/01/2018,ENT001,PROGRAMA NACIONAL CONTRA LA VIOLENCIA FAMILIAR Y SEXUAL,LIN001,ATENCIÃN INTEGRAL Y MULTIDISCIPLINARIA PARA VICTIMAS DE VIOLENCIA,SER005,REGISTRO DE FEMINICIDIO,LIMA METROPOLITANA,LIMA,LA MOLINA,CEM087,LA MOLINA,couple,2.0
31,2017,ENE - DIC,16/01/2018,ENT001,PROGRAMA NACIONAL CONTRA LA VIOLENCIA FAMILIAR Y SEXUAL,LIN001,ATENCIÃN INTEGRAL Y MULTIDISCIPLINARIA PARA VICTIMAS DE VIOLENCIA,SER005,REGISTRO DE FEMINICIDIO,LIMA METROPOLITANA,LIMA,SAN JUAN DE LURIGANCHO,CEM088,SAN JUAN DE LURIGANCHO,couple,0.0
32,2017,ENE - DIC,16/01/2018,ENT001,PROGRAMA NACIONAL CONTRA LA VIOLENCIA FAMILIAR Y SEXUAL,LIN001,ATENCIÃN INTEGRAL Y MULTIDISCIPLINARIA PARA VICTIMAS DE VIOLENCIA,SER005,REGISTRO DE FEMINICIDIO,LIMA METROPOLITANA,LIMA,SANTIAGO DE SURCO,CEM096,SURCO,couple,1.0
33,2017,ENE - DIC,16/01/2018,ENT001,PROGRAMA NACIONAL CONTRA LA VIOLENCIA FAMILIAR Y SEXUAL,LIN001,ATENCIÃN INTEGRAL Y MULTIDISCIPLINARIA PARA VICTIMAS DE VIOLENCIA,SER005,REGISTRO DE FEMINICIDIO,LIMA METROPOLITANA,LIMA,SURQUILLO,CEM097,SURQUILLO,couple,1.0
34,2017,ENE - DIC,16/01/2018,ENT001,PROGRAMA NACIONAL CONTRA LA VIOLENCIA FAMILIAR Y SEXUAL,LIN001,ATENCIÃN INTEGRAL Y MULTIDISCIPLINARIA PARA VICTIMAS DE VIOLENCIA,SER005,REGISTRO DE FEMINICIDIO,LIMA METROPOLITANA,LIMA,VILLA EL SALVADOR,CEM109,VILLA EL SALVADOR,couple,3.0
35,2017,ENE - DIC,16/01/2018,ENT001,PROGRAMA NACIONAL CONTRA LA VIOLENCIA FAMILIAR Y SEXUAL,LIN001,ATENCIÃN INTEGRAL Y MULTIDISCIPLINARIA PARA VICTIMAS DE VIOLENCIA,SER005,REGISTRO DE FEMINICIDIO,LIMA METROPOLITANA,LIMA,VILLA MARIA DEL TRIUNFO,CEM110,VILLA MARIA DEL TRIUNFO,couple,1.0
36,2017,ENE - DIC,16/01/2018,ENT001,PROGRAMA NACIONAL CONTRA LA VIOLENCIA FAMILIAR Y SEXUAL,LIN001,ATENCIÃN INTEGRAL Y MULTIDISCIPLINARIA PARA VICTIMAS DE VIOLENCIA,SER005,REGISTRO DE FEMINICIDIO,LIMA METROPOLITANA,LIMA,PUENTE PIEDRA,CEM122,PUENTE PIEDRA,couple,0.0
37,2017,ENE - DIC,16/01/2018,ENT001,PROGRAMA NACIONAL CONTRA LA VIOLENCIA FAMILIAR Y SEXUAL,LIN001,ATENCIÃN INTEGRAL Y MULTIDISCIPLINARIA PARA VICTIMAS DE VIOLENCIA,SER005,REGISTRO DE FEMINICIDIO,LIMA PROVINCIA,HUARAL,HUARAL,CEM124,HUARAL,couple,0.0
38,2017,ENE - DIC,16/01/2018,ENT001,PROGRAMA NACIONAL CONTRA LA VIOLENCIA FAMILIAR Y SEXUAL,LIN001,ATENCIÃN INTEGRAL Y MULTIDISCIPLINARIA PARA VICTIMAS DE VIOLENCIA,SER005,REGISTRO DE FEMINICIDIO,LIMA METROPOLITANA,LIMA,RIMAC,CEM145,RIMAC,couple,1.0
39,2017,ENE - DIC,16/01/2018,ENT001,PROGRAMA NACIONAL CONTRA LA VIOLENCIA FAMILIAR Y SEXUAL,LIN001,ATENCIÃN INTEGRAL Y MULTIDISCIPLINARIA PARA VICTIMAS DE VIOLENCIA,SER005,REGISTRO DE FEMINICIDIO,LIMA METROPOLITANA,LIMA,SANTA ROSA,CEM210,SANTA ROSA,couple,0.0
40,2017,ENE - DIC,16/01/2018,ENT001,PROGRAMA NACIONAL CONTRA LA VIOLENCIA FAMILIAR Y SEXUAL,LIN001,ATENCIÃN INTEGRAL Y MULTIDISCIPLINARIA PARA VICTIMAS DE VIOLENCIA,SER005,REGISTRO DE FEMINICIDIO,LIMA METROPOLITANA,LIMA,LURIGANCHO,CEM223,CHOSICA,couple,1.0
41,2017,ENE - DIC,16/01/2018,ENT001,PROGRAMA NACIONAL CONTRA LA VIOLENCIA FAMILIAR Y SEXUAL,LIN001,ATENCIÃN INTEGRAL Y MULTIDISCIPLINARIA PARA VICTIMAS DE VIOLENCIA,SER005,REGISTRO DE FEMINICIDIO,LIMA METROPOLITANA,LIMA,LA VICTORIA,CEM241,LA VICTORIA,couple,2.0
42,2017,ENE - DIC,16/01/2018,ENT001,PROGRAMA NACIONAL CONTRA LA VIOLENCIA FAMILIAR Y SEXUAL,LIN001,ATENCIÃN INTEGRAL Y MULTIDISCIPLINARIA PARA VICTIMAS DE VIOLENCIA,SER005,REGISTRO DE FEMINICIDIO,LIMA METROPOLITANA,LIMA,CHORRILLOS,COM008,COMISARIA CHORRILLOS,couple,1.0
43,2018,ENE - DIC,31/12/2018,ENT001,PROGRAMA NACIONAL CONTRA LA VIOLENCIA FAMILIAR Y SEXUAL,LIN001,ATENCIÃN INTEGRAL Y MULTIDISCIPLINARIA PARA VICTIMAS DE VIOLENCIA,SER005,REGISTRO DE FEMINICIDIO,LIMA PROVINCIA,CAÃETE,IMPERIAL,CEM013,IMPERIAL,couple,2.0
44,2018,ENE - DIC,31/12/2018,ENT001,PROGRAMA NACIONAL CONTRA LA VIOLENCIA FAMILIAR Y SEXUAL,LIN001,ATENCIÃN INTEGRAL Y MULTIDISCIPLINARIA PARA VICTIMAS DE VIOLENCIA,SER005,REGISTRO DE FEMINICIDIO,LIMA METROPOLITANA,LIMA,COMAS,CEM029,COMAS,couple,2.0
45,2018,ENE - DIC,31/12/2018,ENT001,PROGRAMA NACIONAL CONTRA LA VIOLENCIA FAMILIAR Y SEXUAL,LIN001,ATENCIÃN INTEGRAL Y MULTIDISCIPLINARIA PARA VICTIMAS DE VIOLENCIA,SER005,REGISTRO DE FEMINICIDIO,LIMA METROPOLITANA,LIMA,EL AGUSTINO,CEM032,EL AGUSTINO,couple,0.0
46,2018,ENE - DIC,31/12/2018,ENT001,PROGRAMA NACIONAL CONTRA LA VIOLENCIA FAMILIAR Y SEXUAL,LIN001,ATENCIÃN INTEGRAL Y MULTIDISCIPLINARIA PARA VICTIMAS DE VIOLENCIA,SER005,REGISTRO DE FEMINICIDIO,LIMA METROPOLITANA,LIMA,ATE,CEM045,HUAYCAN,couple,1.0
47,2018,ENE - DIC,31/12/2018,ENT001,PROGRAMA NACIONAL CONTRA LA VIOLENCIA FAMILIAR Y SEXUAL,LIN001,ATENCIÃN INTEGRAL Y MULTIDISCIPLINARIA PARA VICTIMAS DE VIOLENCIA,SER005,REGISTRO DE FEMINICIDIO,LIMA METROPOLITANA,LIMA,INDEPENDENCIA,CEM050,INDEPENDENCIA,couple,3.0
48,2018,ENE - DIC,31/12/2018,ENT001,PROGRAMA NACIONAL CONTRA LA VIOLENCIA FAMILIAR Y SEXUAL,LIN001,ATENCIÃN INTEGRAL Y MULTIDISCIPLINARIA PARA VICTIMAS DE VIOLENCIA,SER005,REGISTRO DE FEMINICIDIO,LIMA METROPOLITANA,LIMA,LIMA,CEM060,LIMA,couple,0.0
49,2018,ENE - DIC,31/12/2018,ENT001,PROGRAMA NACIONAL CONTRA LA VIOLENCIA FAMILIAR Y SEXUAL,LIN001,ATENCIÃN INTEGRAL Y MULTIDISCIPLINARIA PARA VICTIMAS DE VIOLENCIA,SER005,REGISTRO DE FEMINICIDIO,LIMA METROPOLITANA,LIMA,LA MOLINA,CEM087,LA MOLINA,couple,0.0
50,2018,ENE - DIC,31/12/2018,ENT001,PROGRAMA NACIONAL CONTRA LA VIOLENCIA FAMILIAR Y SEXUAL,LIN001,ATENCIÃN INTEGRAL Y MULTIDISCIPLINARIA PARA VICTIMAS DE VIOLENCIA,SER005,REGISTRO DE FEMINICIDIO,LIMA METROPOLITANA,LIMA,SAN JUAN DE LURIGANCHO,CEM088,SAN JUAN DE LURIGANCHO,couple,1.0
51,2018,ENE - DIC,31/12/2018,ENT001,PROGRAMA NACIONAL CONTRA LA VIOLENCIA FAMILIAR Y SEXUAL,LIN001,ATENCIÃN INTEGRAL Y MULTIDISCIPLINARIA PARA VICTIMAS DE VIOLENCIA,SER005,REGISTRO DE FEMINICIDIO,LIMA METROPOLITANA,LIMA,SAN MARTIN DE PORRES,CEM089,SAN MARTIN DE PORRES,couple,3.0
52,2018,ENE - DIC,31/12/2018,ENT001,PROGRAMA NACIONAL CONTRA LA VIOLENCIA FAMILIAR Y SEXUAL,LIN001,ATENCIÃN INTEGRAL Y MULTIDISCIPLINARIA PARA VICTIMAS DE VIOLENCIA,SER005,REGISTRO DE FEMINICIDIO,LIMA METROPOLITANA,LIMA,VILLA EL SALVADOR,CEM109,VILLA EL SALVADOR,couple,0.0
53,2018,ENE - DIC,31/12/2018,ENT001,PROGRAMA NACIONAL CONTRA LA VIOLENCIA FAMILIAR Y SEXUAL,LIN001,ATENCIÃN INTEGRAL Y MULTIDISCIPLINARIA PARA VICTIMAS DE VIOLENCIA,SER005,REGISTRO DE FEMINICIDIO,LIMA PROVINCIA,HUARAL,HUARAL,CEM124,HUARAL,couple,0.0
54,2018,ENE - DIC,31/12/2018,ENT001,PROGRAMA NACIONAL CONTRA LA VIOLENCIA FAMILIAR Y SEXUAL,LIN001,ATENCIÃN INTEGRAL Y MULTIDISCIPLINARIA PARA VICTIMAS DE VIOLENCIA,SER005,REGISTRO DE FEMINICIDIO,LIMA METROPOLITANA,LIMA,RIMAC,CEM145,RIMAC,couple,2.0
55,2018,ENE - DIC,31/12/2018,ENT001,PROGRAMA NACIONAL CONTRA LA VIOLENCIA FAMILIAR Y SEXUAL,LIN001,ATENCIÃN INTEGRAL Y MULTIDISCIPLINARIA PARA VICTIMAS DE VIOLENCIA,SER005,REGISTRO DE FEMINICIDIO,LIMA PROVINCIA,BARRANCA,BARRANCA,CEM155,BARRANCA,couple,0.0
56,2018,ENE - DIC,31/12/2018,ENT001,PROGRAMA NACIONAL CONTRA LA VIOLENCIA FAMILIAR Y SEXUAL,LIN001,ATENCIÃN INTEGRAL Y MULTIDISCIPLINARIA PARA VICTIMAS DE VIOLENCIA,SER005,REGISTRO DE FEMINICIDIO,LIMA METROPOLITANA,LIMA,SAN JUAN DE LURIGANCHO,CEM236,ZARATE,couple,3.0
57,2018,ENE - DIC,31/12/2018,ENT001,PROGRAMA NACIONAL CONTRA LA VIOLENCIA FAMILIAR Y SEXUAL,LIN001,ATENCIÃN INTEGRAL Y MULTIDISCIPLINARIA PARA VICTIMAS DE VIOLENCIA,SER005,REGISTRO DE FEMINICIDIO,LIMA METROPOLITANA,LIMA,LA VICTORIA,CEM241,LA VICTORIA,couple,1.0
58,2018,ENE - DIC,31/12/2018,ENT001,PROGRAMA NACIONAL CONTRA LA VIOLENCIA FAMILIAR Y SEXUAL,LIN001,ATENCIÃN INTEGRAL Y MULTIDISCIPLINARIA PARA VICTIMAS DE VIOLENCIA,SER005,REGISTRO DE FEMINICIDIO,LIMA METROPOLITANA,LIMA,SAN MIGUEL,CEM242,SAN MIGUEL - LIMA,couple,1.0
59,2018,ENE - DIC,31/12/2018,ENT001,PROGRAMA NACIONAL CONTRA LA VIOLENCIA FAMILIAR Y SEXUAL,LIN001,ATENCIÃN INTEGRAL Y MULTIDISCIPLINARIA PARA VICTIMAS DE VIOLENCIA,SER005,REGISTRO DE FEMINICIDIO,LIMA METROPOLITANA,LIMA,CHORRILLOS,COM008,CHORRILLOS,couple,3.0
60,2018,ENE - DIC,31/12/2018,ENT001,PROGRAMA NACIONAL CONTRA LA VIOLENCIA FAMILIAR Y SEXUAL,LIN001,ATENCIÃN INTEGRAL Y MULTIDISCIPLINARIA PARA VICTIMAS DE VIOLENCIA,SER005,REGISTRO DE FEMINICIDIO,LIMA METROPOLITANA,LIMA,SAN JUAN DE LURIGANCHO,COM011,CANTO REY,couple,0.0
61,2018,ENE - DIC,31/12/2018,ENT001,PROGRAMA NACIONAL CONTRA LA VIOLENCIA FAMILIAR Y SEXUAL,LIN001,ATENCIÃN INTEGRAL Y MULTIDISCIPLINARIA PARA VICTIMAS DE VIOLENCIA,SER005,REGISTRO DE FEMINICIDIO,LIMA METROPOLITANA,LIMA,SAN MARTIN DE PORRES,COM019,SAN MARTIN DE PORRES,couple,1.0
62,2018,ENE - DIC,31/12/2018,ENT001,PROGRAMA NACIONAL CONTRA LA VIOLENCIA FAMILIAR Y SEXUAL,LIN001,ATENCIÃN INTEGRAL Y MULTIDISCIPLINARIA PARA VICTIMAS DE VIOLENCIA,SER005,REGISTRO DE FEMINICIDIO,LIMA METROPOLITANA,LIMA,SANTA ANITA,COM028,SANTA ANITA,couple,1.0
63,2018,ENE - DIC,31/12/2018,ENT001,PROGRAMA NACIONAL CONTRA LA VIOLENCIA FAMILIAR Y SEXUAL,LIN001,ATENCIÃN INTEGRAL Y MULTIDISCIPLINARIA PARA VICTIMAS DE VIOLENCIA,SER005,REGISTRO DE FEMINICIDIO,LIMA METROPOLITANA,LIMA,SAN BORJA,COM037,SAN BORJA,couple,0.0
64,2018,ENE - DIC,31/12/2018,ENT001,PROGRAMA NACIONAL CONTRA LA VIOLENCIA FAMILIAR Y SEXUAL,LIN001,ATENCIÃN INTEGRAL Y MULTIDISCIPLINARIA PARA VICTIMAS DE VIOLENCIA,SER005,REGISTRO DE FEMINICIDIO,LIMA METROPOLITANA,LIMA,ATE,COM043,VITARTE,couple,1.0
65,2018,ENE - DIC,31/12/2018,ENT001,PROGRAMA NACIONAL CONTRA LA VIOLENCIA FAMILIAR Y SEXUAL,LIN001,ATENCIÃN INTEGRAL Y MULTIDISCIPLINARIA PARA VICTIMAS DE VIOLENCIA,SER005,REGISTRO DE FEMINICIDIO,LIMA PROVINCIA,HUAURA,HUACHO,COM047,HUACHO,couple,0.0
66,2018,ENE - DIC,31/12/2018,ENT001,PROGRAMA NACIONAL CONTRA LA VIOLENCIA FAMILIAR Y SEXUAL,LIN001,ATENCIÃN INTEGRAL Y MULTIDISCIPLINARIA PARA VICTIMAS DE VIOLENCIA,SER005,REGISTRO DE FEMINICIDIO,LIMA PROVINCIA,HUAROCHIRI,SAN ANTONIO,COM048,JICAMARCA,couple,0.0
67,2018,ENE - DIC,31/12/2018,ENT001,PROGRAMA NACIONAL CONTRA LA VIOLENCIA FAMILIAR Y SEXUAL,LIN001,ATENCIÃN INTEGRAL Y MULTIDISCIPLINARIA PARA VICTIMAS DE VIOLENCIA,SER005,REGISTRO DE FEMINICIDIO,LIMA METROPOLITANA,LIMA,ATE,COM050,SANTA CLARA,couple,0.0
68,2018,ENE - DIC,31/12/2018,ENT001,PROGRAMA NACIONAL CONTRA LA VIOLENCIA FAMILIAR Y SEXUAL,LIN001,ATENCIÃN INTEGRAL Y MULTIDISCIPLINARIA PARA VICTIMAS DE VIOLENCIA,SER005,REGISTRO DE FEMINICIDIO,LIMA PROVINCIA,BARRANCA,BARRANCA,COM052,BARRANCA,couple,0.0
69,2018,ENE - DIC,31/12/2018,ENT001,PROGRAMA NACIONAL CONTRA LA VIOLENCIA FAMILIAR Y SEXUAL,LIN001,ATENCIÃN INTEGRAL Y MULTIDISCIPLINARIA PARA VICTIMAS DE VIOLENCIA,SER005,REGISTRO DE FEMINICIDIO,LIMA METROPOLITANA,LIMA,PUENTE PIEDRA,COM063,PUENTE PIEDRA,couple,1.0
70,2019,ENE - DIC,14/01/2020,ENT001,PROGRAMA NACIONAL CONTRA LA VIOLENCIA FAMILIAR Y SEXUAL,LIN001,ATENCIÃN INTEGRAL Y MULTIDISCIPLINARIA PARA VICTIMAS DE VIOLENCIA,SER001,CENTRO EMERGENCIA MUJER,LIMA PROVINCIA,CAÃETE,IMPERIAL,CEM013,IMPERIAL,couple,1.0
71,2019,ENE - DIC,14/01/2020,ENT001,PROGRAMA NACIONAL CONTRA LA VIOLENCIA FAMILIAR Y SEXUAL,LIN001,ATENCIÃN INTEGRAL Y MULTIDISCIPLINARIA PARA VICTIMAS DE VIOLENCIA,SER001,CENTRO EMERGENCIA MUJER,LIMA METROPOLITANA,LIMA,COMAS,CEM029,COMAS,couple,0.0
72,2019,ENE - DIC,14/01/2020,ENT001,PROGRAMA NACIONAL CONTRA LA VIOLENCIA FAMILIAR Y SEXUAL,LIN001,ATENCIÃN INTEGRAL Y MULTIDISCIPLINARIA PARA VICTIMAS DE VIOLENCIA,SER001,CENTRO EMERGENCIA MUJER,LIMA METROPOLITANA,LIMA,EL AGUSTINO,CEM032,EL AGUSTINO,couple,2.0
73,2019,ENE - DIC,14/01/2020,ENT001,PROGRAMA NACIONAL CONTRA LA VIOLENCIA FAMILIAR Y SEXUAL,LIN001,ATENCIÃN INTEGRAL Y MULTIDISCIPLINARIA PARA VICTIMAS DE VIOLENCIA,SER001,CENTRO EMERGENCIA MUJER,LIMA METROPOLITANA,LIMA,INDEPENDENCIA,CEM050,INDEPENDENCIA,couple,1.0
74,2019,ENE - DIC,14/01/2020,ENT001,PROGRAMA NACIONAL CONTRA LA VIOLENCIA FAMILIAR Y SEXUAL,LIN001,ATENCIÃN INTEGRAL Y MULTIDISCIPLINARIA PARA VICTIMAS DE VIOLENCIA,SER001,CENTRO EMERGENCIA MUJER,LIMA METROPOLITANA,LIMA,LIMA,CEM060,LIMA,couple,0.0
75,2019,ENE - DIC,14/01/2020,ENT001,PROGRAMA NACIONAL CONTRA LA VIOLENCIA FAMILIAR Y SEXUAL,LIN001,ATENCIÃN INTEGRAL Y MULTIDISCIPLINARIA PARA VICTIMAS DE VIOLENCIA,SER001,CENTRO EMERGENCIA MUJER,LIMA METROPOLITANA,LIMA,LOS OLIVOS,CEM061,LOS OLIVOS,couple,1.0
76,2019,ENE - DIC,14/01/2020,ENT001,PROGRAMA NACIONAL CONTRA LA VIOLENCIA FAMILIAR Y SEXUAL,LIN001,ATENCIÃN INTEGRAL Y MULTIDISCIPLINARIA PARA VICTIMAS DE VIOLENCIA,SER001,CENTRO EMERGENCIA MUJER,LIMA METROPOLITANA,LIMA,PACHACAMAC,CEM064,MANCHAY,couple,0.0
77,2019,ENE - DIC,14/01/2020,ENT001,PROGRAMA NACIONAL CONTRA LA VIOLENCIA FAMILIAR Y SEXUAL,LIN001,ATENCIÃN INTEGRAL Y MULTIDISCIPLINARIA PARA VICTIMAS DE VIOLENCIA,SER001,CENTRO EMERGENCIA MUJER,LIMA METROPOLITANA,LIMA,SAN JUAN DE MIRAFLORES,CEM076,SAN JUAN DE MIRAFLORES,couple,1.0
78,2019,ENE - DIC,14/01/2020,ENT001,PROGRAMA NACIONAL CONTRA LA VIOLENCIA FAMILIAR Y SEXUAL,LIN001,ATENCIÃN INTEGRAL Y MULTIDISCIPLINARIA PARA VICTIMAS DE VIOLENCIA,SER001,CENTRO EMERGENCIA MUJER,LIMA METROPOLITANA,LIMA,LA MOLINA,CEM087,LA MOLINA,couple,0.0
79,2019,ENE - DIC,14/01/2020,ENT001,PROGRAMA NACIONAL CONTRA LA VIOLENCIA FAMILIAR Y SEXUAL,LIN001,ATENCIÃN INTEGRAL Y MULTIDISCIPLINARIA PARA VICTIMAS DE VIOLENCIA,SER001,CENTRO EMERGENCIA MUJER,LIMA METROPOLITANA,LIMA,SAN JUAN DE LURIGANCHO,CEM088,SAN JUAN DE LURIGANCHO,couple,1.0
80,2019,ENE - DIC,14/01/2020,ENT001,PROGRAMA NACIONAL CONTRA LA VIOLENCIA FAMILIAR Y SEXUAL,LIN001,ATENCIÃN INTEGRAL Y MULTIDISCIPLINARIA PARA VICTIMAS DE VIOLENCIA,SER001,CENTRO EMERGENCIA MUJER,LIMA METROPOLITANA,LIMA,SAN MARTIN DE PORRES,CEM089,SAN MARTIN DE PORRES,couple,1.0
81,2019,ENE - DIC,14/01/2020,ENT001,PROGRAMA NACIONAL CONTRA LA VIOLENCIA FAMILIAR Y SEXUAL,LIN001,ATENCIÃN INTEGRAL Y MULTIDISCIPLINARIA PARA VICTIMAS DE VIOLENCIA,SER001,CENTRO EMERGENCIA MUJER,LIMA METROPOLITANA,LIMA,VILLA EL SALVADOR,CEM109,VILLA EL SALVADOR,couple,0.0
82,2019,ENE - DIC,14/01/2020,ENT001,PROGRAMA NACIONAL CONTRA LA VIOLENCIA FAMILIAR Y SEXUAL,LIN001,ATENCIÃN INTEGRAL Y MULTIDISCIPLINARIA PARA VICTIMAS DE VIOLENCIA,SER001,CENTRO EMERGENCIA MUJER,LIMA PROVINCIA,HUARAL,HUARAL,CEM124,HUARAL,couple,1.0
83,2019,ENE - DIC,14/01/2020,ENT001,PROGRAMA NACIONAL CONTRA LA VIOLENCIA FAMILIAR Y SEXUAL,LIN001,ATENCIÃN INTEGRAL Y MULTIDISCIPLINARIA PARA VICTIMAS DE VIOLENCIA,SER001,CENTRO EMERGENCIA MUJER,LIMA METROPOLITANA,LIMA,LURIGANCHO,CEM223,CHOSICA,couple,0.0
84,2019,ENE - DIC,14/01/2020,ENT001,PROGRAMA NACIONAL CONTRA LA VIOLENCIA FAMILIAR Y SEXUAL,LIN001,ATENCIÃN INTEGRAL Y MULTIDISCIPLINARIA PARA VICTIMAS DE VIOLENCIA,SER001,CENTRO EMERGENCIA MUJER,LIMA METROPOLITANA,LIMA,LA VICTORIA,CEM241,LA VICTORIA,couple,1.0
85,2019,ENE - DIC,14/01/2020,ENT001,PROGRAMA NACIONAL CONTRA LA VIOLENCIA FAMILIAR Y SEXUAL,LIN001,ATENCIÃN INTEGRAL Y MULTIDISCIPLINARIA PARA VICTIMAS DE VIOLENCIA,SER001,CENTRO EMERGENCIA MUJER,LIMA PROVINCIA,CAÃETE,IMPERIAL,COM004,IMPERIAL,couple,1.0
86,2019,ENE - DIC,14/01/2020,ENT001,PROGRAMA NACIONAL CONTRA LA VIOLENCIA FAMILIAR Y SEXUAL,LIN001,ATENCIÃN INTEGRAL Y MULTIDISCIPLINARIA PARA VICTIMAS DE VIOLENCIA,SER001,CENTRO EMERGENCIA MUJER,LIMA METROPOLITANA,LIMA,VILLA MARIA DEL TRIUNFO,COM005,VILLA MARIA DEL TRIUNFO,couple,0.0
87,2019,ENE - DIC,14/01/2020,ENT001,PROGRAMA NACIONAL CONTRA LA VIOLENCIA FAMILIAR Y SEXUAL,LIN001,ATENCIÃN INTEGRAL Y MULTIDISCIPLINARIA PARA VICTIMAS DE VIOLENCIA,SER001,CENTRO EMERGENCIA MUJER,LIMA METROPOLITANA,LIMA,CHORRILLOS,COM008,CHORRILLOS,couple,1.0
88,2019,ENE - DIC,14/01/2020,ENT001,PROGRAMA NACIONAL CONTRA LA VIOLENCIA FAMILIAR Y SEXUAL,LIN001,ATENCIÃN INTEGRAL Y MULTIDISCIPLINARIA PARA VICTIMAS DE VIOLENCIA,SER001,CENTRO EMERGENCIA MUJER,LIMA METROPOLITANA,LIMA,SAN JUAN DE LURIGANCHO,COM011,CANTO REY,couple,1.0
89,2019,ENE - DIC,14/01/2020,ENT001,PROGRAMA NACIONAL CONTRA LA VIOLENCIA FAMILIAR Y SEXUAL,LIN001,ATENCIÃN INTEGRAL Y MULTIDISCIPLINARIA PARA VICTIMAS DE VIOLENCIA,SER001,CENTRO EMERGENCIA MUJER,LIMA METROPOLITANA,LIMA,EL AGUSTINO,COM015,DE FAMILIA EL AGUSTINO,couple,1.0
90,2019,ENE - DIC,14/01/2020,ENT001,PROGRAMA NACIONAL CONTRA LA VIOLENCIA FAMILIAR Y SEXUAL,LIN001,ATENCIÃN INTEGRAL Y MULTIDISCIPLINARIA PARA VICTIMAS DE VIOLENCIA,SER001,CENTRO EMERGENCIA MUJER,LIMA METROPOLITANA,LIMA,LOS OLIVOS,COM018,LAURA CALLER,couple,0.0
91,2019,ENE - DIC,14/01/2020,ENT001,PROGRAMA NACIONAL CONTRA LA VIOLENCIA FAMILIAR Y SEXUAL,LIN001,ATENCIÃN INTEGRAL Y MULTIDISCIPLINARIA PARA VICTIMAS DE VIOLENCIA,SER001,CENTRO EMERGENCIA MUJER,LIMA METROPOLITANA,LIMA,CARABAYLLO,COM020,SAN PEDRO DE CARABAYLLO,couple,0.0
92,2019,ENE - DIC,14/01/2020,ENT001,PROGRAMA NACIONAL CONTRA LA VIOLENCIA FAMILIAR Y SEXUAL,LIN001,ATENCIÃN INTEGRAL Y MULTIDISCIPLINARIA PARA VICTIMAS DE VIOLENCIA,SER001,CENTRO EMERGENCIA MUJER,LIMA METROPOLITANA,LIMA,COMAS,COM022,DE FAMILIA COLLIQUE,couple,1.0
93,2019,ENE - DIC,14/01/2020,ENT001,PROGRAMA NACIONAL CONTRA LA VIOLENCIA FAMILIAR Y SEXUAL,LIN001,ATENCIÃN INTEGRAL Y MULTIDISCIPLINARIA PARA VICTIMAS DE VIOLENCIA,SER001,CENTRO EMERGENCIA MUJER,LIMA METROPOLITANA,LIMA,SANTA ANITA,COM028,SANTA ANITA,couple,0.0
94,2019,ENE - DIC,14/01/2020,ENT001,PROGRAMA NACIONAL CONTRA LA VIOLENCIA FAMILIAR Y SEXUAL,LIN001,ATENCIÃN INTEGRAL Y MULTIDISCIPLINARIA PARA VICTIMAS DE VIOLENCIA,SER001,CENTRO EMERGENCIA MUJER,LIMA METROPOLITANA,LIMA,PUEBLO LIBRE,COM034,PUEBLO LIBRE,couple,1.0
95,2019,ENE - DIC,14/01/2020,ENT001,PROGRAMA NACIONAL CONTRA LA VIOLENCIA FAMILIAR Y SEXUAL,LIN001,ATENCIÃN INTEGRAL Y MULTIDISCIPLINARIA PARA VICTIMAS DE VIOLENCIA,SER001,CENTRO EMERGENCIA MUJER,LIMA METROPOLITANA,LIMA,SAN BORJA,COM037,SAN BORJA,couple,1.0
96,2019,ENE - DIC,14/01/2020,ENT001,PROGRAMA NACIONAL CONTRA LA VIOLENCIA FAMILIAR Y SEXUAL,LIN001,ATENCIÃN INTEGRAL Y MULTIDISCIPLINARIA PARA VICTIMAS DE VIOLENCIA,SER001,CENTRO EMERGENCIA MUJER,LIMA PROVINCIA,HUARAL,CHANCAY,COM039,CHANCAY,couple,1.0
97,2019,ENE - DIC,14/01/2020,ENT001,PROGRAMA NACIONAL CONTRA LA VIOLENCIA FAMILIAR Y SEXUAL,LIN001,ATENCIÃN INTEGRAL Y MULTIDISCIPLINARIA PARA VICTIMAS DE VIOLENCIA,SER001,CENTRO EMERGENCIA MUJER,LIMA METROPOLITANA,LIMA,SAN MARTIN DE PORRES,COM046,CONDEVILLA,couple,0.0
98,2019,ENE - DIC,14/01/2020,ENT001,PROGRAMA NACIONAL CONTRA LA VIOLENCIA FAMILIAR Y SEXUAL,LIN001,ATENCIÃN INTEGRAL Y MULTIDISCIPLINARIA PARA VICTIMAS DE VIOLENCIA,SER001,CENTRO EMERGENCIA MUJER,LIMA PROVINCIA,HUAURA,HUACHO,COM047,HUACHO,couple,0.0
99,2019,ENE - DIC,14/01/2020,ENT001,PROGRAMA NACIONAL CONTRA LA VIOLENCIA FAMILIAR Y SEXUAL,LIN001,ATENCIÃN INTEGRAL Y MULTIDISCIPLINARIA PARA VICTIMAS DE VIOLENCIA,SER001,CENTRO EMERGENCIA MUJER,LIMA PROVINCIA,BARRANCA,BARRANCA,COM052,BARRANCA,couple,0.0
100,2019,ENE - DIC,14/01/2020,ENT001,PROGRAMA NACIONAL CONTRA LA VIOLENCIA FAMILIAR Y SEXUAL,LIN001,ATENCIÃN INTEGRAL Y MULTIDISCIPLINARIA PARA VICTIMAS DE VIOLENCIA,SER001,CENTRO EMERGENCIA MUJER,LIMA METROPOLITANA,LIMA,SAN JUAN DE LURIGANCHO,COM054,DE FAMILIA CANTO REY,couple,1.0
101,2019,ENE - DIC,14/01/2020,ENT001,PROGRAMA NACIONAL CONTRA LA VIOLENCIA FAMILIAR Y SEXUAL,LIN001,ATENCIÃN INTEGRAL Y MULTIDISCIPLINARIA PARA VICTIMAS DE VIOLENCIA,SER001,CENTRO EMERGENCIA MUJER,LIMA METROPOLITANA,LIMA,PUENTE PIEDRA,COM063,PUENTE PIEDRA,couple,1.0
102,2019,ENE - DIC,14/01/2020,ENT001,PROGRAMA NACIONAL CONTRA LA VIOLENCIA FAMILIAR Y SEXUAL,LIN001,ATENCIÃN INTEGRAL Y MULTIDISCIPLINARIA PARA VICTIMAS DE VIOLENCIA,SER001,CENTRO EMERGENCIA MUJER,LIMA PROVINCIA,CAÃETE,SAN ANTONIO,COM083,SAN ANTONIO - CAÃETE,couple,2.0
103,2019,ENE - DIC,14/01/2020,ENT001,PROGRAMA NACIONAL CONTRA LA VIOLENCIA FAMILIAR Y SEXUAL,LIN001,ATENCIÃN INTEGRAL Y MULTIDISCIPLINARIA PARA VICTIMAS DE VIOLENCIA,SER001,CENTRO EMERGENCIA MUJER,LIMA METROPOLITANA,LIMA,LIMA,COM094,ALFONSO UGARTE,couple,0.0
104,2020,ENE -DIC,15/01/2021,ENT001,PROGRAMA NACIONAL CONTRA LA VIOLENCIA FAMILIAR Y SEXUAL,LIN001,ATENCIÃN INTEGRAL Y MULTIDISCIPLINARIA PARA VICTIMAS DE VIOLENCIA,SER001,CENTRO EMERGENCIA MUJER,LIMA METROPOLITANA,LIMA,LIMA,COM094,COMISARIA ALFONSO UGARTE,couple,1.0
105,2020,ENE -DIC,15/01/2021,ENT001,PROGRAMA NACIONAL CONTRA LA VIOLENCIA FAMILIAR Y SEXUAL,LIN001,ATENCIÃN INTEGRAL Y MULTIDISCIPLINARIA PARA VICTIMAS DE VIOLENCIA,SER001,CENTRO EMERGENCIA MUJER,LIMA METROPOLITANA,LIMA,ATE,COM043,COMISARIA VITARTE,couple,0.0
106,2020,ENE -DIC,15/01/2021,ENT001,PROGRAMA NACIONAL CONTRA LA VIOLENCIA FAMILIAR Y SEXUAL,LIN001,ATENCIÃN INTEGRAL Y MULTIDISCIPLINARIA PARA VICTIMAS DE VIOLENCIA,SER001,CENTRO EMERGENCIA MUJER,LIMA METROPOLITANA,LIMA,CARABAYLLO,COM020,COMISARIA SAN PEDRO DE CARABAYLLO,couple,1.0
107,2020,ENE -DIC,15/01/2021,ENT001,PROGRAMA NACIONAL CONTRA LA VIOLENCIA FAMILIAR Y SEXUAL,LIN001,ATENCIÃN INTEGRAL Y MULTIDISCIPLINARIA PARA VICTIMAS DE VIOLENCIA,SER001,CENTRO EMERGENCIA MUJER,LIMA METROPOLITANA,LIMA,CHORRILLOS,COM008,COMISARIA CHORRILLOS,couple,1.0
108,2020,ENE -DIC,15/01/2021,ENT001,PROGRAMA NACIONAL CONTRA LA VIOLENCIA FAMILIAR Y SEXUAL,LIN001,ATENCIÃN INTEGRAL Y MULTIDISCIPLINARIA PARA VICTIMAS DE VIOLENCIA,SER001,CENTRO EMERGENCIA MUJER,LIMA METROPOLITANA,LIMA,COMAS,COM022,COMISARIA DE FAMILIA COLLIQUE,couple,1.0
109,2020,ENE -DIC,15/01/2021,ENT001,PROGRAMA NACIONAL CONTRA LA VIOLENCIA FAMILIAR Y SEXUAL,LIN001,ATENCIÃN INTEGRAL Y MULTIDISCIPLINARIA PARA VICTIMAS DE VIOLENCIA,SER001,CENTRO EMERGENCIA MUJER,LIMA METROPOLITANA,LIMA,INDEPENDENCIA,CEM050,INDEPENDENCIA,couple,0.0
110,2020,ENE -DIC,15/01/2021,ENT001,PROGRAMA NACIONAL CONTRA LA VIOLENCIA FAMILIAR Y SEXUAL,LIN001,ATENCIÃN INTEGRAL Y MULTIDISCIPLINARIA PARA VICTIMAS DE VIOLENCIA,SER001,CENTRO EMERGENCIA MUJER,LIMA METROPOLITANA,LIMA,LA VICTORIA,CEM241,LA VICTORIA,couple,0.0
111,2020,ENE -DIC,15/01/2021,ENT001,PROGRAMA NACIONAL CONTRA LA VIOLENCIA FAMILIAR Y SEXUAL,LIN001,ATENCIÃN INTEGRAL Y MULTIDISCIPLINARIA PARA VICTIMAS DE VIOLENCIA,SER001,CENTRO EMERGENCIA MUJER,LIMA METROPOLITANA,LIMA,LA VICTORIA,COM059,COMISARIA APOLO,couple,0.0
112,2020,ENE -DIC,15/01/2021,ENT001,PROGRAMA NACIONAL CONTRA LA VIOLENCIA FAMILIAR Y SEXUAL,LIN001,ATENCIÃN INTEGRAL Y MULTIDISCIPLINARIA PARA VICTIMAS DE VIOLENCIA,SER001,CENTRO EMERGENCIA MUJER,LIMA METROPOLITANA,LIMA,LOS OLIVOS,CEM061,LOS OLIVOS,couple,0.0
113,2020,ENE -DIC,15/01/2021,ENT001,PROGRAMA NACIONAL CONTRA LA VIOLENCIA FAMILIAR Y SEXUAL,LIN001,ATENCIÃN INTEGRAL Y MULTIDISCIPLINARIA PARA VICTIMAS DE VIOLENCIA,SER001,CENTRO EMERGENCIA MUJER,LIMA METROPOLITANA,LIMA,LOS OLIVOS,COM018,COMISARIA LAURA CALLER,couple,1.0
114,2020,ENE -DIC,15/01/2021,ENT001,PROGRAMA NACIONAL CONTRA LA VIOLENCIA FAMILIAR Y SEXUAL,LIN001,ATENCIÃN INTEGRAL Y MULTIDISCIPLINARIA PARA VICTIMAS DE VIOLENCIA,SER001,CENTRO EMERGENCIA MUJER,LIMA METROPOLITANA,LIMA,PACHACAMAC,CEM064,MANCHAY,couple,1.0
115,2020,ENE -DIC,15/01/2021,ENT001,PROGRAMA NACIONAL CONTRA LA VIOLENCIA FAMILIAR Y SEXUAL,LIN001,ATENCIÃN INTEGRAL Y MULTIDISCIPLINARIA PARA VICTIMAS DE VIOLENCIA,SER001,CENTRO EMERGENCIA MUJER,LIMA METROPOLITANA,LIMA,PUENTE PIEDRA,COM063,COMISARIA PUENTE PIEDRA,couple,1.0
116,2020,ENE -DIC,15/01/2021,ENT001,PROGRAMA NACIONAL CONTRA LA VIOLENCIA FAMILIAR Y SEXUAL,LIN001,ATENCIÃN INTEGRAL Y MULTIDISCIPLINARIA PARA VICTIMAS DE VIOLENCIA,SER001,CENTRO EMERGENCIA MUJER,LIMA METROPOLITANA,LIMA,SAN JUAN DE LURIGANCHO,COM101,COMISARIA SANTA ELIZABETH,couple,1.0
117,2020,ENE -DIC,15/01/2021,ENT001,PROGRAMA NACIONAL CONTRA LA VIOLENCIA FAMILIAR Y SEXUAL,LIN001,ATENCIÃN INTEGRAL Y MULTIDISCIPLINARIA PARA VICTIMAS DE VIOLENCIA,SER001,CENTRO EMERGENCIA MUJER,LIMA METROPOLITANA,LIMA,SAN JUAN DE MIRAFLORES,COM113,COMISARIA PAMPLONA II,couple,1.0
118,2020,ENE -DIC,15/01/2021,ENT001,PROGRAMA NACIONAL CONTRA LA VIOLENCIA FAMILIAR Y SEXUAL,LIN001,ATENCIÃN INTEGRAL Y MULTIDISCIPLINARIA PARA VICTIMAS DE VIOLENCIA,SER001,CENTRO EMERGENCIA MUJER,LIMA PROVINCIA,CANTA,CANTA,CEM214,CANTA,couple,1.0
119,2020,ENE -DIC,15/01/2021,ENT001,PROGRAMA NACIONAL CONTRA LA VIOLENCIA FAMILIAR Y SEXUAL,LIN001,ATENCIÃN INTEGRAL Y MULTIDISCIPLINARIA PARA VICTIMAS DE VIOLENCIA,SER001,CENTRO EMERGENCIA MUJER,LIMA PROVINCIA,CAÃETE,IMPERIAL,CEM013,IMPERIAL,couple,1.0
120,2020,ENE -DIC,15/01/2021,ENT001,PROGRAMA NACIONAL CONTRA LA VIOLENCIA FAMILIAR Y SEXUAL,LIN001,ATENCIÃN INTEGRAL Y MULTIDISCIPLINARIA PARA VICTIMAS DE VIOLENCIA,SER001,CENTRO EMERGENCIA MUJER,LIMA PROVINCIA,CAÃETE,SAN ANTONIO,COM083,COMISARIA SAN ANTONIO - CAÃETE,couple,0.0
121,2020,ENE -DIC,15/01/2021,ENT001,PROGRAMA NACIONAL CONTRA LA VIOLENCIA FAMILIAR Y SEXUAL,LIN001,ATENCIÃN INTEGRAL Y MULTIDISCIPLINARIA PARA VICTIMAS DE VIOLENCIA,SER001,CENTRO EMERGENCIA MUJER,LIMA PROVINCIA,HUARAL,CHANCAY,COM039,COMISARIA CHANCAY,couple,1.0
122,2020,ENE -DIC,15/01/2021,ENT001,PROGRAMA NACIONAL CONTRA LA VIOLENCIA FAMILIAR Y SEXUAL,LIN001,ATENCIÃN INTEGRAL Y MULTIDISCIPLINARIA PARA VICTIMAS DE VIOLENCIA,SER001,CENTRO EMERGENCIA MUJER,LIMA PROVINCIA,HUAURA,HUACHO,COM047,COMISARIA HUACHO,couple,1.0
123,2020,ENE -DIC,15/01/2021,ENT001,PROGRAMA NACIONAL CONTRA LA VIOLENCIA FAMILIAR Y SEXUAL,LIN001,ATENCIÃN INTEGRAL Y MULTIDISCIPLINARIA PARA VICTIMAS DE VIOLENCIA,SER001,CENTRO EMERGENCIA MUJER,LIMA METROPOLITANA,,,,,couple,4.0
124,2021,ENE - DIC,15/01/2022,ENT001,PROGRAMA NACIONAL CONTRA LA VIOLENCIA FAMILIAR Y SEXUAL,LIN001,ATENCIÃN INTEGRAL Y MULTIDISCIPLINARIA PARA VICTIMAS DE VIOLENCIA,SER001,CENTRO EMERGENCIA MUJER,LIMA METROPOLITANA,LIMA,SAN JUAN DE LURIGANCHO,COM054,DE FAMILIA CANTO REY,couple,1.0
125,2021,ENE - DIC,15/01/2022,ENT001,PROGRAMA NACIONAL CONTRA LA VIOLENCIA FAMILIAR Y SEXUAL,LIN001,ATENCIÃN INTEGRAL Y MULTIDISCIPLINARIA PARA VICTIMAS DE VIOLENCIA,SER001,CENTRO EMERGENCIA MUJER,LIMA METROPOLITANA,LIMA,SAN JUAN DE MIRAFLORES,CEM076,SAN JUAN DE MIRAFLORES,couple,2.0
126,2021,ENE - DIC,15/01/2022,ENT001,PROGRAMA NACIONAL CONTRA LA VIOLENCIA FAMILIAR Y SEXUAL,LIN001,ATENCIÃN INTEGRAL Y MULTIDISCIPLINARIA PARA VICTIMAS DE VIOLENCIA,SER001,CENTRO EMERGENCIA MUJER,LIMA METROPOLITANA,LIMA,SAN MARTIN DE PORRES,CEM089,SAN MARTIN DE PORRES,couple,1.0
127,2021,ENE - DIC,15/01/2022,ENT001,PROGRAMA NACIONAL CONTRA LA VIOLENCIA FAMILIAR Y SEXUAL,LIN001,ATENCIÃN INTEGRAL Y MULTIDISCIPLINARIA PARA VICTIMAS DE VIOLENCIA,SER001,CENTRO EMERGENCIA MUJER,LIMA PROVINCIA,HUAROCHIRI,MATUCANA,CEM044,HUAROCHIRI,couple,1.0
128,2021,ENE - DIC,15/01/2022,ENT001,PROGRAMA NACIONAL CONTRA LA VIOLENCIA FAMILIAR Y SEXUAL,LIN001,ATENCIÃN INTEGRAL Y MULTIDISCIPLINARIA PARA VICTIMAS DE VIOLENCIA,SER001,CENTRO EMERGENCIA MUJER,LIMA METROPOLITANA,LIMA,ATE,COM043,VITARTE,couple,0.0
129,2021,ENE - DIC,15/01/2022,ENT001,PROGRAMA NACIONAL CONTRA LA VIOLENCIA FAMILIAR Y SEXUAL,LIN001,ATENCIÃN INTEGRAL Y MULTIDISCIPLINARIA PARA VICTIMAS DE VIOLENCIA,SER001,CENTRO EMERGENCIA MUJER,LIMA METROPOLITANA,LIMA,LOS OLIVOS,COM102,SOL DE ORO,couple,1.0
130,2021,ENE - DIC,15/01/2022,ENT001,PROGRAMA NACIONAL CONTRA LA VIOLENCIA FAMILIAR Y SEXUAL,LIN001,ATENCIÃN INTEGRAL Y MULTIDISCIPLINARIA PARA VICTIMAS DE VIOLENCIA,SER001,CENTRO EMERGENCIA MUJER,LIMA METROPOLITANA,LIMA,PUENTE PIEDRA,COM063,PUENTE PIEDRA,couple,3.0
131,2021,ENE - DIC,15/01/2022,ENT001,PROGRAMA NACIONAL CONTRA LA VIOLENCIA FAMILIAR Y SEXUAL,LIN001,ATENCIÃN INTEGRAL Y MULTIDISCIPLINARIA PARA VICTIMAS DE VIOLENCIA,SER001,CENTRO EMERGENCIA MUJER,LIMA PROVINCIA,BARRANCA,BARRANCA,COM052,BARRANCA,couple,0.0
132,2021,ENE - DIC,15/01/2022,ENT001,PROGRAMA NACIONAL CONTRA LA VIOLENCIA FAMILIAR Y SEXUAL,LIN001,ATENCIÃN INTEGRAL Y MULTIDISCIPLINARIA PARA VICTIMAS DE VIOLENCIA,SER001,CENTRO EMERGENCIA MUJER,LIMA METROPOLITANA,LIMA,SANTIAGO DE SURCO,CEM096,SURCO,couple,1.0
133,2021,ENE - DIC,15/01/2022,ENT001,PROGRAMA NACIONAL CONTRA LA VIOLENCIA FAMILIAR Y SEXUAL,LIN001,ATENCIÃN INTEGRAL Y MULTIDISCIPLINARIA PARA VICTIMAS DE VIOLENCIA,SER001,CENTRO EMERGENCIA MUJER,LIMA METROPOLITANA,LIMA,SAN BORJA,COM037,SAN BORJA,couple,1.0
134,2021,ENE - DIC,15/01/2022,ENT001,PROGRAMA NACIONAL CONTRA LA VIOLENCIA FAMILIAR Y SEXUAL,LIN001,ATENCIÃN INTEGRAL Y MULTIDISCIPLINARIA PARA VICTIMAS DE VIOLENCIA,SER001,CENTRO EMERGENCIA MUJER,LIMA METROPOLITANA,LIMA,CARABAYLLO,CEM014,CARABAYLLO,couple,1.0
135,2021,ENE - DIC,15/01/2022,ENT001,PROGRAMA NACIONAL CONTRA LA VIOLENCIA FAMILIAR Y SEXUAL,LIN001,ATENCIÃN INTEGRAL Y MULTIDISCIPLINARIA PARA VICTIMAS DE VIOLENCIA,SER001,CENTRO EMERGENCIA MUJER,LIMA PROVINCIA,CAÃETE,SAN ANTONIO,COM083,SAN ANTONIO - CAÃETE,couple,0.0
136,2021,ENE - DIC,15/01/2022,ENT001,PROGRAMA NACIONAL CONTRA LA VIOLENCIA FAMILIAR Y SEXUAL,LIN001,ATENCIÃN INTEGRAL Y MULTIDISCIPLINARIA PARA VICTIMAS DE VIOLENCIA,SER001,CENTRO EMERGENCIA MUJER,LIMA METROPOLITANA,LIMA,ATE,COM107,HUAYCAN,couple,1.0
137,2021,ENE - DIC,15/01/2022,ENT001,PROGRAMA NACIONAL CONTRA LA VIOLENCIA FAMILIAR Y SEXUAL,LIN001,ATENCIÃN INTEGRAL Y MULTIDISCIPLINARIA PARA VICTIMAS DE VIOLENCIA,SER001,CENTRO EMERGENCIA MUJER,LIMA METROPOLITANA,LIMA,PACHACAMAC,CEM064,MANCHAY,couple,1.0
138,2021,ENE - DIC,15/01/2022,ENT001,PROGRAMA NACIONAL CONTRA LA VIOLENCIA FAMILIAR Y SEXUAL,LIN001,ATENCIÃN INTEGRAL Y MULTIDISCIPLINARIA PARA VICTIMAS DE VIOLENCIA,SER001,CENTRO EMERGENCIA MUJER,LIMA METROPOLITANA,LIMA,SANTA ROSA,CEM210,SANTA ROSA,couple,1.0
139,2021,ENE - DIC,15/01/2022,ENT001,PROGRAMA NACIONAL CONTRA LA VIOLENCIA FAMILIAR Y SEXUAL,LIN001,ATENCIÃN INTEGRAL Y MULTIDISCIPLINARIA PARA VICTIMAS DE VIOLENCIA,SER001,CENTRO EMERGENCIA MUJER,LIMA PROVINCIA,HUAROCHIRI,SAN ANTONIO,COM131,JICAMARCA II,couple,0.0
140,2021,ENE - DIC,15/01/2022,ENT001,PROGRAMA NACIONAL CONTRA LA VIOLENCIA FAMILIAR Y SEXUAL,LIN001,ATENCIÃN INTEGRAL Y MULTIDISCIPLINARIA PARA VICTIMAS DE VIOLENCIA,SER001,CENTRO EMERGENCIA MUJER,LIMA METROPOLITANA,LIMA,CHORRILLOS,COM008,CHORRILLOS,couple,2.0
141,2021,ENE - DIC,15/01/2022,ENT001,PROGRAMA NACIONAL CONTRA LA VIOLENCIA FAMILIAR Y SEXUAL,LIN001,ATENCIÃN INTEGRAL Y MULTIDISCIPLINARIA PARA VICTIMAS DE VIOLENCIA,SER001,CENTRO EMERGENCIA MUJER,LIMA METROPOLITANA,LIMA,VILLA MARIA DEL TRIUNFO,COM005,VILLA MARIA DEL TRIUNFO,couple,0.0
142,2021,ENE - DIC,15/01/2022,ENT001,PROGRAMA NACIONAL CONTRA LA VIOLENCIA FAMILIAR Y SEXUAL,LIN001,ATENCIÃN INTEGRAL Y MULTIDISCIPLINARIA PARA VICTIMAS DE VIOLENCIA,SER001,CENTRO EMERGENCIA MUJER,LIMA METROPOLITANA,LIMA,COMAS,COM022,DE FAMILIA COLLIQUE,couple,1.0
143,2021,ENE - DIC,15/01/2022,ENT001,PROGRAMA NACIONAL CONTRA LA VIOLENCIA FAMILIAR Y SEXUAL,LIN001,ATENCIÃN INTEGRAL Y MULTIDISCIPLINARIA PARA VICTIMAS DE VIOLENCIA,SER001,CENTRO EMERGENCIA MUJER,LIMA PROVINCIA,BARRANCA,BARRANCA,CEM155,BARRANCA,couple,1.0
144,2021,ENE - DIC,15/01/2022,ENT001,PROGRAMA NACIONAL CONTRA LA VIOLENCIA FAMILIAR Y SEXUAL,LIN001,ATENCIÃN INTEGRAL Y MULTIDISCIPLINARIA PARA VICTIMAS DE VIOLENCIA,SER001,CENTRO EMERGENCIA MUJER,LIMA METROPOLITANA,LIMA,INDEPENDENCIA,CEM050,INDEPENDENCIA,couple,1.0
145,2021,ENE - DIC,15/01/2022,ENT001,PROGRAMA NACIONAL CONTRA LA VIOLENCIA FAMILIAR Y SEXUAL,LIN001,ATENCIÃN INTEGRAL Y MULTIDISCIPLINARIA PARA VICTIMAS DE VIOLENCIA,SER001,CENTRO EMERGENCIA MUJER,LIMA METROPOLITANA,LIMA,VILLA MARIA DEL TRIUNFO,CEM110,VILLA MARIA DEL TRIUNFO,couple,1.0
146,2021,ENE - DIC,15/01/2022,ENT001,PROGRAMA NACIONAL CONTRA LA VIOLENCIA FAMILIAR Y SEXUAL,LIN001,ATENCIÃN INTEGRAL Y MULTIDISCIPLINARIA PARA VICTIMAS DE VIOLENCIA,SER001,CENTRO EMERGENCIA MUJER,LIMA PROVINCIA,HUAURA,HUACHO,COM047,COMISARIA HUACHO,couple,0.0
147,2022,ENE - DIC,15/01/2023,ENT001,PROGRAMA NACIONAL CONTRA LA VIOLENCIA FAMILIAR Y SEXUAL,LIN001,ATENCIÃN INTEGRAL Y MULTIDISCIPLINARIA PARA VICTIMAS DE VIOLENCIA,SER001,CENTRO EMERGENCIA MUJER,LIMA METROPOLITANA,LIMA,LIMA,CEM060,LIMA,couple,1.0
148,2022,ENE - DIC,15/01/2023,ENT001,PROGRAMA NACIONAL CONTRA LA VIOLENCIA FAMILIAR Y SEXUAL,LIN001,ATENCIÃN INTEGRAL Y MULTIDISCIPLINARIA PARA VICTIMAS DE VIOLENCIA,SER001,CENTRO EMERGENCIA MUJER,LIMA METROPOLITANA,LIMA,LIMA,COM094,COMISARIA ALFONSO UGARTE,couple,1.0
149,2022,ENE - DIC,15/01/2023,ENT001,PROGRAMA NACIONAL CONTRA LA VIOLENCIA FAMILIAR Y SEXUAL,LIN001,ATENCIÃN INTEGRAL Y MULTIDISCIPLINARIA PARA VICTIMAS DE VIOLENCIA,SER001,CENTRO EMERGENCIA MUJER,LIMA METROPOLITANA,LIMA,CARABAYLLO,CEM014,CARABAYLLO,couple,1.0
150,2022,ENE - DIC,15/01/2023,ENT001,PROGRAMA NACIONAL CONTRA LA VIOLENCIA FAMILIAR Y SEXUAL,LIN001,ATENCIÃN INTEGRAL Y MULTIDISCIPLINARIA PARA VICTIMAS DE VIOLENCIA,SER001,CENTRO EMERGENCIA MUJER,LIMA METROPOLITANA,LIMA,CARABAYLLO,COM020,COMISARIA SAN PEDRO DE CARABAYLLO,couple,0.0
151,2022,ENE - DIC,15/01/2023,ENT001,PROGRAMA NACIONAL CONTRA LA VIOLENCIA FAMILIAR Y SEXUAL,LIN001,ATENCIÃN INTEGRAL Y MULTIDISCIPLINARIA PARA VICTIMAS DE VIOLENCIA,SER001,CENTRO EMERGENCIA MUJER,LIMA METROPOLITANA,LIMA,COMAS,CEM029,COMAS,couple,0.0
152,2022,ENE - DIC,15/01/2023,ENT001,PROGRAMA NACIONAL CONTRA LA VIOLENCIA FAMILIAR Y SEXUAL,LIN001,ATENCIÃN INTEGRAL Y MULTIDISCIPLINARIA PARA VICTIMAS DE VIOLENCIA,SER001,CENTRO EMERGENCIA MUJER,LIMA METROPOLITANA,LIMA,COMAS,COM022,COMISARIA DE FAMILIA COLLIQUE,couple,0.0
153,2022,ENE - DIC,15/01/2023,ENT001,PROGRAMA NACIONAL CONTRA LA VIOLENCIA FAMILIAR Y SEXUAL,LIN001,ATENCIÃN INTEGRAL Y MULTIDISCIPLINARIA PARA VICTIMAS DE VIOLENCIA,SER001,CENTRO EMERGENCIA MUJER,LIMA METROPOLITANA,LIMA,EL AGUSTINO,COM015,COMISARIA DE FAMILIA EL AGUSTINO,couple,1.0
154,2022,ENE - DIC,15/01/2023,ENT001,PROGRAMA NACIONAL CONTRA LA VIOLENCIA FAMILIAR Y SEXUAL,LIN001,ATENCIÃN INTEGRAL Y MULTIDISCIPLINARIA PARA VICTIMAS DE VIOLENCIA,SER001,CENTRO EMERGENCIA MUJER,LIMA METROPOLITANA,LIMA,INDEPENDENCIA,COM152,COMISARIA INDEPENDENCIA,couple,0.0
155,2022,ENE - DIC,15/01/2023,ENT001,PROGRAMA NACIONAL CONTRA LA VIOLENCIA FAMILIAR Y SEXUAL,LIN001,ATENCIÃN INTEGRAL Y MULTIDISCIPLINARIA PARA VICTIMAS DE VIOLENCIA,SER001,CENTRO EMERGENCIA MUJER,LIMA METROPOLITANA,LIMA,LA MOLINA,COM058,COMISARIA LA MOLINA,couple,1.0
156,2022,ENE - DIC,15/01/2023,ENT001,PROGRAMA NACIONAL CONTRA LA VIOLENCIA FAMILIAR Y SEXUAL,LIN001,ATENCIÃN INTEGRAL Y MULTIDISCIPLINARIA PARA VICTIMAS DE VIOLENCIA,SER001,CENTRO EMERGENCIA MUJER,LIMA METROPOLITANA,LIMA,LA VICTORIA,CEM241,LA VICTORIA,couple,1.0
157,2022,ENE - DIC,15/01/2023,ENT001,PROGRAMA NACIONAL CONTRA LA VIOLENCIA FAMILIAR Y SEXUAL,LIN001,ATENCIÃN INTEGRAL Y MULTIDISCIPLINARIA PARA VICTIMAS DE VIOLENCIA,SER001,CENTRO EMERGENCIA MUJER,LIMA METROPOLITANA,LIMA,LOS OLIVOS,COM102,COMISARIA SOL DE ORO,couple,1.0
158,2022,ENE - DIC,15/01/2023,ENT001,PROGRAMA NACIONAL CONTRA LA VIOLENCIA FAMILIAR Y SEXUAL,LIN001,ATENCIÃN INTEGRAL Y MULTIDISCIPLINARIA PARA VICTIMAS DE VIOLENCIA,SER001,CENTRO EMERGENCIA MUJER,LIMA METROPOLITANA,LIMA,LURIN,COM036,COMISARIA LURIN,couple,1.0
159,2022,ENE - DIC,15/01/2023,ENT001,PROGRAMA NACIONAL CONTRA LA VIOLENCIA FAMILIAR Y SEXUAL,LIN001,ATENCIÃN INTEGRAL Y MULTIDISCIPLINARIA PARA VICTIMAS DE VIOLENCIA,SER001,CENTRO EMERGENCIA MUJER,LIMA METROPOLITANA,LIMA,PUEBLO LIBRE,SAU001,LIMA,couple,1.0
160,2022,ENE - DIC,15/01/2023,ENT001,PROGRAMA NACIONAL CONTRA LA VIOLENCIA FAMILIAR Y SEXUAL,LIN001,ATENCIÃN INTEGRAL Y MULTIDISCIPLINARIA PARA VICTIMAS DE VIOLENCIA,SER001,CENTRO EMERGENCIA MUJER,LIMA METROPOLITANA,LIMA,RIMAC,CEM145,RIMAC,couple,2.0
161,2022,ENE - DIC,15/01/2023,ENT001,PROGRAMA NACIONAL CONTRA LA VIOLENCIA FAMILIAR Y SEXUAL,LIN001,ATENCIÃN INTEGRAL Y MULTIDISCIPLINARIA PARA VICTIMAS DE VIOLENCIA,SER001,CENTRO EMERGENCIA MUJER,LIMA METROPOLITANA,LIMA,SAN JUAN DE LURIGANCHO,COM106,COMISARIA CAJA DE AGUA,couple,1.0
162,2022,ENE - DIC,15/01/2023,ENT001,PROGRAMA NACIONAL CONTRA LA VIOLENCIA FAMILIAR Y SEXUAL,LIN001,ATENCIÃN INTEGRAL Y MULTIDISCIPLINARIA PARA VICTIMAS DE VIOLENCIA,SER001,CENTRO EMERGENCIA MUJER,LIMA METROPOLITANA,LIMA,SAN LUIS,COM092,COMISARIA SAN LUIS,couple,0.0
163,2022,ENE - DIC,15/01/2023,ENT001,PROGRAMA NACIONAL CONTRA LA VIOLENCIA FAMILIAR Y SEXUAL,LIN001,ATENCIÃN INTEGRAL Y MULTIDISCIPLINARIA PARA VICTIMAS DE VIOLENCIA,SER001,CENTRO EMERGENCIA MUJER,LIMA METROPOLITANA,LIMA,SAN MARTIN DE PORRES,COM046,COMISARIA CONDEVILLA,couple,0.0
164,2022,ENE - DIC,15/01/2023,ENT001,PROGRAMA NACIONAL CONTRA LA VIOLENCIA FAMILIAR Y SEXUAL,LIN001,ATENCIÃN INTEGRAL Y MULTIDISCIPLINARIA PARA VICTIMAS DE VIOLENCIA,SER001,CENTRO EMERGENCIA MUJER,LIMA METROPOLITANA,LIMA,SANTA ANITA,COM028,COMISARIA SANTA ANITA,couple,1.0
165,2022,ENE - DIC,15/01/2023,ENT001,PROGRAMA NACIONAL CONTRA LA VIOLENCIA FAMILIAR Y SEXUAL,LIN001,ATENCIÃN INTEGRAL Y MULTIDISCIPLINARIA PARA VICTIMAS DE VIOLENCIA,SER001,CENTRO EMERGENCIA MUJER,LIMA PROVINCIA,BARRANCA,BARRANCA,COM052,COMISARIA BARRANCA,couple,0.0
166,2022,ENE - DIC,15/01/2023,ENT001,PROGRAMA NACIONAL CONTRA LA VIOLENCIA FAMILIAR Y SEXUAL,LIN001,ATENCIÃN INTEGRAL Y MULTIDISCIPLINARIA PARA VICTIMAS DE VIOLENCIA,SER001,CENTRO EMERGENCIA MUJER,LIMA PROVINCIA,BARRANCA,PARAMONGA,COM132,COMISARIA PARAMONGA,couple,1.0
167,2022,ENE - DIC,15/01/2023,ENT001,PROGRAMA NACIONAL CONTRA LA VIOLENCIA FAMILIAR Y SEXUAL,LIN001,ATENCIÃN INTEGRAL Y MULTIDISCIPLINARIA PARA VICTIMAS DE VIOLENCIA,SER001,CENTRO EMERGENCIA MUJER,LIMA PROVINCIA,CAÃETE,SAN VICENTE DE CAÃETE,COM085,COMISARIA SAN VICENTE DE CAÃETE,couple,0.0
168,2022,ENE - DIC,15/01/2023,ENT001,PROGRAMA NACIONAL CONTRA LA VIOLENCIA FAMILIAR Y SEXUAL,LIN001,ATENCIÃN INTEGRAL Y MULTIDISCIPLINARIA PARA VICTIMAS DE VIOLENCIA,SER001,CENTRO EMERGENCIA MUJER,LIMA PROVINCIA,HUARAL,HUARAL,CEM124,HUARAL,couple,1.0
169,2022,ENE - DIC,15/01/2023,ENT001,PROGRAMA NACIONAL CONTRA LA VIOLENCIA FAMILIAR Y SEXUAL,LIN001,ATENCIÃN INTEGRAL Y MULTIDISCIPLINARIA PARA VICTIMAS DE VIOLENCIA,SER001,CENTRO EMERGENCIA MUJER,LIMA PROVINCIA,HUAURA,HUACHO,COM047,COMISARIA HUACHO,couple,1.0
170,2022,ENE - DIC,15/01/2023,ENT001,PROGRAMA NACIONAL CONTRA LA VIOLENCIA FAMILIAR Y SEXUAL,LIN001,ATENCIÃN INTEGRAL Y MULTIDISCIPLINARIA PARA VICTIMAS DE VIOLENCIA,SER001,CENTRO EMERGENCIA MUJER,LIMA PROVINCIA,HUAURA,SAYAN,COM100,COMISARIA SAYAN,couple,1.0
171,2023,ENE - JUL,15/08/2023,ENT001,PROGRAMA NACIONAL CONTRA LA VIOLENCIA FAMILIAR Y SEXUAL,LIN001,ATENCIÃN INTEGRAL Y MULTIDISCIPLINARIA PARA VICTIMAS DE VIOLENCIA,SER001,CENTRO EMERGENCIA MUJER,LIMA METROPOLITANA,LIMA,ANCON,COM110,COMISARIA ANCON,couple,1.0
172,2023,ENE - JUL,15/08/2023,ENT001,PROGRAMA NACIONAL CONTRA LA VIOLENCIA FAMILIAR Y SEXUAL,LIN001,ATENCIÃN INTEGRAL Y MULTIDISCIPLINARIA PARA VICTIMAS DE VIOLENCIA,SER001,CENTRO EMERGENCIA MUJER,LIMA METROPOLITANA,LIMA,ATE,COM107,COMISARIA HUAYCAN,couple,1.0
173,2023,ENE - JUL,15/08/2023,ENT001,PROGRAMA NACIONAL CONTRA LA VIOLENCIA FAMILIAR Y SEXUAL,LIN001,ATENCIÃN INTEGRAL Y MULTIDISCIPLINARIA PARA VICTIMAS DE VIOLENCIA,SER001,CENTRO EMERGENCIA MUJER,LIMA METROPOLITANA,LIMA,LA MOLINA,COM058,COMISARIA LA MOLINA,couple,1.0
174,2023,ENE - JUL,15/08/2023,ENT001,PROGRAMA NACIONAL CONTRA LA VIOLENCIA FAMILIAR Y SEXUAL,LIN001,ATENCIÃN INTEGRAL Y MULTIDISCIPLINARIA PARA VICTIMAS DE VIOLENCIA,SER001,CENTRO EMERGENCIA MUJER,LIMA METROPOLITANA,LIMA,LOS OLIVOS,COM102,COMISARIA SOL DE ORO,couple,0.0
175,2023,ENE - JUL,15/08/2023,ENT001,PROGRAMA NACIONAL CONTRA LA VIOLENCIA FAMILIAR Y SEXUAL,LIN001,ATENCIÃN INTEGRAL Y MULTIDISCIPLINARIA PARA VICTIMAS DE VIOLENCIA,SER001,CENTRO EMERGENCIA MUJER,LIMA METROPOLITANA,LIMA,LURIGANCHO,CEM223,CHOSICA,couple,0.0
176,2023,ENE - JUL,15/08/2023,ENT001,PROGRAMA NACIONAL CONTRA LA VIOLENCIA FAMILIAR Y SEXUAL,LIN001,ATENCIÃN INTEGRAL Y MULTIDISCIPLINARIA PARA VICTIMAS DE VIOLENCIA,SER001,CENTRO EMERGENCIA MUJER,LIMA METROPOLITANA,LIMA,LURIGANCHO,COM155,COMISARIA HUACHIPA,couple,1.0
177,2023,ENE - JUL,15/08/2023,ENT001,PROGRAMA NACIONAL CONTRA LA VIOLENCIA FAMILIAR Y SEXUAL,LIN001,ATENCIÃN INTEGRAL Y MULTIDISCIPLINARIA PARA VICTIMAS DE VIOLENCIA,SER001,CENTRO EMERGENCIA MUJER,LIMA METROPOLITANA,LIMA,LURIN,COM036,COMISARIA LURIN,couple,0.0
178,2023,ENE - JUL,15/08/2023,ENT001,PROGRAMA NACIONAL CONTRA LA VIOLENCIA FAMILIAR Y SEXUAL,LIN001,ATENCIÃN INTEGRAL Y MULTIDISCIPLINARIA PARA VICTIMAS DE VIOLENCIA,SER001,CENTRO EMERGENCIA MUJER,LIMA METROPOLITANA,LIMA,PUEBLO LIBRE,SAU001,LIMA,couple,1.0
179,2023,ENE - JUL,15/08/2023,ENT001,PROGRAMA NACIONAL CONTRA LA VIOLENCIA FAMILIAR Y SEXUAL,LIN001,ATENCIÃN INTEGRAL Y MULTIDISCIPLINARIA PARA VICTIMAS DE VIOLENCIA,SER001,CENTRO EMERGENCIA MUJER,LIMA METROPOLITANA,LIMA,VILLA EL SALVADOR,CEM109,VILLA EL SALVADOR,couple,1.0
180,2023,ENE - JUL,15/08/2023,ENT001,PROGRAMA NACIONAL CONTRA LA VIOLENCIA FAMILIAR Y SEXUAL,LIN001,ATENCIÃN INTEGRAL Y MULTIDISCIPLINARIA PARA VICTIMAS DE VIOLENCIA,SER001,CENTRO EMERGENCIA MUJER,LIMA PROVINCIA,CAÃETE,SAN ANTONIO,COM083,COMISARIA SAN ANTONIO - CAÃETE,couple,0.0
181,2023,ENE - JUL,15/08/2023,ENT001,PROGRAMA NACIONAL CONTRA LA VIOLENCIA FAMILIAR Y SEXUAL,LIN001,ATENCIÃN INTEGRAL Y MULTIDISCIPLINARIA PARA VICTIMAS DE VIOLENCIA,SER001,CENTRO EMERGENCIA MUJER,LIMA PROVINCIA,HUARAL,HUARAL,CEM124,HUARAL,couple,0.0
0,2012,ENE - DIC,05/01/2014,ENT001,PROGRAMA NACIONAL CONTRA LA VIOLENCIA FAMILIAR Y SEXUAL,LIN001,ATENCIÃN INTEGRAL Y MULTIDISCIPLINARIA PARA VICTIMAS DE VIOLENCIA,SER005,REGISTRO DE FEMINICIDIO,LIMA DEPARTAMENTO,,,,,family,0.0
1,2013,ENE - DIC,05/01/2014,ENT001,PROGRAMA NACIONAL CONTRA LA VIOLENCIA FAMILIAR Y SEXUAL,LIN001,ATENCIÃN INTEGRAL Y MULTIDISCIPLINARIA PARA VICTIMAS DE VIOLENCIA,SER005,REGISTRO DE FEMINICIDIO,LIMA DEPARTAMENTO,,,,,family,0.0
2,2014,ENE - DIC,10/01/2015,ENT001,PROGRAMA NACIONAL CONTRA LA VIOLENCIA FAMILIAR Y SEXUAL,LIN001,ATENCIÃN INTEGRAL Y MULTIDISCIPLINARIA PARA VICTIMAS DE VIOLENCIA,SER005,REGISTRO DE FEMINICIDIO,LIMA DEPARTAMENTO,,,,,family,0.0
3,2015,ENE - DIC,11/01/2016,ENT001,PROGRAMA NACIONAL CONTRA LA VIOLENCIA FAMILIAR Y SEXUAL,LIN001,ATENCIÃN INTEGRAL Y MULTIDISCIPLINARIA PARA VICTIMAS DE VIOLENCIA,SER005,REGISTRO DE FEMINICIDIO,LIMA DEPARTAMENTO,,,,,family,0.0
4,2016,ENE - DIC,13/01/2017,ENT001,PROGRAMA NACIONAL CONTRA LA VIOLENCIA FAMILIAR Y SEXUAL,LIN001,ATENCIÃN INTEGRAL Y MULTIDISCIPLINARIA PARA VICTIMAS DE VIOLENCIA,SER005,REGISTRO DE FEMINICIDIO,LIMA PROVINCIA,CAÃETE,IMPERIAL,CEM013,IMPERIAL,family,0.0
5,2016,ENE - DIC,13/01/2017,ENT001,PROGRAMA NACIONAL CONTRA LA VIOLENCIA FAMILIAR Y SEXUAL,LIN001,ATENCIÃN INTEGRAL Y MULTIDISCIPLINARIA PARA VICTIMAS DE VIOLENCIA,SER005,REGISTRO DE FEMINICIDIO,LIMA METROPOLITANA,LIMA,CARABAYLLO,CEM014,CARABAYLLO,family,0.0
6,2016,ENE - DIC,13/01/2017,ENT001,PROGRAMA NACIONAL CONTRA LA VIOLENCIA FAMILIAR Y SEXUAL,LIN001,ATENCIÃN INTEGRAL Y MULTIDISCIPLINARIA PARA VICTIMAS DE VIOLENCIA,SER005,REGISTRO DE FEMINICIDIO,LIMA METROPOLITANA,LIMA,EL AGUSTINO,CEM032,EL AGUSTINO,family,0.0
7,2016,ENE - DIC,13/01/2017,ENT001,PROGRAMA NACIONAL CONTRA LA VIOLENCIA FAMILIAR Y SEXUAL,LIN001,ATENCIÃN INTEGRAL Y MULTIDISCIPLINARIA PARA VICTIMAS DE VIOLENCIA,SER005,REGISTRO DE FEMINICIDIO,LIMA METROPOLITANA,LIMA,ATE,CEM045,HUAYCAN,family,0.0
8,2016,ENE - DIC,13/01/2017,ENT001,PROGRAMA NACIONAL CONTRA LA VIOLENCIA FAMILIAR Y SEXUAL,LIN001,ATENCIÃN INTEGRAL Y MULTIDISCIPLINARIA PARA VICTIMAS DE VIOLENCIA,SER005,REGISTRO DE FEMINICIDIO,LIMA METROPOLITANA,LIMA,LIMA,CEM060,LIMA,family,0.0
9,2016,ENE - DIC,13/01/2017,ENT001,PROGRAMA NACIONAL CONTRA LA VIOLENCIA FAMILIAR Y SEXUAL,LIN001,ATENCIÃN INTEGRAL Y MULTIDISCIPLINARIA PARA VICTIMAS DE VIOLENCIA,SER005,REGISTRO DE FEMINICIDIO,LIMA METROPOLITANA,LIMA,LOS OLIVOS,CEM061,LOS OLIVOS,family,0.0
10,2016,ENE - DIC,13/01/2017,ENT001,PROGRAMA NACIONAL CONTRA LA VIOLENCIA FAMILIAR Y SEXUAL,LIN001,ATENCIÃN INTEGRAL Y MULTIDISCIPLINARIA PARA VICTIMAS DE VIOLENCIA,SER005,REGISTRO DE FEMINICIDIO,LIMA METROPOLITANA,LIMA,SAN JUAN DE MIRAFLORES,CEM076,SAN JUAN DE MIRAFLORES,family,1.0
11,2016,ENE - DIC,13/01/2017,ENT001,PROGRAMA NACIONAL CONTRA LA VIOLENCIA FAMILIAR Y SEXUAL,LIN001,ATENCIÃN INTEGRAL Y MULTIDISCIPLINARIA PARA VICTIMAS DE VIOLENCIA,SER005,REGISTRO DE FEMINICIDIO,LIMA METROPOLITANA,LIMA,LA MOLINA,CEM087,LA MOLINA,family,0.0
12,2016,ENE - DIC,13/01/2017,ENT001,PROGRAMA NACIONAL CONTRA LA VIOLENCIA FAMILIAR Y SEXUAL,LIN001,ATENCIÃN INTEGRAL Y MULTIDISCIPLINARIA PARA VICTIMAS DE VIOLENCIA,SER005,REGISTRO DE FEMINICIDIO,LIMA METROPOLITANA,LIMA,SAN JUAN DE LURIGANCHO,CEM088,SAN JUAN DE LURIGANCHO,family,0.0
13,2016,ENE - DIC,13/01/2017,ENT001,PROGRAMA NACIONAL CONTRA LA VIOLENCIA FAMILIAR Y SEXUAL,LIN001,ATENCIÃN INTEGRAL Y MULTIDISCIPLINARIA PARA VICTIMAS DE VIOLENCIA,SER005,REGISTRO DE FEMINICIDIO,LIMA METROPOLITANA,LIMA,SAN MARTIN DE PORRES,CEM089,SAN MARTIN DE PORRES,family,0.0
14,2016,ENE - DIC,13/01/2017,ENT001,PROGRAMA NACIONAL CONTRA LA VIOLENCIA FAMILIAR Y SEXUAL,LIN001,ATENCIÃN INTEGRAL Y MULTIDISCIPLINARIA PARA VICTIMAS DE VIOLENCIA,SER005,REGISTRO DE FEMINICIDIO,LIMA METROPOLITANA,LIMA,SURQUILLO,CEM097,SURQUILLO,family,0.0
15,2016,ENE - DIC,13/01/2017,ENT001,PROGRAMA NACIONAL CONTRA LA VIOLENCIA FAMILIAR Y SEXUAL,LIN001,ATENCIÃN INTEGRAL Y MULTIDISCIPLINARIA PARA VICTIMAS DE VIOLENCIA,SER005,REGISTRO DE FEMINICIDIO,LIMA METROPOLITANA,LIMA,VILLA EL SALVADOR,CEM109,VILLA EL SALVADOR,family,0.0
16,2016,ENE - DIC,13/01/2017,ENT001,PROGRAMA NACIONAL CONTRA LA VIOLENCIA FAMILIAR Y SEXUAL,LIN001,ATENCIÃN INTEGRAL Y MULTIDISCIPLINARIA PARA VICTIMAS DE VIOLENCIA,SER005,REGISTRO DE FEMINICIDIO,LIMA METROPOLITANA,LIMA,VILLA MARIA DEL TRIUNFO,CEM110,VILLA MARIA DEL TRIUNFO,family,0.0
17,2016,ENE - DIC,13/01/2017,ENT001,PROGRAMA NACIONAL CONTRA LA VIOLENCIA FAMILIAR Y SEXUAL,LIN001,ATENCIÃN INTEGRAL Y MULTIDISCIPLINARIA PARA VICTIMAS DE VIOLENCIA,SER005,REGISTRO DE FEMINICIDIO,LIMA METROPOLITANA,LIMA,PUENTE PIEDRA,CEM122,PUENTE PIEDRA,family,0.0
18,2016,ENE - DIC,13/01/2017,ENT001,PROGRAMA NACIONAL CONTRA LA VIOLENCIA FAMILIAR Y SEXUAL,LIN001,ATENCIÃN INTEGRAL Y MULTIDISCIPLINARIA PARA VICTIMAS DE VIOLENCIA,SER005,REGISTRO DE FEMINICIDIO,LIMA PROVINCIA,HUARAL,HUARAL,CEM124,HUARAL,family,0.0
19,2016,ENE - DIC,13/01/2017,ENT001,PROGRAMA NACIONAL CONTRA LA VIOLENCIA FAMILIAR Y SEXUAL,LIN001,ATENCIÃN INTEGRAL Y MULTIDISCIPLINARIA PARA VICTIMAS DE VIOLENCIA,SER005,REGISTRO DE FEMINICIDIO,LIMA PROVINCIA,BARRANCA,BARRANCA,CEM155,BARRANCA,family,0.0
20,2016,ENE - DIC,13/01/2017,ENT001,PROGRAMA NACIONAL CONTRA LA VIOLENCIA FAMILIAR Y SEXUAL,LIN001,ATENCIÃN INTEGRAL Y MULTIDISCIPLINARIA PARA VICTIMAS DE VIOLENCIA,SER005,REGISTRO DE FEMINICIDIO,LIMA METROPOLITANA,LIMA,LURIGANCHO,CEM223,CHOSICA,family,0.0
21,2016,ENE - DIC,13/01/2017,ENT001,PROGRAMA NACIONAL CONTRA LA VIOLENCIA FAMILIAR Y SEXUAL,LIN001,ATENCIÃN INTEGRAL Y MULTIDISCIPLINARIA PARA VICTIMAS DE VIOLENCIA,SER005,REGISTRO DE FEMINICIDIO,LIMA METROPOLITANA,LIMA,SAN JUAN DE LURIGANCHO,CEM236,ZARATE,family,0.0
22,2016,ENE - DIC,13/01/2017,ENT001,PROGRAMA NACIONAL CONTRA LA VIOLENCIA FAMILIAR Y SEXUAL,LIN001,ATENCIÃN INTEGRAL Y MULTIDISCIPLINARIA PARA VICTIMAS DE VIOLENCIA,SER005,REGISTRO DE FEMINICIDIO,LIMA METROPOLITANA,LIMA,LA VICTORIA,CEM241,LA VICTORIA,family,0.0
23,2017,ENE - DIC,16/01/2018,ENT001,PROGRAMA NACIONAL CONTRA LA VIOLENCIA FAMILIAR Y SEXUAL,LIN001,ATENCIÃN INTEGRAL Y MULTIDISCIPLINARIA PARA VICTIMAS DE VIOLENCIA,SER005,REGISTRO DE FEMINICIDIO,LIMA PROVINCIA,CAÃETE,IMPERIAL,CEM013,IMPERIAL,family,0.0
24,2017,ENE - DIC,16/01/2018,ENT001,PROGRAMA NACIONAL CONTRA LA VIOLENCIA FAMILIAR Y SEXUAL,LIN001,ATENCIÃN INTEGRAL Y MULTIDISCIPLINARIA PARA VICTIMAS DE VIOLENCIA,SER005,REGISTRO DE FEMINICIDIO,LIMA METROPOLITANA,LIMA,CARABAYLLO,CEM014,CARABAYLLO,family,0.0
25,2017,ENE - DIC,16/01/2018,ENT001,PROGRAMA NACIONAL CONTRA LA VIOLENCIA FAMILIAR Y SEXUAL,LIN001,ATENCIÃN INTEGRAL Y MULTIDISCIPLINARIA PARA VICTIMAS DE VIOLENCIA,SER005,REGISTRO DE FEMINICIDIO,LIMA METROPOLITANA,LIMA,COMAS,CEM029,COMAS,family,0.0
26,2017,ENE - DIC,16/01/2018,ENT001,PROGRAMA NACIONAL CONTRA LA VIOLENCIA FAMILIAR Y SEXUAL,LIN001,ATENCIÃN INTEGRAL Y MULTIDISCIPLINARIA PARA VICTIMAS DE VIOLENCIA,SER005,REGISTRO DE FEMINICIDIO,LIMA METROPOLITANA,LIMA,EL AGUSTINO,CEM032,EL AGUSTINO,family,0.0
27,2017,ENE - DIC,16/01/2018,ENT001,PROGRAMA NACIONAL CONTRA LA VIOLENCIA FAMILIAR Y SEXUAL,LIN001,ATENCIÃN INTEGRAL Y MULTIDISCIPLINARIA PARA VICTIMAS DE VIOLENCIA,SER005,REGISTRO DE FEMINICIDIO,LIMA METROPOLITANA,LIMA,INDEPENDENCIA,CEM050,INDEPENDENCIA,family,0.0
28,2017,ENE - DIC,16/01/2018,ENT001,PROGRAMA NACIONAL CONTRA LA VIOLENCIA FAMILIAR Y SEXUAL,LIN001,ATENCIÃN INTEGRAL Y MULTIDISCIPLINARIA PARA VICTIMAS DE VIOLENCIA,SER005,REGISTRO DE FEMINICIDIO,LIMA METROPOLITANA,LIMA,SAN LUIS,CEM058,SAN LUIS,family,0.0
29,2017,ENE - DIC,16/01/2018,ENT001,PROGRAMA NACIONAL CONTRA LA VIOLENCIA FAMILIAR Y SEXUAL,LIN001,ATENCIÃN INTEGRAL Y MULTIDISCIPLINARIA PARA VICTIMAS DE VIOLENCIA,SER005,REGISTRO DE FEMINICIDIO,LIMA METROPOLITANA,LIMA,SAN JUAN DE MIRAFLORES,CEM076,SAN JUAN DE MIRAFLORES,family,0.0
30,2017,ENE - DIC,16/01/2018,ENT001,PROGRAMA NACIONAL CONTRA LA VIOLENCIA FAMILIAR Y SEXUAL,LIN001,ATENCIÃN INTEGRAL Y MULTIDISCIPLINARIA PARA VICTIMAS DE VIOLENCIA,SER005,REGISTRO DE FEMINICIDIO,LIMA METROPOLITANA,LIMA,LA MOLINA,CEM087,LA MOLINA,family,0.0
31,2017,ENE - DIC,16/01/2018,ENT001,PROGRAMA NACIONAL CONTRA LA VIOLENCIA FAMILIAR Y SEXUAL,LIN001,ATENCIÃN INTEGRAL Y MULTIDISCIPLINARIA PARA VICTIMAS DE VIOLENCIA,SER005,REGISTRO DE FEMINICIDIO,LIMA METROPOLITANA,LIMA,SAN JUAN DE LURIGANCHO,CEM088,SAN JUAN DE LURIGANCHO,family,0.0
32,2017,ENE - DIC,16/01/2018,ENT001,PROGRAMA NACIONAL CONTRA LA VIOLENCIA FAMILIAR Y SEXUAL,LIN001,ATENCIÃN INTEGRAL Y MULTIDISCIPLINARIA PARA VICTIMAS DE VIOLENCIA,SER005,REGISTRO DE FEMINICIDIO,LIMA METROPOLITANA,LIMA,SANTIAGO DE SURCO,CEM096,SURCO,family,0.0
33,2017,ENE - DIC,16/01/2018,ENT001,PROGRAMA NACIONAL CONTRA LA VIOLENCIA FAMILIAR Y SEXUAL,LIN001,ATENCIÃN INTEGRAL Y MULTIDISCIPLINARIA PARA VICTIMAS DE VIOLENCIA,SER005,REGISTRO DE FEMINICIDIO,LIMA METROPOLITANA,LIMA,SURQUILLO,CEM097,SURQUILLO,family,0.0
34,2017,ENE - DIC,16/01/2018,ENT001,PROGRAMA NACIONAL CONTRA LA VIOLENCIA FAMILIAR Y SEXUAL,LIN001,ATENCIÃN INTEGRAL Y MULTIDISCIPLINARIA PARA VICTIMAS DE VIOLENCIA,SER005,REGISTRO DE FEMINICIDIO,LIMA METROPOLITANA,LIMA,VILLA EL SALVADOR,CEM109,VILLA EL SALVADOR,family,0.0
35,2017,ENE - DIC,16/01/2018,ENT001,PROGRAMA NACIONAL CONTRA LA VIOLENCIA FAMILIAR Y SEXUAL,LIN001,ATENCIÃN INTEGRAL Y MULTIDISCIPLINARIA PARA VICTIMAS DE VIOLENCIA,SER005,REGISTRO DE FEMINICIDIO,LIMA METROPOLITANA,LIMA,VILLA MARIA DEL TRIUNFO,CEM110,VILLA MARIA DEL TRIUNFO,family,0.0
36,2017,ENE - DIC,16/01/2018,ENT001,PROGRAMA NACIONAL CONTRA LA VIOLENCIA FAMILIAR Y SEXUAL,LIN001,ATENCIÃN INTEGRAL Y MULTIDISCIPLINARIA PARA VICTIMAS DE VIOLENCIA,SER005,REGISTRO DE FEMINICIDIO,LIMA METROPOLITANA,LIMA,PUENTE PIEDRA,CEM122,PUENTE PIEDRA,family,0.0
37,2017,ENE - DIC,16/01/2018,ENT001,PROGRAMA NACIONAL CONTRA LA VIOLENCIA FAMILIAR Y SEXUAL,LIN001,ATENCIÃN INTEGRAL Y MULTIDISCIPLINARIA PARA VICTIMAS DE VIOLENCIA,SER005,REGISTRO DE FEMINICIDIO,LIMA PROVINCIA,HUARAL,HUARAL,CEM124,HUARAL,family,0.0
38,2017,ENE - DIC,16/01/2018,ENT001,PROGRAMA NACIONAL CONTRA LA VIOLENCIA FAMILIAR Y SEXUAL,LIN001,ATENCIÃN INTEGRAL Y MULTIDISCIPLINARIA PARA VICTIMAS DE VIOLENCIA,SER005,REGISTRO DE FEMINICIDIO,LIMA METROPOLITANA,LIMA,RIMAC,CEM145,RIMAC,family,0.0
39,2017,ENE - DIC,16/01/2018,ENT001,PROGRAMA NACIONAL CONTRA LA VIOLENCIA FAMILIAR Y SEXUAL,LIN001,ATENCIÃN INTEGRAL Y MULTIDISCIPLINARIA PARA VICTIMAS DE VIOLENCIA,SER005,REGISTRO DE FEMINICIDIO,LIMA METROPOLITANA,LIMA,SANTA ROSA,CEM210,SANTA ROSA,family,0.0
40,2017,ENE - DIC,16/01/2018,ENT001,PROGRAMA NACIONAL CONTRA LA VIOLENCIA FAMILIAR Y SEXUAL,LIN001,ATENCIÃN INTEGRAL Y MULTIDISCIPLINARIA PARA VICTIMAS DE VIOLENCIA,SER005,REGISTRO DE FEMINICIDIO,LIMA METROPOLITANA,LIMA,LURIGANCHO,CEM223,CHOSICA,family,0.0
41,2017,ENE - DIC,16/01/2018,ENT001,PROGRAMA NACIONAL CONTRA LA VIOLENCIA FAMILIAR Y SEXUAL,LIN001,ATENCIÃN INTEGRAL Y MULTIDISCIPLINARIA PARA VICTIMAS DE VIOLENCIA,SER005,REGISTRO DE FEMINICIDIO,LIMA METROPOLITANA,LIMA,LA VICTORIA,CEM241,LA VICTORIA,family,0.0
42,2017,ENE - DIC,16/01/2018,ENT001,PROGRAMA NACIONAL CONTRA LA VIOLENCIA FAMILIAR Y SEXUAL,LIN001,ATENCIÃN INTEGRAL Y MULTIDISCIPLINARIA PARA VICTIMAS DE VIOLENCIA,SER005,REGISTRO DE FEMINICIDIO,LIMA METROPOLITANA,LIMA,CHORRILLOS,COM008,COMISARIA CHORRILLOS,family,0.0
43,2018,ENE - DIC,31/12/2018,ENT001,PROGRAMA NACIONAL CONTRA LA VIOLENCIA FAMILIAR Y SEXUAL,LIN001,ATENCIÃN INTEGRAL Y MULTIDISCIPLINARIA PARA VICTIMAS DE VIOLENCIA,SER005,REGISTRO DE FEMINICIDIO,LIMA PROVINCIA,CAÃETE,IMPERIAL,CEM013,IMPERIAL,family,0.0
44,2018,ENE - DIC,31/12/2018,ENT001,PROGRAMA NACIONAL CONTRA LA VIOLENCIA FAMILIAR Y SEXUAL,LIN001,ATENCIÃN INTEGRAL Y MULTIDISCIPLINARIA PARA VICTIMAS DE VIOLENCIA,SER005,REGISTRO DE FEMINICIDIO,LIMA METROPOLITANA,LIMA,COMAS,CEM029,COMAS,family,0.0
45,2018,ENE - DIC,31/12/2018,ENT001,PROGRAMA NACIONAL CONTRA LA VIOLENCIA FAMILIAR Y SEXUAL,LIN001,ATENCIÃN INTEGRAL Y MULTIDISCIPLINARIA PARA VICTIMAS DE VIOLENCIA,SER005,REGISTRO DE FEMINICIDIO,LIMA METROPOLITANA,LIMA,EL AGUSTINO,CEM032,EL AGUSTINO,family,0.0
46,2018,ENE - DIC,31/12/2018,ENT001,PROGRAMA NACIONAL CONTRA LA VIOLENCIA FAMILIAR Y SEXUAL,LIN001,ATENCIÃN INTEGRAL Y MULTIDISCIPLINARIA PARA VICTIMAS DE VIOLENCIA,SER005,REGISTRO DE FEMINICIDIO,LIMA METROPOLITANA,LIMA,ATE,CEM045,HUAYCAN,family,0.0
47,2018,ENE - DIC,31/12/2018,ENT001,PROGRAMA NACIONAL CONTRA LA VIOLENCIA FAMILIAR Y SEXUAL,LIN001,ATENCIÃN INTEGRAL Y MULTIDISCIPLINARIA PARA VICTIMAS DE VIOLENCIA,SER005,REGISTRO DE FEMINICIDIO,LIMA METROPOLITANA,LIMA,INDEPENDENCIA,CEM050,INDEPENDENCIA,family,0.0
48,2018,ENE - DIC,31/12/2018,ENT001,PROGRAMA NACIONAL CONTRA LA VIOLENCIA FAMILIAR Y SEXUAL,LIN001,ATENCIÃN INTEGRAL Y MULTIDISCIPLINARIA PARA VICTIMAS DE VIOLENCIA,SER005,REGISTRO DE FEMINICIDIO,LIMA METROPOLITANA,LIMA,LIMA,CEM060,LIMA,family,0.0
49,2018,ENE - DIC,31/12/2018,ENT001,PROGRAMA NACIONAL CONTRA LA VIOLENCIA FAMILIAR Y SEXUAL,LIN001,ATENCIÃN INTEGRAL Y MULTIDISCIPLINARIA PARA VICTIMAS DE VIOLENCIA,SER005,REGISTRO DE FEMINICIDIO,LIMA METROPOLITANA,LIMA,LA MOLINA,CEM087,LA MOLINA,family,0.0
50,2018,ENE - DIC,31/12/2018,ENT001,PROGRAMA NACIONAL CONTRA LA VIOLENCIA FAMILIAR Y SEXUAL,LIN001,ATENCIÃN INTEGRAL Y MULTIDISCIPLINARIA PARA VICTIMAS DE VIOLENCIA,SER005,REGISTRO DE FEMINICIDIO,LIMA METROPOLITANA,LIMA,SAN JUAN DE LURIGANCHO,CEM088,SAN JUAN DE LURIGANCHO,family,0.0
51,2018,ENE - DIC,31/12/2018,ENT001,PROGRAMA NACIONAL CONTRA LA VIOLENCIA FAMILIAR Y SEXUAL,LIN001,ATENCIÃN INTEGRAL Y MULTIDISCIPLINARIA PARA VICTIMAS DE VIOLENCIA,SER005,REGISTRO DE FEMINICIDIO,LIMA METROPOLITANA,LIMA,SAN MARTIN DE PORRES,CEM089,SAN MARTIN DE PORRES,family,0.0
52,2018,ENE - DIC,31/12/2018,ENT001,PROGRAMA NACIONAL CONTRA LA VIOLENCIA FAMILIAR Y SEXUAL,LIN001,ATENCIÃN INTEGRAL Y MULTIDISCIPLINARIA PARA VICTIMAS DE VIOLENCIA,SER005,REGISTRO DE FEMINICIDIO,LIMA METROPOLITANA,LIMA,VILLA EL SALVADOR,CEM109,VILLA EL SALVADOR,family,0.0
53,2018,ENE - DIC,31/12/2018,ENT001,PROGRAMA NACIONAL CONTRA LA VIOLENCIA FAMILIAR Y SEXUAL,LIN001,ATENCIÃN INTEGRAL Y MULTIDISCIPLINARIA PARA VICTIMAS DE VIOLENCIA,SER005,REGISTRO DE FEMINICIDIO,LIMA PROVINCIA,HUARAL,HUARAL,CEM124,HUARAL,family,0.0
54,2018,ENE - DIC,31/12/2018,ENT001,PROGRAMA NACIONAL CONTRA LA VIOLENCIA FAMILIAR Y SEXUAL,LIN001,ATENCIÃN INTEGRAL Y MULTIDISCIPLINARIA PARA VICTIMAS DE VIOLENCIA,SER005,REGISTRO DE FEMINICIDIO,LIMA METROPOLITANA,LIMA,RIMAC,CEM145,RIMAC,family,0.0
55,2018,ENE - DIC,31/12/2018,ENT001,PROGRAMA NACIONAL CONTRA LA VIOLENCIA FAMILIAR Y SEXUAL,LIN001,ATENCIÃN INTEGRAL Y MULTIDISCIPLINARIA PARA VICTIMAS DE VIOLENCIA,SER005,REGISTRO DE FEMINICIDIO,LIMA PROVINCIA,BARRANCA,BARRANCA,CEM155,BARRANCA,family,0.0
56,2018,ENE - DIC,31/12/2018,ENT001,PROGRAMA NACIONAL CONTRA LA VIOLENCIA FAMILIAR Y SEXUAL,LIN001,ATENCIÃN INTEGRAL Y MULTIDISCIPLINARIA PARA VICTIMAS DE VIOLENCIA,SER005,REGISTRO DE FEMINICIDIO,LIMA METROPOLITANA,LIMA,SAN JUAN DE LURIGANCHO,CEM236,ZARATE,family,0.0
57,2018,ENE - DIC,31/12/2018,ENT001,PROGRAMA NACIONAL CONTRA LA VIOLENCIA FAMILIAR Y SEXUAL,LIN001,ATENCIÃN INTEGRAL Y MULTIDISCIPLINARIA PARA VICTIMAS DE VIOLENCIA,SER005,REGISTRO DE FEMINICIDIO,LIMA METROPOLITANA,LIMA,LA VICTORIA,CEM241,LA VICTORIA,family,0.0
58,2018,ENE - DIC,31/12/2018,ENT001,PROGRAMA NACIONAL CONTRA LA VIOLENCIA FAMILIAR Y SEXUAL,LIN001,ATENCIÃN INTEGRAL Y MULTIDISCIPLINARIA PARA VICTIMAS DE VIOLENCIA,SER005,REGISTRO DE FEMINICIDIO,LIMA METROPOLITANA,LIMA,SAN MIGUEL,CEM242,SAN MIGUEL - LIMA,family,0.0
59,2018,ENE - DIC,31/12/2018,ENT001,PROGRAMA NACIONAL CONTRA LA VIOLENCIA FAMILIAR Y SEXUAL,LIN001,ATENCIÃN INTEGRAL Y MULTIDISCIPLINARIA PARA VICTIMAS DE VIOLENCIA,SER005,REGISTRO DE FEMINICIDIO,LIMA METROPOLITANA,LIMA,CHORRILLOS,COM008,CHORRILLOS,family,0.0
60,2018,ENE - DIC,31/12/2018,ENT001,PROGRAMA NACIONAL CONTRA LA VIOLENCIA FAMILIAR Y SEXUAL,LIN001,ATENCIÃN INTEGRAL Y MULTIDISCIPLINARIA PARA VICTIMAS DE VIOLENCIA,SER005,REGISTRO DE FEMINICIDIO,LIMA METROPOLITANA,LIMA,SAN JUAN DE LURIGANCHO,COM011,CANTO REY,family,0.0
61,2018,ENE - DIC,31/12/2018,ENT001,PROGRAMA NACIONAL CONTRA LA VIOLENCIA FAMILIAR Y SEXUAL,LIN001,ATENCIÃN INTEGRAL Y MULTIDISCIPLINARIA PARA VICTIMAS DE VIOLENCIA,SER005,REGISTRO DE FEMINICIDIO,LIMA METROPOLITANA,LIMA,SAN MARTIN DE PORRES,COM019,SAN MARTIN DE PORRES,family,0.0
62,2018,ENE - DIC,31/12/2018,ENT001,PROGRAMA NACIONAL CONTRA LA VIOLENCIA FAMILIAR Y SEXUAL,LIN001,ATENCIÃN INTEGRAL Y MULTIDISCIPLINARIA PARA VICTIMAS DE VIOLENCIA,SER005,REGISTRO DE FEMINICIDIO,LIMA METROPOLITANA,LIMA,SANTA ANITA,COM028,SANTA ANITA,family,0.0
63,2018,ENE - DIC,31/12/2018,ENT001,PROGRAMA NACIONAL CONTRA LA VIOLENCIA FAMILIAR Y SEXUAL,LIN001,ATENCIÃN INTEGRAL Y MULTIDISCIPLINARIA PARA VICTIMAS DE VIOLENCIA,SER005,REGISTRO DE FEMINICIDIO,LIMA METROPOLITANA,LIMA,SAN BORJA,COM037,SAN BORJA,family,0.0
64,2018,ENE - DIC,31/12/2018,ENT001,PROGRAMA NACIONAL CONTRA LA VIOLENCIA FAMILIAR Y SEXUAL,LIN001,ATENCIÃN INTEGRAL Y MULTIDISCIPLINARIA PARA VICTIMAS DE VIOLENCIA,SER005,REGISTRO DE FEMINICIDIO,LIMA METROPOLITANA,LIMA,ATE,COM043,VITARTE,family,0.0
65,2018,ENE - DIC,31/12/2018,ENT001,PROGRAMA NACIONAL CONTRA LA VIOLENCIA FAMILIAR Y SEXUAL,LIN001,ATENCIÃN INTEGRAL Y MULTIDISCIPLINARIA PARA VICTIMAS DE VIOLENCIA,SER005,REGISTRO DE FEMINICIDIO,LIMA PROVINCIA,HUAURA,HUACHO,COM047,HUACHO,family,0.0
66,2018,ENE - DIC,31/12/2018,ENT001,PROGRAMA NACIONAL CONTRA LA VIOLENCIA FAMILIAR Y SEXUAL,LIN001,ATENCIÃN INTEGRAL Y MULTIDISCIPLINARIA PARA VICTIMAS DE VIOLENCIA,SER005,REGISTRO DE FEMINICIDIO,LIMA PROVINCIA,HUAROCHIRI,SAN ANTONIO,COM048,JICAMARCA,family,0.0
67,2018,ENE - DIC,31/12/2018,ENT001,PROGRAMA NACIONAL CONTRA LA VIOLENCIA FAMILIAR Y SEXUAL,LIN001,ATENCIÃN INTEGRAL Y MULTIDISCIPLINARIA PARA VICTIMAS DE VIOLENCIA,SER005,REGISTRO DE FEMINICIDIO,LIMA METROPOLITANA,LIMA,ATE,COM050,SANTA CLARA,family,0.0
68,2018,ENE - DIC,31/12/2018,ENT001,PROGRAMA NACIONAL CONTRA LA VIOLENCIA FAMILIAR Y SEXUAL,LIN001,ATENCIÃN INTEGRAL Y MULTIDISCIPLINARIA PARA VICTIMAS DE VIOLENCIA,SER005,REGISTRO DE FEMINICIDIO,LIMA PROVINCIA,BARRANCA,BARRANCA,COM052,BARRANCA,family,0.0
69,2018,ENE - DIC,31/12/2018,ENT001,PROGRAMA NACIONAL CONTRA LA VIOLENCIA FAMILIAR Y SEXUAL,LIN001,ATENCIÃN INTEGRAL Y MULTIDISCIPLINARIA PARA VICTIMAS DE VIOLENCIA,SER005,REGISTRO DE FEMINICIDIO,LIMA METROPOLITANA,LIMA,PUENTE PIEDRA,COM063,PUENTE PIEDRA,family,0.0
70,2019,ENE - DIC,14/01/2020,ENT001,PROGRAMA NACIONAL CONTRA LA VIOLENCIA FAMILIAR Y SEXUAL,LIN001,ATENCIÃN INTEGRAL Y MULTIDISCIPLINARIA PARA VICTIMAS DE VIOLENCIA,SER001,CENTRO EMERGENCIA MUJER,LIMA PROVINCIA,CAÃETE,IMPERIAL,CEM013,IMPERIAL,family,0.0
71,2019,ENE - DIC,14/01/2020,ENT001,PROGRAMA NACIONAL CONTRA LA VIOLENCIA FAMILIAR Y SEXUAL,LIN001,ATENCIÃN INTEGRAL Y MULTIDISCIPLINARIA PARA VICTIMAS DE VIOLENCIA,SER001,CENTRO EMERGENCIA MUJER,LIMA METROPOLITANA,LIMA,COMAS,CEM029,COMAS,family,0.0
72,2019,ENE - DIC,14/01/2020,ENT001,PROGRAMA NACIONAL CONTRA LA VIOLENCIA FAMILIAR Y SEXUAL,LIN001,ATENCIÃN INTEGRAL Y MULTIDISCIPLINARIA PARA VICTIMAS DE VIOLENCIA,SER001,CENTRO EMERGENCIA MUJER,LIMA METROPOLITANA,LIMA,EL AGUSTINO,CEM032,EL AGUSTINO,family,0.0
73,2019,ENE - DIC,14/01/2020,ENT001,PROGRAMA NACIONAL CONTRA LA VIOLENCIA FAMILIAR Y SEXUAL,LIN001,ATENCIÃN INTEGRAL Y MULTIDISCIPLINARIA PARA VICTIMAS DE VIOLENCIA,SER001,CENTRO EMERGENCIA MUJER,LIMA METROPOLITANA,LIMA,INDEPENDENCIA,CEM050,INDEPENDENCIA,family,0.0
74,2019,ENE - DIC,14/01/2020,ENT001,PROGRAMA NACIONAL CONTRA LA VIOLENCIA FAMILIAR Y SEXUAL,LIN001,ATENCIÃN INTEGRAL Y MULTIDISCIPLINARIA PARA VICTIMAS DE VIOLENCIA,SER001,CENTRO EMERGENCIA MUJER,LIMA METROPOLITANA,LIMA,LIMA,CEM060,LIMA,family,0.0
75,2019,ENE - DIC,14/01/2020,ENT001,PROGRAMA NACIONAL CONTRA LA VIOLENCIA FAMILIAR Y SEXUAL,LIN001,ATENCIÃN INTEGRAL Y MULTIDISCIPLINARIA PARA VICTIMAS DE VIOLENCIA,SER001,CENTRO EMERGENCIA MUJER,LIMA METROPOLITANA,LIMA,LOS OLIVOS,CEM061,LOS OLIVOS,family,0.0
76,2019,ENE - DIC,14/01/2020,ENT001,PROGRAMA NACIONAL CONTRA LA VIOLENCIA FAMILIAR Y SEXUAL,LIN001,ATENCIÃN INTEGRAL Y MULTIDISCIPLINARIA PARA VICTIMAS DE VIOLENCIA,SER001,CENTRO EMERGENCIA MUJER,LIMA METROPOLITANA,LIMA,PACHACAMAC,CEM064,MANCHAY,family,0.0
77,2019,ENE - DIC,14/01/2020,ENT001,PROGRAMA NACIONAL CONTRA LA VIOLENCIA FAMILIAR Y SEXUAL,LIN001,ATENCIÃN INTEGRAL Y MULTIDISCIPLINARIA PARA VICTIMAS DE VIOLENCIA,SER001,CENTRO EMERGENCIA MUJER,LIMA METROPOLITANA,LIMA,SAN JUAN DE MIRAFLORES,CEM076,SAN JUAN DE MIRAFLORES,family,0.0
78,2019,ENE - DIC,14/01/2020,ENT001,PROGRAMA NACIONAL CONTRA LA VIOLENCIA FAMILIAR Y SEXUAL,LIN001,ATENCIÃN INTEGRAL Y MULTIDISCIPLINARIA PARA VICTIMAS DE VIOLENCIA,SER001,CENTRO EMERGENCIA MUJER,LIMA METROPOLITANA,LIMA,LA MOLINA,CEM087,LA MOLINA,family,0.0
79,2019,ENE - DIC,14/01/2020,ENT001,PROGRAMA NACIONAL CONTRA LA VIOLENCIA FAMILIAR Y SEXUAL,LIN001,ATENCIÃN INTEGRAL Y MULTIDISCIPLINARIA PARA VICTIMAS DE VIOLENCIA,SER001,CENTRO EMERGENCIA MUJER,LIMA METROPOLITANA,LIMA,SAN JUAN DE LURIGANCHO,CEM088,SAN JUAN DE LURIGANCHO,family,1.0
80,2019,ENE - DIC,14/01/2020,ENT001,PROGRAMA NACIONAL CONTRA LA VIOLENCIA FAMILIAR Y SEXUAL,LIN001,ATENCIÃN INTEGRAL Y MULTIDISCIPLINARIA PARA VICTIMAS DE VIOLENCIA,SER001,CENTRO EMERGENCIA MUJER,LIMA METROPOLITANA,LIMA,SAN MARTIN DE PORRES,CEM089,SAN MARTIN DE PORRES,family,0.0
81,2019,ENE - DIC,14/01/2020,ENT001,PROGRAMA NACIONAL CONTRA LA VIOLENCIA FAMILIAR Y SEXUAL,LIN001,ATENCIÃN INTEGRAL Y MULTIDISCIPLINARIA PARA VICTIMAS DE VIOLENCIA,SER001,CENTRO EMERGENCIA MUJER,LIMA METROPOLITANA,LIMA,VILLA EL SALVADOR,CEM109,VILLA EL SALVADOR,family,0.0
82,2019,ENE - DIC,14/01/2020,ENT001,PROGRAMA NACIONAL CONTRA LA VIOLENCIA FAMILIAR Y SEXUAL,LIN001,ATENCIÃN INTEGRAL Y MULTIDISCIPLINARIA PARA VICTIMAS DE VIOLENCIA,SER001,CENTRO EMERGENCIA MUJER,LIMA PROVINCIA,HUARAL,HUARAL,CEM124,HUARAL,family,0.0
83,2019,ENE - DIC,14/01/2020,ENT001,PROGRAMA NACIONAL CONTRA LA VIOLENCIA FAMILIAR Y SEXUAL,LIN001,ATENCIÃN INTEGRAL Y MULTIDISCIPLINARIA PARA VICTIMAS DE VIOLENCIA,SER001,CENTRO EMERGENCIA MUJER,LIMA METROPOLITANA,LIMA,LURIGANCHO,CEM223,CHOSICA,family,0.0
84,2019,ENE - DIC,14/01/2020,ENT001,PROGRAMA NACIONAL CONTRA LA VIOLENCIA FAMILIAR Y SEXUAL,LIN001,ATENCIÃN INTEGRAL Y MULTIDISCIPLINARIA PARA VICTIMAS DE VIOLENCIA,SER001,CENTRO EMERGENCIA MUJER,LIMA METROPOLITANA,LIMA,LA VICTORIA,CEM241,LA VICTORIA,family,0.0
85,2019,ENE - DIC,14/01/2020,ENT001,PROGRAMA NACIONAL CONTRA LA VIOLENCIA FAMILIAR Y SEXUAL,LIN001,ATENCIÃN INTEGRAL Y MULTIDISCIPLINARIA PARA VICTIMAS DE VIOLENCIA,SER001,CENTRO EMERGENCIA MUJER,LIMA PROVINCIA,CAÃETE,IMPERIAL,COM004,IMPERIAL,family,0.0
86,2019,ENE - DIC,14/01/2020,ENT001,PROGRAMA NACIONAL CONTRA LA VIOLENCIA FAMILIAR Y SEXUAL,LIN001,ATENCIÃN INTEGRAL Y MULTIDISCIPLINARIA PARA VICTIMAS DE VIOLENCIA,SER001,CENTRO EMERGENCIA MUJER,LIMA METROPOLITANA,LIMA,VILLA MARIA DEL TRIUNFO,COM005,VILLA MARIA DEL TRIUNFO,family,0.0
87,2019,ENE - DIC,14/01/2020,ENT001,PROGRAMA NACIONAL CONTRA LA VIOLENCIA FAMILIAR Y SEXUAL,LIN001,ATENCIÃN INTEGRAL Y MULTIDISCIPLINARIA PARA VICTIMAS DE VIOLENCIA,SER001,CENTRO EMERGENCIA MUJER,LIMA METROPOLITANA,LIMA,CHORRILLOS,COM008,CHORRILLOS,family,0.0
88,2019,ENE - DIC,14/01/2020,ENT001,PROGRAMA NACIONAL CONTRA LA VIOLENCIA FAMILIAR Y SEXUAL,LIN001,ATENCIÃN INTEGRAL Y MULTIDISCIPLINARIA PARA VICTIMAS DE VIOLENCIA,SER001,CENTRO EMERGENCIA MUJER,LIMA METROPOLITANA,LIMA,SAN JUAN DE LURIGANCHO,COM011,CANTO REY,family,1.0
89,2019,ENE - DIC,14/01/2020,ENT001,PROGRAMA NACIONAL CONTRA LA VIOLENCIA FAMILIAR Y SEXUAL,LIN001,ATENCIÃN INTEGRAL Y MULTIDISCIPLINARIA PARA VICTIMAS DE VIOLENCIA,SER001,CENTRO EMERGENCIA MUJER,LIMA METROPOLITANA,LIMA,EL AGUSTINO,COM015,DE FAMILIA EL AGUSTINO,family,0.0
90,2019,ENE - DIC,14/01/2020,ENT001,PROGRAMA NACIONAL CONTRA LA VIOLENCIA FAMILIAR Y SEXUAL,LIN001,ATENCIÃN INTEGRAL Y MULTIDISCIPLINARIA PARA VICTIMAS DE VIOLENCIA,SER001,CENTRO EMERGENCIA MUJER,LIMA METROPOLITANA,LIMA,LOS OLIVOS,COM018,LAURA CALLER,family,0.0
91,2019,ENE - DIC,14/01/2020,ENT001,PROGRAMA NACIONAL CONTRA LA VIOLENCIA FAMILIAR Y SEXUAL,LIN001,ATENCIÃN INTEGRAL Y MULTIDISCIPLINARIA PARA VICTIMAS DE VIOLENCIA,SER001,CENTRO EMERGENCIA MUJER,LIMA METROPOLITANA,LIMA,CARABAYLLO,COM020,SAN PEDRO DE CARABAYLLO,family,0.0
92,2019,ENE - DIC,14/01/2020,ENT001,PROGRAMA NACIONAL CONTRA LA VIOLENCIA FAMILIAR Y SEXUAL,LIN001,ATENCIÃN INTEGRAL Y MULTIDISCIPLINARIA PARA VICTIMAS DE VIOLENCIA,SER001,CENTRO EMERGENCIA MUJER,LIMA METROPOLITANA,LIMA,COMAS,COM022,DE FAMILIA COLLIQUE,family,0.0
93,2019,ENE - DIC,14/01/2020,ENT001,PROGRAMA NACIONAL CONTRA LA VIOLENCIA FAMILIAR Y SEXUAL,LIN001,ATENCIÃN INTEGRAL Y MULTIDISCIPLINARIA PARA VICTIMAS DE VIOLENCIA,SER001,CENTRO EMERGENCIA MUJER,LIMA METROPOLITANA,LIMA,SANTA ANITA,COM028,SANTA ANITA,family,0.0
94,2019,ENE - DIC,14/01/2020,ENT001,PROGRAMA NACIONAL CONTRA LA VIOLENCIA FAMILIAR Y SEXUAL,LIN001,ATENCIÃN INTEGRAL Y MULTIDISCIPLINARIA PARA VICTIMAS DE VIOLENCIA,SER001,CENTRO EMERGENCIA MUJER,LIMA METROPOLITANA,LIMA,PUEBLO LIBRE,COM034,PUEBLO LIBRE,family,0.0
95,2019,ENE - DIC,14/01/2020,ENT001,PROGRAMA NACIONAL CONTRA LA VIOLENCIA FAMILIAR Y SEXUAL,LIN001,ATENCIÃN INTEGRAL Y MULTIDISCIPLINARIA PARA VICTIMAS DE VIOLENCIA,SER001,CENTRO EMERGENCIA MUJER,LIMA METROPOLITANA,LIMA,SAN BORJA,COM037,SAN BORJA,family,0.0
96,2019,ENE - DIC,14/01/2020,ENT001,PROGRAMA NACIONAL CONTRA LA VIOLENCIA FAMILIAR Y SEXUAL,LIN001,ATENCIÃN INTEGRAL Y MULTIDISCIPLINARIA PARA VICTIMAS DE VIOLENCIA,SER001,CENTRO EMERGENCIA MUJER,LIMA PROVINCIA,HUARAL,CHANCAY,COM039,CHANCAY,family,0.0
97,2019,ENE - DIC,14/01/2020,ENT001,PROGRAMA NACIONAL CONTRA LA VIOLENCIA FAMILIAR Y SEXUAL,LIN001,ATENCIÃN INTEGRAL Y MULTIDISCIPLINARIA PARA VICTIMAS DE VIOLENCIA,SER001,CENTRO EMERGENCIA MUJER,LIMA METROPOLITANA,LIMA,SAN MARTIN DE PORRES,COM046,CONDEVILLA,family,0.0
98,2019,ENE - DIC,14/01/2020,ENT001,PROGRAMA NACIONAL CONTRA LA VIOLENCIA FAMILIAR Y SEXUAL,LIN001,ATENCIÃN INTEGRAL Y MULTIDISCIPLINARIA PARA VICTIMAS DE VIOLENCIA,SER001,CENTRO EMERGENCIA MUJER,LIMA PROVINCIA,HUAURA,HUACHO,COM047,HUACHO,family,0.0
99,2019,ENE - DIC,14/01/2020,ENT001,PROGRAMA NACIONAL CONTRA LA VIOLENCIA FAMILIAR Y SEXUAL,LIN001,ATENCIÃN INTEGRAL Y MULTIDISCIPLINARIA PARA VICTIMAS DE VIOLENCIA,SER001,CENTRO EMERGENCIA MUJER,LIMA PROVINCIA,BARRANCA,BARRANCA,COM052,BARRANCA,family,1.0
100,2019,ENE - DIC,14/01/2020,ENT001,PROGRAMA NACIONAL CONTRA LA VIOLENCIA FAMILIAR Y SEXUAL,LIN001,ATENCIÃN INTEGRAL Y MULTIDISCIPLINARIA PARA VICTIMAS DE VIOLENCIA,SER001,CENTRO EMERGENCIA MUJER,LIMA METROPOLITANA,LIMA,SAN JUAN DE LURIGANCHO,COM054,DE FAMILIA CANTO REY,family,0.0
101,2019,ENE - DIC,14/01/2020,ENT001,PROGRAMA NACIONAL CONTRA LA VIOLENCIA FAMILIAR Y SEXUAL,LIN001,ATENCIÃN INTEGRAL Y MULTIDISCIPLINARIA PARA VICTIMAS DE VIOLENCIA,SER001,CENTRO EMERGENCIA MUJER,LIMA METROPOLITANA,LIMA,PUENTE PIEDRA,COM063,PUENTE PIEDRA,family,0.0
102,2019,ENE - DIC,14/01/2020,ENT001,PROGRAMA NACIONAL CONTRA LA VIOLENCIA FAMILIAR Y SEXUAL,LIN001,ATENCIÃN INTEGRAL Y MULTIDISCIPLINARIA PARA VICTIMAS DE VIOLENCIA,SER001,CENTRO EMERGENCIA MUJER,LIMA PROVINCIA,CAÃETE,SAN ANTONIO,COM083,SAN ANTONIO - CAÃETE,family,0.0
103,2019,ENE - DIC,14/01/2020,ENT001,PROGRAMA NACIONAL CONTRA LA VIOLENCIA FAMILIAR Y SEXUAL,LIN001,ATENCIÃN INTEGRAL Y MULTIDISCIPLINARIA PARA VICTIMAS DE VIOLENCIA,SER001,CENTRO EMERGENCIA MUJER,LIMA METROPOLITANA,LIMA,LIMA,COM094,ALFONSO UGARTE,family,1.0
104,2020,ENE -DIC,15/01/2021,ENT001,PROGRAMA NACIONAL CONTRA LA VIOLENCIA FAMILIAR Y SEXUAL,LIN001,ATENCIÃN INTEGRAL Y MULTIDISCIPLINARIA PARA VICTIMAS DE VIOLENCIA,SER001,CENTRO EMERGENCIA MUJER,LIMA METROPOLITANA,LIMA,LIMA,COM094,COMISARIA ALFONSO UGARTE,family,0.0
105,2020,ENE -DIC,15/01/2021,ENT001,PROGRAMA NACIONAL CONTRA LA VIOLENCIA FAMILIAR Y SEXUAL,LIN001,ATENCIÃN INTEGRAL Y MULTIDISCIPLINARIA PARA VICTIMAS DE VIOLENCIA,SER001,CENTRO EMERGENCIA MUJER,LIMA METROPOLITANA,LIMA,ATE,COM043,COMISARIA VITARTE,family,0.0
106,2020,ENE -DIC,15/01/2021,ENT001,PROGRAMA NACIONAL CONTRA LA VIOLENCIA FAMILIAR Y SEXUAL,LIN001,ATENCIÃN INTEGRAL Y MULTIDISCIPLINARIA PARA VICTIMAS DE VIOLENCIA,SER001,CENTRO EMERGENCIA MUJER,LIMA METROPOLITANA,LIMA,CARABAYLLO,COM020,COMISARIA SAN PEDRO DE CARABAYLLO,family,0.0
107,2020,ENE -DIC,15/01/2021,ENT001,PROGRAMA NACIONAL CONTRA LA VIOLENCIA FAMILIAR Y SEXUAL,LIN001,ATENCIÃN INTEGRAL Y MULTIDISCIPLINARIA PARA VICTIMAS DE VIOLENCIA,SER001,CENTRO EMERGENCIA MUJER,LIMA METROPOLITANA,LIMA,CHORRILLOS,COM008,COMISARIA CHORRILLOS,family,0.0
108,2020,ENE -DIC,15/01/2021,ENT001,PROGRAMA NACIONAL CONTRA LA VIOLENCIA FAMILIAR Y SEXUAL,LIN001,ATENCIÃN INTEGRAL Y MULTIDISCIPLINARIA PARA VICTIMAS DE VIOLENCIA,SER001,CENTRO EMERGENCIA MUJER,LIMA METROPOLITANA,LIMA,COMAS,COM022,COMISARIA DE FAMILIA COLLIQUE,family,0.0
109,2020,ENE -DIC,15/01/2021,ENT001,PROGRAMA NACIONAL CONTRA LA VIOLENCIA FAMILIAR Y SEXUAL,LIN001,ATENCIÃN INTEGRAL Y MULTIDISCIPLINARIA PARA VICTIMAS DE VIOLENCIA,SER001,CENTRO EMERGENCIA MUJER,LIMA METROPOLITANA,LIMA,INDEPENDENCIA,CEM050,INDEPENDENCIA,family,0.0
110,2020,ENE -DIC,15/01/2021,ENT001,PROGRAMA NACIONAL CONTRA LA VIOLENCIA FAMILIAR Y SEXUAL,LIN001,ATENCIÃN INTEGRAL Y MULTIDISCIPLINARIA PARA VICTIMAS DE VIOLENCIA,SER001,CENTRO EMERGENCIA MUJER,LIMA METROPOLITANA,LIMA,LA VICTORIA,CEM241,LA VICTORIA,family,0.0
111,2020,ENE -DIC,15/01/2021,ENT001,PROGRAMA NACIONAL CONTRA LA VIOLENCIA FAMILIAR Y SEXUAL,LIN001,ATENCIÃN INTEGRAL Y MULTIDISCIPLINARIA PARA VICTIMAS DE VIOLENCIA,SER001,CENTRO EMERGENCIA MUJER,LIMA METROPOLITANA,LIMA,LA VICTORIA,COM059,COMISARIA APOLO,family,0.0
112,2020,ENE -DIC,15/01/2021,ENT001,PROGRAMA NACIONAL CONTRA LA VIOLENCIA FAMILIAR Y SEXUAL,LIN001,ATENCIÃN INTEGRAL Y MULTIDISCIPLINARIA PARA VICTIMAS DE VIOLENCIA,SER001,CENTRO EMERGENCIA MUJER,LIMA METROPOLITANA,LIMA,LOS OLIVOS,CEM061,LOS OLIVOS,family,0.0
113,2020,ENE -DIC,15/01/2021,ENT001,PROGRAMA NACIONAL CONTRA LA VIOLENCIA FAMILIAR Y SEXUAL,LIN001,ATENCIÃN INTEGRAL Y MULTIDISCIPLINARIA PARA VICTIMAS DE VIOLENCIA,SER001,CENTRO EMERGENCIA MUJER,LIMA METROPOLITANA,LIMA,LOS OLIVOS,COM018,COMISARIA LAURA CALLER,family,0.0
114,2020,ENE -DIC,15/01/2021,ENT001,PROGRAMA NACIONAL CONTRA LA VIOLENCIA FAMILIAR Y SEXUAL,LIN001,ATENCIÃN INTEGRAL Y MULTIDISCIPLINARIA PARA VICTIMAS DE VIOLENCIA,SER001,CENTRO EMERGENCIA MUJER,LIMA METROPOLITANA,LIMA,PACHACAMAC,CEM064,MANCHAY,family,0.0
115,2020,ENE -DIC,15/01/2021,ENT001,PROGRAMA NACIONAL CONTRA LA VIOLENCIA FAMILIAR Y SEXUAL,LIN001,ATENCIÃN INTEGRAL Y MULTIDISCIPLINARIA PARA VICTIMAS DE VIOLENCIA,SER001,CENTRO EMERGENCIA MUJER,LIMA METROPOLITANA,LIMA,PUENTE PIEDRA,COM063,COMISARIA PUENTE PIEDRA,family,0.0
116,2020,ENE -DIC,15/01/2021,ENT001,PROGRAMA NACIONAL CONTRA LA VIOLENCIA FAMILIAR Y SEXUAL,LIN001,ATENCIÃN INTEGRAL Y MULTIDISCIPLINARIA PARA VICTIMAS DE VIOLENCIA,SER001,CENTRO EMERGENCIA MUJER,LIMA METROPOLITANA,LIMA,SAN JUAN DE LURIGANCHO,COM101,COMISARIA SANTA ELIZABETH,family,0.0
117,2020,ENE -DIC,15/01/2021,ENT001,PROGRAMA NACIONAL CONTRA LA VIOLENCIA FAMILIAR Y SEXUAL,LIN001,ATENCIÃN INTEGRAL Y MULTIDISCIPLINARIA PARA VICTIMAS DE VIOLENCIA,SER001,CENTRO EMERGENCIA MUJER,LIMA METROPOLITANA,LIMA,SAN JUAN DE MIRAFLORES,COM113,COMISARIA PAMPLONA II,family,0.0
118,2020,ENE -DIC,15/01/2021,ENT001,PROGRAMA NACIONAL CONTRA LA VIOLENCIA FAMILIAR Y SEXUAL,LIN001,ATENCIÃN INTEGRAL Y MULTIDISCIPLINARIA PARA VICTIMAS DE VIOLENCIA,SER001,CENTRO EMERGENCIA MUJER,LIMA PROVINCIA,CANTA,CANTA,CEM214,CANTA,family,0.0
119,2020,ENE -DIC,15/01/2021,ENT001,PROGRAMA NACIONAL CONTRA LA VIOLENCIA FAMILIAR Y SEXUAL,LIN001,ATENCIÃN INTEGRAL Y MULTIDISCIPLINARIA PARA VICTIMAS DE VIOLENCIA,SER001,CENTRO EMERGENCIA MUJER,LIMA PROVINCIA,CAÃETE,IMPERIAL,CEM013,IMPERIAL,family,0.0
120,2020,ENE -DIC,15/01/2021,ENT001,PROGRAMA NACIONAL CONTRA LA VIOLENCIA FAMILIAR Y SEXUAL,LIN001,ATENCIÃN INTEGRAL Y MULTIDISCIPLINARIA PARA VICTIMAS DE VIOLENCIA,SER001,CENTRO EMERGENCIA MUJER,LIMA PROVINCIA,CAÃETE,SAN ANTONIO,COM083,COMISARIA SAN ANTONIO - CAÃETE,family,0.0
121,2020,ENE -DIC,15/01/2021,ENT001,PROGRAMA NACIONAL CONTRA LA VIOLENCIA FAMILIAR Y SEXUAL,LIN001,ATENCIÃN INTEGRAL Y MULTIDISCIPLINARIA PARA VICTIMAS DE VIOLENCIA,SER001,CENTRO EMERGENCIA MUJER,LIMA PROVINCIA,HUARAL,CHANCAY,COM039,COMISARIA CHANCAY,family,0.0
122,2020,ENE -DIC,15/01/2021,ENT001,PROGRAMA NACIONAL CONTRA LA VIOLENCIA FAMILIAR Y SEXUAL,LIN001,ATENCIÃN INTEGRAL Y MULTIDISCIPLINARIA PARA VICTIMAS DE VIOLENCIA,SER001,CENTRO EMERGENCIA MUJER,LIMA PROVINCIA,HUAURA,HUACHO,COM047,COMISARIA HUACHO,family,0.0
123,2020,ENE -DIC,15/01/2021,ENT001,PROGRAMA NACIONAL CONTRA LA VIOLENCIA FAMILIAR Y SEXUAL,LIN001,ATENCIÃN INTEGRAL Y MULTIDISCIPLINARIA PARA VICTIMAS DE VIOLENCIA,SER001,CENTRO EMERGENCIA MUJER,LIMA METROPOLITANA,,,,,family,0.0
124,2021,ENE - DIC,15/01/2022,ENT001,PROGRAMA NACIONAL CONTRA LA VIOLENCIA FAMILIAR Y SEXUAL,LIN001,ATENCIÃN INTEGRAL Y MULTIDISCIPLINARIA PARA VICTIMAS DE VIOLENCIA,SER001,CENTRO EMERGENCIA MUJER,LIMA METROPOLITANA,LIMA,SAN JUAN DE LURIGANCHO,COM054,DE FAMILIA CANTO REY,family,0.0
125,2021,ENE - DIC,15/01/2022,ENT001,PROGRAMA NACIONAL CONTRA LA VIOLENCIA FAMILIAR Y SEXUAL,LIN001,ATENCIÃN INTEGRAL Y MULTIDISCIPLINARIA PARA VICTIMAS DE VIOLENCIA,SER001,CENTRO EMERGENCIA MUJER,LIMA METROPOLITANA,LIMA,SAN JUAN DE MIRAFLORES,CEM076,SAN JUAN DE MIRAFLORES,family,0.0
126,2021,ENE - DIC,15/01/2022,ENT001,PROGRAMA NACIONAL CONTRA LA VIOLENCIA FAMILIAR Y SEXUAL,LIN001,ATENCIÃN INTEGRAL Y MULTIDISCIPLINARIA PARA VICTIMAS DE VIOLENCIA,SER001,CENTRO EMERGENCIA MUJER,LIMA METROPOLITANA,LIMA,SAN MARTIN DE PORRES,CEM089,SAN MARTIN DE PORRES,family,0.0
127,2021,ENE - DIC,15/01/2022,ENT001,PROGRAMA NACIONAL CONTRA LA VIOLENCIA FAMILIAR Y SEXUAL,LIN001,ATENCIÃN INTEGRAL Y MULTIDISCIPLINARIA PARA VICTIMAS DE VIOLENCIA,SER001,CENTRO EMERGENCIA MUJER,LIMA PROVINCIA,HUAROCHIRI,MATUCANA,CEM044,HUAROCHIRI,family,0.0
128,2021,ENE - DIC,15/01/2022,ENT001,PROGRAMA NACIONAL CONTRA LA VIOLENCIA FAMILIAR Y SEXUAL,LIN001,ATENCIÃN INTEGRAL Y MULTIDISCIPLINARIA PARA VICTIMAS DE VIOLENCIA,SER001,CENTRO EMERGENCIA MUJER,LIMA METROPOLITANA,LIMA,ATE,COM043,VITARTE,family,1.0
129,2021,ENE - DIC,15/01/2022,ENT001,PROGRAMA NACIONAL CONTRA LA VIOLENCIA FAMILIAR Y SEXUAL,LIN001,ATENCIÃN INTEGRAL Y MULTIDISCIPLINARIA PARA VICTIMAS DE VIOLENCIA,SER001,CENTRO EMERGENCIA MUJER,LIMA METROPOLITANA,LIMA,LOS OLIVOS,COM102,SOL DE ORO,family,0.0
130,2021,ENE - DIC,15/01/2022,ENT001,PROGRAMA NACIONAL CONTRA LA VIOLENCIA FAMILIAR Y SEXUAL,LIN001,ATENCIÃN INTEGRAL Y MULTIDISCIPLINARIA PARA VICTIMAS DE VIOLENCIA,SER001,CENTRO EMERGENCIA MUJER,LIMA METROPOLITANA,LIMA,PUENTE PIEDRA,COM063,PUENTE PIEDRA,family,0.0
131,2021,ENE - DIC,15/01/2022,ENT001,PROGRAMA NACIONAL CONTRA LA VIOLENCIA FAMILIAR Y SEXUAL,LIN001,ATENCIÃN INTEGRAL Y MULTIDISCIPLINARIA PARA VICTIMAS DE VIOLENCIA,SER001,CENTRO EMERGENCIA MUJER,LIMA PROVINCIA,BARRANCA,BARRANCA,COM052,BARRANCA,family,0.0
132,2021,ENE - DIC,15/01/2022,ENT001,PROGRAMA NACIONAL CONTRA LA VIOLENCIA FAMILIAR Y SEXUAL,LIN001,ATENCIÃN INTEGRAL Y MULTIDISCIPLINARIA PARA VICTIMAS DE VIOLENCIA,SER001,CENTRO EMERGENCIA MUJER,LIMA METROPOLITANA,LIMA,SANTIAGO DE SURCO,CEM096,SURCO,family,0.0
133,2021,ENE - DIC,15/01/2022,ENT001,PROGRAMA NACIONAL CONTRA LA VIOLENCIA FAMILIAR Y SEXUAL,LIN001,ATENCIÃN INTEGRAL Y MULTIDISCIPLINARIA PARA VICTIMAS DE VIOLENCIA,SER001,CENTRO EMERGENCIA MUJER,LIMA METROPOLITANA,LIMA,SAN BORJA,COM037,SAN BORJA,family,0.0
134,2021,ENE - DIC,15/01/2022,ENT001,PROGRAMA NACIONAL CONTRA LA VIOLENCIA FAMILIAR Y SEXUAL,LIN001,ATENCIÃN INTEGRAL Y MULTIDISCIPLINARIA PARA VICTIMAS DE VIOLENCIA,SER001,CENTRO EMERGENCIA MUJER,LIMA METROPOLITANA,LIMA,CARABAYLLO,CEM014,CARABAYLLO,family,0.0
135,2021,ENE - DIC,15/01/2022,ENT001,PROGRAMA NACIONAL CONTRA LA VIOLENCIA FAMILIAR Y SEXUAL,LIN001,ATENCIÃN INTEGRAL Y MULTIDISCIPLINARIA PARA VICTIMAS DE VIOLENCIA,SER001,CENTRO EMERGENCIA MUJER,LIMA PROVINCIA,CAÃETE,SAN ANTONIO,COM083,SAN ANTONIO - CAÃETE,family,0.0
136,2021,ENE - DIC,15/01/2022,ENT001,PROGRAMA NACIONAL CONTRA LA VIOLENCIA FAMILIAR Y SEXUAL,LIN001,ATENCIÃN INTEGRAL Y MULTIDISCIPLINARIA PARA VICTIMAS DE VIOLENCIA,SER001,CENTRO EMERGENCIA MUJER,LIMA METROPOLITANA,LIMA,ATE,COM107,HUAYCAN,family,0.0
137,2021,ENE - DIC,15/01/2022,ENT001,PROGRAMA NACIONAL CONTRA LA VIOLENCIA FAMILIAR Y SEXUAL,LIN001,ATENCIÃN INTEGRAL Y MULTIDISCIPLINARIA PARA VICTIMAS DE VIOLENCIA,SER001,CENTRO EMERGENCIA MUJER,LIMA METROPOLITANA,LIMA,PACHACAMAC,CEM064,MANCHAY,family,0.0
138,2021,ENE - DIC,15/01/2022,ENT001,PROGRAMA NACIONAL CONTRA LA VIOLENCIA FAMILIAR Y SEXUAL,LIN001,ATENCIÃN INTEGRAL Y MULTIDISCIPLINARIA PARA VICTIMAS DE VIOLENCIA,SER001,CENTRO EMERGENCIA MUJER,LIMA METROPOLITANA,LIMA,SANTA ROSA,CEM210,SANTA ROSA,family,0.0
139,2021,ENE - DIC,15/01/2022,ENT001,PROGRAMA NACIONAL CONTRA LA VIOLENCIA FAMILIAR Y SEXUAL,LIN001,ATENCIÃN INTEGRAL Y MULTIDISCIPLINARIA PARA VICTIMAS DE VIOLENCIA,SER001,CENTRO EMERGENCIA MUJER,LIMA PROVINCIA,HUAROCHIRI,SAN ANTONIO,COM131,JICAMARCA II,family,0.0
140,2021,ENE - DIC,15/01/2022,ENT001,PROGRAMA NACIONAL CONTRA LA VIOLENCIA FAMILIAR Y SEXUAL,LIN001,ATENCIÃN INTEGRAL Y MULTIDISCIPLINARIA PARA VICTIMAS DE VIOLENCIA,SER001,CENTRO EMERGENCIA MUJER,LIMA METROPOLITANA,LIMA,CHORRILLOS,COM008,CHORRILLOS,family,0.0
141,2021,ENE - DIC,15/01/2022,ENT001,PROGRAMA NACIONAL CONTRA LA VIOLENCIA FAMILIAR Y SEXUAL,LIN001,ATENCIÃN INTEGRAL Y MULTIDISCIPLINARIA PARA VICTIMAS DE VIOLENCIA,SER001,CENTRO EMERGENCIA MUJER,LIMA METROPOLITANA,LIMA,VILLA MARIA DEL TRIUNFO,COM005,VILLA MARIA DEL TRIUNFO,family,0.0
142,2021,ENE - DIC,15/01/2022,ENT001,PROGRAMA NACIONAL CONTRA LA VIOLENCIA FAMILIAR Y SEXUAL,LIN001,ATENCIÃN INTEGRAL Y MULTIDISCIPLINARIA PARA VICTIMAS DE VIOLENCIA,SER001,CENTRO EMERGENCIA MUJER,LIMA METROPOLITANA,LIMA,COMAS,COM022,DE FAMILIA COLLIQUE,family,0.0
143,2021,ENE - DIC,15/01/2022,ENT001,PROGRAMA NACIONAL CONTRA LA VIOLENCIA FAMILIAR Y SEXUAL,LIN001,ATENCIÃN INTEGRAL Y MULTIDISCIPLINARIA PARA VICTIMAS DE VIOLENCIA,SER001,CENTRO EMERGENCIA MUJER,LIMA PROVINCIA,BARRANCA,BARRANCA,CEM155,BARRANCA,family,0.0
144,2021,ENE - DIC,15/01/2022,ENT001,PROGRAMA NACIONAL CONTRA LA VIOLENCIA FAMILIAR Y SEXUAL,LIN001,ATENCIÃN INTEGRAL Y MULTIDISCIPLINARIA PARA VICTIMAS DE VIOLENCIA,SER001,CENTRO EMERGENCIA MUJER,LIMA METROPOLITANA,LIMA,INDEPENDENCIA,CEM050,INDEPENDENCIA,family,0.0
145,2021,ENE - DIC,15/01/2022,ENT001,PROGRAMA NACIONAL CONTRA LA VIOLENCIA FAMILIAR Y SEXUAL,LIN001,ATENCIÃN INTEGRAL Y MULTIDISCIPLINARIA PARA VICTIMAS DE VIOLENCIA,SER001,CENTRO EMERGENCIA MUJER,LIMA METROPOLITANA,LIMA,VILLA MARIA DEL TRIUNFO,CEM110,VILLA MARIA DEL TRIUNFO,family,0.0
146,2021,ENE - DIC,15/01/2022,ENT001,PROGRAMA NACIONAL CONTRA LA VIOLENCIA FAMILIAR Y SEXUAL,LIN001,ATENCIÃN INTEGRAL Y MULTIDISCIPLINARIA PARA VICTIMAS DE VIOLENCIA,SER001,CENTRO EMERGENCIA MUJER,LIMA PROVINCIA,HUAURA,HUACHO,COM047,COMISARIA HUACHO,family,0.0
147,2022,ENE - DIC,15/01/2023,ENT001,PROGRAMA NACIONAL CONTRA LA VIOLENCIA FAMILIAR Y SEXUAL,LIN001,ATENCIÃN INTEGRAL Y MULTIDISCIPLINARIA PARA VICTIMAS DE VIOLENCIA,SER001,CENTRO EMERGENCIA MUJER,LIMA METROPOLITANA,LIMA,LIMA,CEM060,LIMA,family,0.0
148,2022,ENE - DIC,15/01/2023,ENT001,PROGRAMA NACIONAL CONTRA LA VIOLENCIA FAMILIAR Y SEXUAL,LIN001,ATENCIÃN INTEGRAL Y MULTIDISCIPLINARIA PARA VICTIMAS DE VIOLENCIA,SER001,CENTRO EMERGENCIA MUJER,LIMA METROPOLITANA,LIMA,LIMA,COM094,COMISARIA ALFONSO UGARTE,family,0.0
149,2022,ENE - DIC,15/01/2023,ENT001,PROGRAMA NACIONAL CONTRA LA VIOLENCIA FAMILIAR Y SEXUAL,LIN001,ATENCIÃN INTEGRAL Y MULTIDISCIPLINARIA PARA VICTIMAS DE VIOLENCIA,SER001,CENTRO EMERGENCIA MUJER,LIMA METROPOLITANA,LIMA,CARABAYLLO,CEM014,CARABAYLLO,family,0.0
150,2022,ENE - DIC,15/01/2023,ENT001,PROGRAMA NACIONAL CONTRA LA VIOLENCIA FAMILIAR Y SEXUAL,LIN001,ATENCIÃN INTEGRAL Y MULTIDISCIPLINARIA PARA VICTIMAS DE VIOLENCIA,SER001,CENTRO EMERGENCIA MUJER,LIMA METROPOLITANA,LIMA,CARABAYLLO,COM020,COMISARIA SAN PEDRO DE CARABAYLLO,family,0.0
151,2022,ENE - DIC,15/01/2023,ENT001,PROGRAMA NACIONAL CONTRA LA VIOLENCIA FAMILIAR Y SEXUAL,LIN001,ATENCIÃN INTEGRAL Y MULTIDISCIPLINARIA PARA VICTIMAS DE VIOLENCIA,SER001,CENTRO EMERGENCIA MUJER,LIMA METROPOLITANA,LIMA,COMAS,CEM029,COMAS,family,0.0
152,2022,ENE - DIC,15/01/2023,ENT001,PROGRAMA NACIONAL CONTRA LA VIOLENCIA FAMILIAR Y SEXUAL,LIN001,ATENCIÃN INTEGRAL Y MULTIDISCIPLINARIA PARA VICTIMAS DE VIOLENCIA,SER001,CENTRO EMERGENCIA MUJER,LIMA METROPOLITANA,LIMA,COMAS,COM022,COMISARIA DE FAMILIA COLLIQUE,family,0.0
153,2022,ENE - DIC,15/01/2023,ENT001,PROGRAMA NACIONAL CONTRA LA VIOLENCIA FAMILIAR Y SEXUAL,LIN001,ATENCIÃN INTEGRAL Y MULTIDISCIPLINARIA PARA VICTIMAS DE VIOLENCIA,SER001,CENTRO EMERGENCIA MUJER,LIMA METROPOLITANA,LIMA,EL AGUSTINO,COM015,COMISARIA DE FAMILIA EL AGUSTINO,family,0.0
154,2022,ENE - DIC,15/01/2023,ENT001,PROGRAMA NACIONAL CONTRA LA VIOLENCIA FAMILIAR Y SEXUAL,LIN001,ATENCIÃN INTEGRAL Y MULTIDISCIPLINARIA PARA VICTIMAS DE VIOLENCIA,SER001,CENTRO EMERGENCIA MUJER,LIMA METROPOLITANA,LIMA,INDEPENDENCIA,COM152,COMISARIA INDEPENDENCIA,family,0.0
155,2022,ENE - DIC,15/01/2023,ENT001,PROGRAMA NACIONAL CONTRA LA VIOLENCIA FAMILIAR Y SEXUAL,LIN001,ATENCIÃN INTEGRAL Y MULTIDISCIPLINARIA PARA VICTIMAS DE VIOLENCIA,SER001,CENTRO EMERGENCIA MUJER,LIMA METROPOLITANA,LIMA,LA MOLINA,COM058,COMISARIA LA MOLINA,family,0.0
156,2022,ENE - DIC,15/01/2023,ENT001,PROGRAMA NACIONAL CONTRA LA VIOLENCIA FAMILIAR Y SEXUAL,LIN001,ATENCIÃN INTEGRAL Y MULTIDISCIPLINARIA PARA VICTIMAS DE VIOLENCIA,SER001,CENTRO EMERGENCIA MUJER,LIMA METROPOLITANA,LIMA,LA VICTORIA,CEM241,LA VICTORIA,family,0.0
157,2022,ENE - DIC,15/01/2023,ENT001,PROGRAMA NACIONAL CONTRA LA VIOLENCIA FAMILIAR Y SEXUAL,LIN001,ATENCIÃN INTEGRAL Y MULTIDISCIPLINARIA PARA VICTIMAS DE VIOLENCIA,SER001,CENTRO EMERGENCIA MUJER,LIMA METROPOLITANA,LIMA,LOS OLIVOS,COM102,COMISARIA SOL DE ORO,family,0.0
158,2022,ENE - DIC,15/01/2023,ENT001,PROGRAMA NACIONAL CONTRA LA VIOLENCIA FAMILIAR Y SEXUAL,LIN001,ATENCIÃN INTEGRAL Y MULTIDISCIPLINARIA PARA VICTIMAS DE VIOLENCIA,SER001,CENTRO EMERGENCIA MUJER,LIMA METROPOLITANA,LIMA,LURIN,COM036,COMISARIA LURIN,family,0.0
159,2022,ENE - DIC,15/01/2023,ENT001,PROGRAMA NACIONAL CONTRA LA VIOLENCIA FAMILIAR Y SEXUAL,LIN001,ATENCIÃN INTEGRAL Y MULTIDISCIPLINARIA PARA VICTIMAS DE VIOLENCIA,SER001,CENTRO EMERGENCIA MUJER,LIMA METROPOLITANA,LIMA,PUEBLO LIBRE,SAU001,LIMA,family,0.0
160,2022,ENE - DIC,15/01/2023,ENT001,PROGRAMA NACIONAL CONTRA LA VIOLENCIA FAMILIAR Y SEXUAL,LIN001,ATENCIÃN INTEGRAL Y MULTIDISCIPLINARIA PARA VICTIMAS DE VIOLENCIA,SER001,CENTRO EMERGENCIA MUJER,LIMA METROPOLITANA,LIMA,RIMAC,CEM145,RIMAC,family,0.0
161,2022,ENE - DIC,15/01/2023,ENT001,PROGRAMA NACIONAL CONTRA LA VIOLENCIA FAMILIAR Y SEXUAL,LIN001,ATENCIÃN INTEGRAL Y MULTIDISCIPLINARIA PARA VICTIMAS DE VIOLENCIA,SER001,CENTRO EMERGENCIA MUJER,LIMA METROPOLITANA,LIMA,SAN JUAN DE LURIGANCHO,COM106,COMISARIA CAJA DE AGUA,family,0.0
162,2022,ENE - DIC,15/01/2023,ENT001,PROGRAMA NACIONAL CONTRA LA VIOLENCIA FAMILIAR Y SEXUAL,LIN001,ATENCIÃN INTEGRAL Y MULTIDISCIPLINARIA PARA VICTIMAS DE VIOLENCIA,SER001,CENTRO EMERGENCIA MUJER,LIMA METROPOLITANA,LIMA,SAN LUIS,COM092,COMISARIA SAN LUIS,family,0.0
163,2022,ENE - DIC,15/01/2023,ENT001,PROGRAMA NACIONAL CONTRA LA VIOLENCIA FAMILIAR Y SEXUAL,LIN001,ATENCIÃN INTEGRAL Y MULTIDISCIPLINARIA PARA VICTIMAS DE VIOLENCIA,SER001,CENTRO EMERGENCIA MUJER,LIMA METROPOLITANA,LIMA,SAN MARTIN DE PORRES,COM046,COMISARIA CONDEVILLA,family,1.0
164,2022,ENE - DIC,15/01/2023,ENT001,PROGRAMA NACIONAL CONTRA LA VIOLENCIA FAMILIAR Y SEXUAL,LIN001,ATENCIÃN INTEGRAL Y MULTIDISCIPLINARIA PARA VICTIMAS DE VIOLENCIA,SER001,CENTRO EMERGENCIA MUJER,LIMA METROPOLITANA,LIMA,SANTA ANITA,COM028,COMISARIA SANTA ANITA,family,0.0
165,2022,ENE - DIC,15/01/2023,ENT001,PROGRAMA NACIONAL CONTRA LA VIOLENCIA FAMILIAR Y SEXUAL,LIN001,ATENCIÃN INTEGRAL Y MULTIDISCIPLINARIA PARA VICTIMAS DE VIOLENCIA,SER001,CENTRO EMERGENCIA MUJER,LIMA PROVINCIA,BARRANCA,BARRANCA,COM052,COMISARIA BARRANCA,family,0.0
166,2022,ENE - DIC,15/01/2023,ENT001,PROGRAMA NACIONAL CONTRA LA VIOLENCIA FAMILIAR Y SEXUAL,LIN001,ATENCIÃN INTEGRAL Y MULTIDISCIPLINARIA PARA VICTIMAS DE VIOLENCIA,SER001,CENTRO EMERGENCIA MUJER,LIMA PROVINCIA,BARRANCA,PARAMONGA,COM132,COMISARIA PARAMONGA,family,0.0
167,2022,ENE - DIC,15/01/2023,ENT001,PROGRAMA NACIONAL CONTRA LA VIOLENCIA FAMILIAR Y SEXUAL,LIN001,ATENCIÃN INTEGRAL Y MULTIDISCIPLINARIA PARA VICTIMAS DE VIOLENCIA,SER001,CENTRO EMERGENCIA MUJER,LIMA PROVINCIA,CAÃETE,SAN VICENTE DE CAÃETE,COM085,COMISARIA SAN VICENTE DE CAÃETE,family,0.0
168,2022,ENE - DIC,15/01/2023,ENT001,PROGRAMA NACIONAL CONTRA LA VIOLENCIA FAMILIAR Y SEXUAL,LIN001,ATENCIÃN INTEGRAL Y MULTIDISCIPLINARIA PARA VICTIMAS DE VIOLENCIA,SER001,CENTRO EMERGENCIA MUJER,LIMA PROVINCIA,HUARAL,HUARAL,CEM124,HUARAL,family,0.0
169,2022,ENE - DIC,15/01/2023,ENT001,PROGRAMA NACIONAL CONTRA LA VIOLENCIA FAMILIAR Y SEXUAL,LIN001,ATENCIÃN INTEGRAL Y MULTIDISCIPLINARIA PARA VICTIMAS DE VIOLENCIA,SER001,CENTRO EMERGENCIA MUJER,LIMA PROVINCIA,HUAURA,HUACHO,COM047,COMISARIA HUACHO,family,0.0
170,2022,ENE - DIC,15/01/2023,ENT001,PROGRAMA NACIONAL CONTRA LA VIOLENCIA FAMILIAR Y SEXUAL,LIN001,ATENCIÃN INTEGRAL Y MULTIDISCIPLINARIA PARA VICTIMAS DE VIOLENCIA,SER001,CENTRO EMERGENCIA MUJER,LIMA PROVINCIA,HUAURA,SAYAN,COM100,COMISARIA SAYAN,family,0.0
171,2023,ENE - JUL,15/08/2023,ENT001,PROGRAMA NACIONAL CONTRA LA VIOLENCIA FAMILIAR Y SEXUAL,LIN001,ATENCIÃN INTEGRAL Y MULTIDISCIPLINARIA PARA VICTIMAS DE VIOLENCIA,SER001,CENTRO EMERGENCIA MUJER,LIMA METROPOLITANA,LIMA,ANCON,COM110,COMISARIA ANCON,family,0.0
172,2023,ENE - JUL,15/08/2023,ENT001,PROGRAMA NACIONAL CONTRA LA VIOLENCIA FAMILIAR Y SEXUAL,LIN001,ATENCIÃN INTEGRAL Y MULTIDISCIPLINARIA PARA VICTIMAS DE VIOLENCIA,SER001,CENTRO EMERGENCIA MUJER,LIMA METROPOLITANA,LIMA,ATE,COM107,COMISARIA HUAYCAN,family,0.0
173,2023,ENE - JUL,15/08/2023,ENT001,PROGRAMA NACIONAL CONTRA LA VIOLENCIA FAMILIAR Y SEXUAL,LIN001,ATENCIÃN INTEGRAL Y MULTIDISCIPLINARIA PARA VICTIMAS DE VIOLENCIA,SER001,CENTRO EMERGENCIA MUJER,LIMA METROPOLITANA,LIMA,LA MOLINA,COM058,COMISARIA LA MOLINA,family,0.0
174,2023,ENE - JUL,15/08/2023,ENT001,PROGRAMA NACIONAL CONTRA LA VIOLENCIA FAMILIAR Y SEXUAL,LIN001,ATENCIÃN INTEGRAL Y MULTIDISCIPLINARIA PARA VICTIMAS DE VIOLENCIA,SER001,CENTRO EMERGENCIA MUJER,LIMA METROPOLITANA,LIMA,LOS OLIVOS,COM102,COMISARIA SOL DE ORO,family,0.0
175,2023,ENE - JUL,15/08/2023,ENT001,PROGRAMA NACIONAL CONTRA LA VIOLENCIA FAMILIAR Y SEXUAL,LIN001,ATENCIÃN INTEGRAL Y MULTIDISCIPLINARIA PARA VICTIMAS DE VIOLENCIA,SER001,CENTRO EMERGENCIA MUJER,LIMA METROPOLITANA,LIMA,LURIGANCHO,CEM223,CHOSICA,family,0.0
176,2023,ENE - JUL,15/08/2023,ENT001,PROGRAMA NACIONAL CONTRA LA VIOLENCIA FAMILIAR Y SEXUAL,LIN001,ATENCIÃN INTEGRAL Y MULTIDISCIPLINARIA PARA VICTIMAS DE VIOLENCIA,SER001,CENTRO EMERGENCIA MUJER,LIMA METROPOLITANA,LIMA,LURIGANCHO,COM155,COMISARIA HUACHIPA,family,0.0
177,2023,ENE - JUL,15/08/2023,ENT001,PROGRAMA NACIONAL CONTRA LA VIOLENCIA FAMILIAR Y SEXUAL,LIN001,ATENCIÃN INTEGRAL Y MULTIDISCIPLINARIA PARA VICTIMAS DE VIOLENCIA,SER001,CENTRO EMERGENCIA MUJER,LIMA METROPOLITANA,LIMA,LURIN,COM036,COMISARIA LURIN,family,0.0
178,2023,ENE - JUL,15/08/2023,ENT001,PROGRAMA NACIONAL CONTRA LA VIOLENCIA FAMILIAR Y SEXUAL,LIN001,ATENCIÃN INTEGRAL Y MULTIDISCIPLINARIA PARA VICTIMAS DE VIOLENCIA,SER001,CENTRO EMERGENCIA MUJER,LIMA METROPOLITANA,LIMA,PUEBLO LIBRE,SAU001,LIMA,family,0.0
179,2023,ENE - JUL,15/08/2023,ENT001,PROGRAMA NACIONAL CONTRA LA VIOLENCIA FAMILIAR Y SEXUAL,LIN001,ATENCIÃN INTEGRAL Y MULTIDISCIPLINARIA PARA VICTIMAS DE VIOLENCIA,SER001,CENTRO EMERGENCIA MUJER,LIMA METROPOLITANA,LIMA,VILLA EL SALVADOR,CEM109,VILLA EL SALVADOR,family,0.0
180,2023,ENE - JUL,15/08/2023,ENT001,PROGRAMA NACIONAL CONTRA LA VIOLENCIA FAMILIAR Y SEXUAL,LIN001,ATENCIÃN INTEGRAL Y MULTIDISCIPLINARIA PARA VICTIMAS DE VIOLENCIA,SER001,CENTRO EMERGENCIA MUJER,LIMA PROVINCIA,CAÃETE,SAN ANTONIO,COM083,COMISARIA SAN ANTONIO - CAÃETE,family,0.0
181,2023,ENE - JUL,15/08/2023,ENT001,PROGRAMA NACIONAL CONTRA LA VIOLENCIA FAMILIAR Y SEXUAL,LIN001,ATENCIÃN INTEGRAL Y MULTIDISCIPLINARIA PARA VICTIMAS DE VIOLENCIA,SER001,CENTRO EMERGENCIA MUJER,LIMA PROVINCIA,HUARAL,HUARAL,CEM124,HUARAL,family,0.0
