,YEAR,PERIOD,SEND DATE,ENTITY CODE,NATIONAL PROGRAM AGAINST FAMILY AND SEXUAL VIOLENCE,INTERVENTION LINE CODE,INTERVENTION LINE,SERVICE CODE,SERVICE NAME,LOCATION OF GEOGRAPHICAL LOCATION,DEPARTMENT,PROVINCE,DISTRICT,CODE,NAME,NUM_CA,NUM_CASES,age,no cases
0,2012,ENE - DIC,05/01/2013,ENT001,PROGRAMA NACIONAL CONTRA LA VIOLENCIA FAMILIAR Y SEXUAL,LIN003,ATENCIï¿½N INTEGRAL Y MULTIDISCIPLINARIA PARA AGRESORES SENTENCIADOS POR LOS JUZGADOS DE FAMILIA,SER002,CENTRO DE ATENCIï¿½N INSTITUCIONAL,150143,LIMA METROPOLITANA,LIMA,VILLA MARIA DEL TRIUNFO,CAI001,C.A.I. VILLA MARIA DEL TRIUNFO,1,66.0,18_25_MEN,1.0
1,2013,ENE - DIC,05/01/2014,ENT001,PROGRAMA NACIONAL CONTRA LA VIOLENCIA FAMILIAR Y SEXUAL,LIN003,ATENCIï¿½N INTEGRAL Y MULTIDISCIPLINARIA PARA AGRESORES SENTENCIADOS POR LOS JUZGADOS DE FAMILIA,SER002,CENTRO DE ATENCIï¿½N INSTITUCIONAL,150105,LIMA METROPOLITANA,LIMA,BREï¿½A,CAI001,C.A.I. BREï¿½A,1,111.0,18_25_MEN,2.0
2,2014,ENE - DIC,10/01/2015,ENT001,PROGRAMA NACIONAL CONTRA LA VIOLENCIA FAMILIAR Y SEXUAL,LIN003,ATENCIï¿½N INTEGRAL Y MULTIDISCIPLINARIA PARA AGRESORES SENTENCIADOS POR LOS JUZGADOS DE FAMILIA,SER002,CENTRO DE ATENCIï¿½N INSTITUCIONAL,150105,LIMA METROPOLITANA,LIMA,BREï¿½A,CAI001,C.A.I. BREï¿½A,1,166.0,18_25_MEN,2.0
3,2015,ENE - DIC,11/01/2016,ENT001,PROGRAMA NACIONAL CONTRA LA VIOLENCIA FAMILIAR Y SEXUAL,LIN003,ATENCIï¿½N INTEGRAL Y MULTIDISCIPLINARIA PARA AGRESORES SENTENCIADOS POR LOS JUZGADOS DE FAMILIA,SER002,CENTRO DE ATENCIï¿½N INSTITUCIONAL,150105,LIMA METROPOLITANA,LIMA,BREï¿½A,CAI001,C.A.I. BREï¿½A,1,423.0,18_25_MEN,0.0
4,2016,ENE - DIC,13/12/2016,ENT001,PROGRAMA NACIONAL CONTRA LA VIOLENCIA FAMILIAR Y SEXUAL,LIN003,ATENCIï¿½N INTEGRAL Y MULTIDISCIPLINARIA PARA AGRESORES SENTENCIADOS POR LOS JUZGADOS DE FAMILIA,SER002,CENTRO DE ATENCIï¿½N INSTITUCIONAL,150105,LIMA METROPOLITANA,LIMA,BREï¿½A,CAI001,C.A.I. BREï¿½A,1,737.0,18_25_MEN,0.0
5,2017,ENE - DIC,16/01/2018,ENT001,PROGRAMA NACIONAL CONTRA LA VIOLENCIA FAMILIAR Y SEXUAL,LIN003,ATENCIï¿½N INTEGRAL Y MULTIDISCIPLINARIA PARA AGRESORES SENTENCIADOS POR LOS JUZGADOS DE FAMILIA,SER002,CENTRO DE ATENCIï¿½N INSTITUCIONAL,150105,LIMA METROPOLITANA,LIMA,BREï¿½A,CAI001,C.A.I. BREï¿½A,1,736.0,18_25_MEN,0.0
6,2018,ENE - DIC,31/12/2018,ENT001,PROGRAMA NACIONAL CONTRA LA VIOLENCIA FAMILIAR Y SEXUAL,LIN003,ATENCIï¿½N INTEGRAL Y MULTIDISCIPLINARIA PARA AGRESORES SENTENCIADOS POR LOS JUZGADOS DE FAMILIA,SER002,CENTRO DE ATENCIï¿½N INSTITUCIONAL,150105,LIMA METROPOLITANA,LIMA,BREï¿½A,CAI001,C.A.I. BREï¿½A,1,975.0,18_25_MEN,0.0
7,2019,ENE - DIC,14/01/2020,ENT001,PROGRAMA NACIONAL CONTRA LA VIOLENCIA FAMILIAR Y SEXUAL,LIN001,ATENCIï¿½N INTEGRAL Y MULTIDISCIPLINARIA PARA AGRESORES SENTENCIADOS POR LOS JUZGADOS DE FAMILIA,SER002,CENTRO DE ATENCION INSTITUCIONAL,150105,LIMA METROPOLITANA,LIMA,BREï¿½A,CAI001,BREï¿½A,1,0.0,18_25_MEN,0.0
8,2020,ENE - DIC,15/01/2021,ENT001,PROGRAMA NACIONAL PARA LA PREVENCIï¿½N Y ERRADICACIï¿½N DE LA VIOLENCIA CONTRA LAS MUJERES E INTEGRANTES DEL GRUPO FAMILIAR ï¿½ AURORA,LIN001,ATENCIï¿½N INTEGRAL Y MULTIDISCIPLINARIA PARA AGRESORES SENTENCIADOS POR LOS JUZGADOS DE FAMILIA,SER002,CENTRO DE ATENCION INSTITUCIONAL,150105,LIMA METROPOLITANA,LIMA,BREï¿½A,CAI001,BREï¿½A,1,775.0,18_25_MEN,0.0
9,2021,ENE - DIC,15/01/2022,ENT001,PROGRAMA NACIONAL CONTRA LA VIOLENCIA FAMILIAR Y SEXUAL,LIN001,ATENCIï¿½N INTEGRAL Y MULTIDISCIPLINARIA PARA AGRESORES SENTENCIADOS POR LOS JUZGADOS DE FAMILIA,SER002,CENTRO DE ATENCION INSTITUCIONAL,150105,LIMA METROPOLITANA,LIMA,BREï¿½A,CAI001,BREï¿½A,1,976.0,18_25_MEN,0.0
10,2022,ENE - DIC,15/01/2023,ENT001,PROGRAMA NACIONAL CONTRA LA VIOLENCIA FAMILIAR Y SEXUAL,LIN001,ATENCIï¿½N INTEGRAL Y MULTIDISCIPLINARIA PARA AGRESORES SENTENCIADOS POR LOS JUZGADOS DE FAMILIA,SER002,CENTRO DE ATENCION INSTITUCIONAL,150105,LIMA METROPOLITANA,LIMA,BREï¿½A,CAI001,BREï¿½A,1,835.0,18_25_MEN,0.0
11,2022,ENE - DIC,15/01/2023,ENT001,PROGRAMA NACIONAL CONTRA LA VIOLENCIA FAMILIAR Y SEXUAL,LIN001,ATENCIï¿½N INTEGRAL Y MULTIDISCIPLINARIA PARA AGRESORES SENTENCIADOS POR LOS JUZGADOS DE FAMILIA,SER002,CENTRO DE ATENCION INSTITUCIONAL,150111,LIMA,LIMA,EL AGUSTINO,CAI005,LIMA,1,432.0,18_25_MEN,0.0
12,2023,ENE - JUL,15/08/2023,ENT001,PROGRAMA NACIONAL CONTRA LA VIOLENCIA FAMILIAR Y SEXUAL,LIN001,ATENCIï¿½N INTEGRAL Y MULTIDISCIPLINARIA PARA AGRESORES SENTENCIADOS POR LOS JUZGADOS DE FAMILIA,SER002,CENTRO DE ATENCION INSTITUCIONAL,150105,LIMA METROPOLITANA,LIMA,BREï¿½A,CAI001,BREï¿½A,1,420.0,18_25_MEN,0.0
13,2023,ENE - JUL,15/08/2023,ENT001,PROGRAMA NACIONAL CONTRA LA VIOLENCIA FAMILIAR Y SEXUAL,LIN001,ATENCIï¿½N INTEGRAL Y MULTIDISCIPLINARIA PARA AGRESORES SENTENCIADOS POR LOS JUZGADOS DE FAMILIA,SER002,CENTRO DE ATENCION INSTITUCIONAL,150111,LIMA,LIMA,EL AGUSTINO,CAI005,LIMA,1,473.0,18_25_MEN,0.0
0,2012,ENE - DIC,05/01/2013,ENT001,PROGRAMA NACIONAL CONTRA LA VIOLENCIA FAMILIAR Y SEXUAL,LIN003,ATENCIï¿½N INTEGRAL Y MULTIDISCIPLINARIA PARA AGRESORES SENTENCIADOS POR LOS JUZGADOS DE FAMILIA,SER002,CENTRO DE ATENCIï¿½N INSTITUCIONAL,150143,LIMA METROPOLITANA,LIMA,VILLA MARIA DEL TRIUNFO,CAI001,C.A.I. VILLA MARIA DEL TRIUNFO,1,66.0,18_29_MEN,0.0
1,2013,ENE - DIC,05/01/2014,ENT001,PROGRAMA NACIONAL CONTRA LA VIOLENCIA FAMILIAR Y SEXUAL,LIN003,ATENCIï¿½N INTEGRAL Y MULTIDISCIPLINARIA PARA AGRESORES SENTENCIADOS POR LOS JUZGADOS DE FAMILIA,SER002,CENTRO DE ATENCIï¿½N INSTITUCIONAL,150105,LIMA METROPOLITANA,LIMA,BREï¿½A,CAI001,C.A.I. BREï¿½A,1,111.0,18_29_MEN,0.0
2,2014,ENE - DIC,10/01/2015,ENT001,PROGRAMA NACIONAL CONTRA LA VIOLENCIA FAMILIAR Y SEXUAL,LIN003,ATENCIï¿½N INTEGRAL Y MULTIDISCIPLINARIA PARA AGRESORES SENTENCIADOS POR LOS JUZGADOS DE FAMILIA,SER002,CENTRO DE ATENCIï¿½N INSTITUCIONAL,150105,LIMA METROPOLITANA,LIMA,BREï¿½A,CAI001,C.A.I. BREï¿½A,1,166.0,18_29_MEN,0.0
3,2015,ENE - DIC,11/01/2016,ENT001,PROGRAMA NACIONAL CONTRA LA VIOLENCIA FAMILIAR Y SEXUAL,LIN003,ATENCIï¿½N INTEGRAL Y MULTIDISCIPLINARIA PARA AGRESORES SENTENCIADOS POR LOS JUZGADOS DE FAMILIA,SER002,CENTRO DE ATENCIï¿½N INSTITUCIONAL,150105,LIMA METROPOLITANA,LIMA,BREï¿½A,CAI001,C.A.I. BREï¿½A,1,423.0,18_29_MEN,32.0
4,2016,ENE - DIC,13/12/2016,ENT001,PROGRAMA NACIONAL CONTRA LA VIOLENCIA FAMILIAR Y SEXUAL,LIN003,ATENCIï¿½N INTEGRAL Y MULTIDISCIPLINARIA PARA AGRESORES SENTENCIADOS POR LOS JUZGADOS DE FAMILIA,SER002,CENTRO DE ATENCIï¿½N INSTITUCIONAL,150105,LIMA METROPOLITANA,LIMA,BREï¿½A,CAI001,C.A.I. BREï¿½A,1,737.0,18_29_MEN,106.0
5,2017,ENE - DIC,16/01/2018,ENT001,PROGRAMA NACIONAL CONTRA LA VIOLENCIA FAMILIAR Y SEXUAL,LIN003,ATENCIï¿½N INTEGRAL Y MULTIDISCIPLINARIA PARA AGRESORES SENTENCIADOS POR LOS JUZGADOS DE FAMILIA,SER002,CENTRO DE ATENCIï¿½N INSTITUCIONAL,150105,LIMA METROPOLITANA,LIMA,BREï¿½A,CAI001,C.A.I. BREï¿½A,1,736.0,18_29_MEN,122.0
6,2018,ENE - DIC,31/12/2018,ENT001,PROGRAMA NACIONAL CONTRA LA VIOLENCIA FAMILIAR Y SEXUAL,LIN003,ATENCIï¿½N INTEGRAL Y MULTIDISCIPLINARIA PARA AGRESORES SENTENCIADOS POR LOS JUZGADOS DE FAMILIA,SER002,CENTRO DE ATENCIï¿½N INSTITUCIONAL,150105,LIMA METROPOLITANA,LIMA,BREï¿½A,CAI001,C.A.I. BREï¿½A,1,975.0,18_29_MEN,186.0
7,2019,ENE - DIC,14/01/2020,ENT001,PROGRAMA NACIONAL CONTRA LA VIOLENCIA FAMILIAR Y SEXUAL,LIN001,ATENCIï¿½N INTEGRAL Y MULTIDISCIPLINARIA PARA AGRESORES SENTENCIADOS POR LOS JUZGADOS DE FAMILIA,SER002,CENTRO DE ATENCION INSTITUCIONAL,150105,LIMA METROPOLITANA,LIMA,BREï¿½A,CAI001,BREï¿½A,1,0.0,18_29_MEN,215.0
8,2020,ENE - DIC,15/01/2021,ENT001,PROGRAMA NACIONAL PARA LA PREVENCIï¿½N Y ERRADICACIï¿½N DE LA VIOLENCIA CONTRA LAS MUJERES E INTEGRANTES DEL GRUPO FAMILIAR ï¿½ AURORA,LIN001,ATENCIï¿½N INTEGRAL Y MULTIDISCIPLINARIA PARA AGRESORES SENTENCIADOS POR LOS JUZGADOS DE FAMILIA,SER002,CENTRO DE ATENCION INSTITUCIONAL,150105,LIMA METROPOLITANA,LIMA,BREï¿½A,CAI001,BREï¿½A,1,775.0,18_29_MEN,152.0
9,2021,ENE - DIC,15/01/2022,ENT001,PROGRAMA NACIONAL CONTRA LA VIOLENCIA FAMILIAR Y SEXUAL,LIN001,ATENCIï¿½N INTEGRAL Y MULTIDISCIPLINARIA PARA AGRESORES SENTENCIADOS POR LOS JUZGADOS DE FAMILIA,SER002,CENTRO DE ATENCION INSTITUCIONAL,150105,LIMA METROPOLITANA,LIMA,BREï¿½A,CAI001,BREï¿½A,1,976.0,18_29_MEN,197.0
10,2022,ENE - DIC,15/01/2023,ENT001,PROGRAMA NACIONAL CONTRA LA VIOLENCIA FAMILIAR Y SEXUAL,LIN001,ATENCIï¿½N INTEGRAL Y MULTIDISCIPLINARIA PARA AGRESORES SENTENCIADOS POR LOS JUZGADOS DE FAMILIA,SER002,CENTRO DE ATENCION INSTITUCIONAL,150105,LIMA METROPOLITANA,LIMA,BREï¿½A,CAI001,BREï¿½A,1,835.0,18_29_MEN,160.0
11,2022,ENE - DIC,15/01/2023,ENT001,PROGRAMA NACIONAL CONTRA LA VIOLENCIA FAMILIAR Y SEXUAL,LIN001,ATENCIï¿½N INTEGRAL Y MULTIDISCIPLINARIA PARA AGRESORES SENTENCIADOS POR LOS JUZGADOS DE FAMILIA,SER002,CENTRO DE ATENCION INSTITUCIONAL,150111,LIMA,LIMA,EL AGUSTINO,CAI005,LIMA,1,432.0,18_29_MEN,91.0
12,2023,ENE - JUL,15/08/2023,ENT001,PROGRAMA NACIONAL CONTRA LA VIOLENCIA FAMILIAR Y SEXUAL,LIN001,ATENCIï¿½N INTEGRAL Y MULTIDISCIPLINARIA PARA AGRESORES SENTENCIADOS POR LOS JUZGADOS DE FAMILIA,SER002,CENTRO DE ATENCION INSTITUCIONAL,150105,LIMA METROPOLITANA,LIMA,BREï¿½A,CAI001,BREï¿½A,1,420.0,18_29_MEN,89.0
13,2023,ENE - JUL,15/08/2023,ENT001,PROGRAMA NACIONAL CONTRA LA VIOLENCIA FAMILIAR Y SEXUAL,LIN001,ATENCIï¿½N INTEGRAL Y MULTIDISCIPLINARIA PARA AGRESORES SENTENCIADOS POR LOS JUZGADOS DE FAMILIA,SER002,CENTRO DE ATENCION INSTITUCIONAL,150111,LIMA,LIMA,EL AGUSTINO,CAI005,LIMA,1,473.0,18_29_MEN,91.0
0,2012,ENE - DIC,05/01/2013,ENT001,PROGRAMA NACIONAL CONTRA LA VIOLENCIA FAMILIAR Y SEXUAL,LIN003,ATENCIï¿½N INTEGRAL Y MULTIDISCIPLINARIA PARA AGRESORES SENTENCIADOS POR LOS JUZGADOS DE FAMILIA,SER002,CENTRO DE ATENCIï¿½N INSTITUCIONAL,150143,LIMA METROPOLITANA,LIMA,VILLA MARIA DEL TRIUNFO,CAI001,C.A.I. VILLA MARIA DEL TRIUNFO,1,66.0,26_35_MEN,12.0
1,2013,ENE - DIC,05/01/2014,ENT001,PROGRAMA NACIONAL CONTRA LA VIOLENCIA FAMILIAR Y SEXUAL,LIN003,ATENCIï¿½N INTEGRAL Y MULTIDISCIPLINARIA PARA AGRESORES SENTENCIADOS POR LOS JUZGADOS DE FAMILIA,SER002,CENTRO DE ATENCIï¿½N INSTITUCIONAL,150105,LIMA METROPOLITANA,LIMA,BREï¿½A,CAI001,C.A.I. BREï¿½A,1,111.0,26_35_MEN,20.0
2,2014,ENE - DIC,10/01/2015,ENT001,PROGRAMA NACIONAL CONTRA LA VIOLENCIA FAMILIAR Y SEXUAL,LIN003,ATENCIï¿½N INTEGRAL Y MULTIDISCIPLINARIA PARA AGRESORES SENTENCIADOS POR LOS JUZGADOS DE FAMILIA,SER002,CENTRO DE ATENCIï¿½N INSTITUCIONAL,150105,LIMA METROPOLITANA,LIMA,BREï¿½A,CAI001,C.A.I. BREï¿½A,1,166.0,26_35_MEN,34.0
3,2015,ENE - DIC,11/01/2016,ENT001,PROGRAMA NACIONAL CONTRA LA VIOLENCIA FAMILIAR Y SEXUAL,LIN003,ATENCIï¿½N INTEGRAL Y MULTIDISCIPLINARIA PARA AGRESORES SENTENCIADOS POR LOS JUZGADOS DE FAMILIA,SER002,CENTRO DE ATENCIï¿½N INSTITUCIONAL,150105,LIMA METROPOLITANA,LIMA,BREï¿½A,CAI001,C.A.I. BREï¿½A,1,423.0,26_35_MEN,88.0
4,2016,ENE - DIC,13/12/2016,ENT001,PROGRAMA NACIONAL CONTRA LA VIOLENCIA FAMILIAR Y SEXUAL,LIN003,ATENCIï¿½N INTEGRAL Y MULTIDISCIPLINARIA PARA AGRESORES SENTENCIADOS POR LOS JUZGADOS DE FAMILIA,SER002,CENTRO DE ATENCIï¿½N INSTITUCIONAL,150105,LIMA METROPOLITANA,LIMA,BREï¿½A,CAI001,C.A.I. BREï¿½A,1,737.0,26_35_MEN,0.0
5,2017,ENE - DIC,16/01/2018,ENT001,PROGRAMA NACIONAL CONTRA LA VIOLENCIA FAMILIAR Y SEXUAL,LIN003,ATENCIï¿½N INTEGRAL Y MULTIDISCIPLINARIA PARA AGRESORES SENTENCIADOS POR LOS JUZGADOS DE FAMILIA,SER002,CENTRO DE ATENCIï¿½N INSTITUCIONAL,150105,LIMA METROPOLITANA,LIMA,BREï¿½A,CAI001,C.A.I. BREï¿½A,1,736.0,26_35_MEN,0.0
6,2018,ENE - DIC,31/12/2018,ENT001,PROGRAMA NACIONAL CONTRA LA VIOLENCIA FAMILIAR Y SEXUAL,LIN003,ATENCIï¿½N INTEGRAL Y MULTIDISCIPLINARIA PARA AGRESORES SENTENCIADOS POR LOS JUZGADOS DE FAMILIA,SER002,CENTRO DE ATENCIï¿½N INSTITUCIONAL,150105,LIMA METROPOLITANA,LIMA,BREï¿½A,CAI001,C.A.I. BREï¿½A,1,975.0,26_35_MEN,0.0
7,2019,ENE - DIC,14/01/2020,ENT001,PROGRAMA NACIONAL CONTRA LA VIOLENCIA FAMILIAR Y SEXUAL,LIN001,ATENCIï¿½N INTEGRAL Y MULTIDISCIPLINARIA PARA AGRESORES SENTENCIADOS POR LOS JUZGADOS DE FAMILIA,SER002,CENTRO DE ATENCION INSTITUCIONAL,150105,LIMA METROPOLITANA,LIMA,BREï¿½A,CAI001,BREï¿½A,1,0.0,26_35_MEN,0.0
8,2020,ENE - DIC,15/01/2021,ENT001,PROGRAMA NACIONAL PARA LA PREVENCIï¿½N Y ERRADICACIï¿½N DE LA VIOLENCIA CONTRA LAS MUJERES E INTEGRANTES DEL GRUPO FAMILIAR ï¿½ AURORA,LIN001,ATENCIï¿½N INTEGRAL Y MULTIDISCIPLINARIA PARA AGRESORES SENTENCIADOS POR LOS JUZGADOS DE FAMILIA,SER002,CENTRO DE ATENCION INSTITUCIONAL,150105,LIMA METROPOLITANA,LIMA,BREï¿½A,CAI001,BREï¿½A,1,775.0,26_35_MEN,0.0
9,2021,ENE - DIC,15/01/2022,ENT001,PROGRAMA NACIONAL CONTRA LA VIOLENCIA FAMILIAR Y SEXUAL,LIN001,ATENCIï¿½N INTEGRAL Y MULTIDISCIPLINARIA PARA AGRESORES SENTENCIADOS POR LOS JUZGADOS DE FAMILIA,SER002,CENTRO DE ATENCION INSTITUCIONAL,150105,LIMA METROPOLITANA,LIMA,BREï¿½A,CAI001,BREï¿½A,1,976.0,26_35_MEN,0.0
10,2022,ENE - DIC,15/01/2023,ENT001,PROGRAMA NACIONAL CONTRA LA VIOLENCIA FAMILIAR Y SEXUAL,LIN001,ATENCIï¿½N INTEGRAL Y MULTIDISCIPLINARIA PARA AGRESORES SENTENCIADOS POR LOS JUZGADOS DE FAMILIA,SER002,CENTRO DE ATENCION INSTITUCIONAL,150105,LIMA METROPOLITANA,LIMA,BREï¿½A,CAI001,BREï¿½A,1,835.0,26_35_MEN,0.0
11,2022,ENE - DIC,15/01/2023,ENT001,PROGRAMA NACIONAL CONTRA LA VIOLENCIA FAMILIAR Y SEXUAL,LIN001,ATENCIï¿½N INTEGRAL Y MULTIDISCIPLINARIA PARA AGRESORES SENTENCIADOS POR LOS JUZGADOS DE FAMILIA,SER002,CENTRO DE ATENCION INSTITUCIONAL,150111,LIMA,LIMA,EL AGUSTINO,CAI005,LIMA,1,432.0,26_35_MEN,0.0
12,2023,ENE - JUL,15/08/2023,ENT001,PROGRAMA NACIONAL CONTRA LA VIOLENCIA FAMILIAR Y SEXUAL,LIN001,ATENCIï¿½N INTEGRAL Y MULTIDISCIPLINARIA PARA AGRESORES SENTENCIADOS POR LOS JUZGADOS DE FAMILIA,SER002,CENTRO DE ATENCION INSTITUCIONAL,150105,LIMA METROPOLITANA,LIMA,BREï¿½A,CAI001,BREï¿½A,1,420.0,26_35_MEN,0.0
13,2023,ENE - JUL,15/08/2023,ENT001,PROGRAMA NACIONAL CONTRA LA VIOLENCIA FAMILIAR Y SEXUAL,LIN001,ATENCIï¿½N INTEGRAL Y MULTIDISCIPLINARIA PARA AGRESORES SENTENCIADOS POR LOS JUZGADOS DE FAMILIA,SER002,CENTRO DE ATENCION INSTITUCIONAL,150111,LIMA,LIMA,EL AGUSTINO,CAI005,LIMA,1,473.0,26_35_MEN,0.0
0,2012,ENE - DIC,05/01/2013,ENT001,PROGRAMA NACIONAL CONTRA LA VIOLENCIA FAMILIAR Y SEXUAL,LIN003,ATENCIï¿½N INTEGRAL Y MULTIDISCIPLINARIA PARA AGRESORES SENTENCIADOS POR LOS JUZGADOS DE FAMILIA,SER002,CENTRO DE ATENCIï¿½N INSTITUCIONAL,150143,LIMA METROPOLITANA,LIMA,VILLA MARIA DEL TRIUNFO,CAI001,C.A.I. VILLA MARIA DEL TRIUNFO,1,66.0,36_45_MEN,24.0
1,2013,ENE - DIC,05/01/2014,ENT001,PROGRAMA NACIONAL CONTRA LA VIOLENCIA FAMILIAR Y SEXUAL,LIN003,ATENCIï¿½N INTEGRAL Y MULTIDISCIPLINARIA PARA AGRESORES SENTENCIADOS POR LOS JUZGADOS DE FAMILIA,SER002,CENTRO DE ATENCIï¿½N INSTITUCIONAL,150105,LIMA METROPOLITANA,LIMA,BREï¿½A,CAI001,C.A.I. BREï¿½A,1,111.0,36_45_MEN,42.0
2,2014,ENE - DIC,10/01/2015,ENT001,PROGRAMA NACIONAL CONTRA LA VIOLENCIA FAMILIAR Y SEXUAL,LIN003,ATENCIï¿½N INTEGRAL Y MULTIDISCIPLINARIA PARA AGRESORES SENTENCIADOS POR LOS JUZGADOS DE FAMILIA,SER002,CENTRO DE ATENCIï¿½N INSTITUCIONAL,150105,LIMA METROPOLITANA,LIMA,BREï¿½A,CAI001,C.A.I. BREï¿½A,1,166.0,36_45_MEN,52.0
3,2015,ENE - DIC,11/01/2016,ENT001,PROGRAMA NACIONAL CONTRA LA VIOLENCIA FAMILIAR Y SEXUAL,LIN003,ATENCIï¿½N INTEGRAL Y MULTIDISCIPLINARIA PARA AGRESORES SENTENCIADOS POR LOS JUZGADOS DE FAMILIA,SER002,CENTRO DE ATENCIï¿½N INSTITUCIONAL,150105,LIMA METROPOLITANA,LIMA,BREï¿½A,CAI001,C.A.I. BREï¿½A,1,423.0,36_45_MEN,146.0
4,2016,ENE - DIC,13/12/2016,ENT001,PROGRAMA NACIONAL CONTRA LA VIOLENCIA FAMILIAR Y SEXUAL,LIN003,ATENCIï¿½N INTEGRAL Y MULTIDISCIPLINARIA PARA AGRESORES SENTENCIADOS POR LOS JUZGADOS DE FAMILIA,SER002,CENTRO DE ATENCIï¿½N INSTITUCIONAL,150105,LIMA METROPOLITANA,LIMA,BREï¿½A,CAI001,C.A.I. BREï¿½A,1,737.0,36_45_MEN,0.0
5,2017,ENE - DIC,16/01/2018,ENT001,PROGRAMA NACIONAL CONTRA LA VIOLENCIA FAMILIAR Y SEXUAL,LIN003,ATENCIï¿½N INTEGRAL Y MULTIDISCIPLINARIA PARA AGRESORES SENTENCIADOS POR LOS JUZGADOS DE FAMILIA,SER002,CENTRO DE ATENCIï¿½N INSTITUCIONAL,150105,LIMA METROPOLITANA,LIMA,BREï¿½A,CAI001,C.A.I. BREï¿½A,1,736.0,36_45_MEN,0.0
6,2018,ENE - DIC,31/12/2018,ENT001,PROGRAMA NACIONAL CONTRA LA VIOLENCIA FAMILIAR Y SEXUAL,LIN003,ATENCIï¿½N INTEGRAL Y MULTIDISCIPLINARIA PARA AGRESORES SENTENCIADOS POR LOS JUZGADOS DE FAMILIA,SER002,CENTRO DE ATENCIï¿½N INSTITUCIONAL,150105,LIMA METROPOLITANA,LIMA,BREï¿½A,CAI001,C.A.I. BREï¿½A,1,975.0,36_45_MEN,0.0
7,2019,ENE - DIC,14/01/2020,ENT001,PROGRAMA NACIONAL CONTRA LA VIOLENCIA FAMILIAR Y SEXUAL,LIN001,ATENCIï¿½N INTEGRAL Y MULTIDISCIPLINARIA PARA AGRESORES SENTENCIADOS POR LOS JUZGADOS DE FAMILIA,SER002,CENTRO DE ATENCION INSTITUCIONAL,150105,LIMA METROPOLITANA,LIMA,BREï¿½A,CAI001,BREï¿½A,1,0.0,36_45_MEN,0.0
8,2020,ENE - DIC,15/01/2021,ENT001,PROGRAMA NACIONAL PARA LA PREVENCIï¿½N Y ERRADICACIï¿½N DE LA VIOLENCIA CONTRA LAS MUJERES E INTEGRANTES DEL GRUPO FAMILIAR ï¿½ AURORA,LIN001,ATENCIï¿½N INTEGRAL Y MULTIDISCIPLINARIA PARA AGRESORES SENTENCIADOS POR LOS JUZGADOS DE FAMILIA,SER002,CENTRO DE ATENCION INSTITUCIONAL,150105,LIMA METROPOLITANA,LIMA,BREï¿½A,CAI001,BREï¿½A,1,775.0,36_45_MEN,0.0
9,2021,ENE - DIC,15/01/2022,ENT001,PROGRAMA NACIONAL CONTRA LA VIOLENCIA FAMILIAR Y SEXUAL,LIN001,ATENCIï¿½N INTEGRAL Y MULTIDISCIPLINARIA PARA AGRESORES SENTENCIADOS POR LOS JUZGADOS DE FAMILIA,SER002,CENTRO DE ATENCION INSTITUCIONAL,150105,LIMA METROPOLITANA,LIMA,BREï¿½A,CAI001,BREï¿½A,1,976.0,36_45_MEN,0.0
10,2022,ENE - DIC,15/01/2023,ENT001,PROGRAMA NACIONAL CONTRA LA VIOLENCIA FAMILIAR Y SEXUAL,LIN001,ATENCIï¿½N INTEGRAL Y MULTIDISCIPLINARIA PARA AGRESORES SENTENCIADOS POR LOS JUZGADOS DE FAMILIA,SER002,CENTRO DE ATENCION INSTITUCIONAL,150105,LIMA METROPOLITANA,LIMA,BREï¿½A,CAI001,BREï¿½A,1,835.0,36_45_MEN,0.0
11,2022,ENE - DIC,15/01/2023,ENT001,PROGRAMA NACIONAL CONTRA LA VIOLENCIA FAMILIAR Y SEXUAL,LIN001,ATENCIï¿½N INTEGRAL Y MULTIDISCIPLINARIA PARA AGRESORES SENTENCIADOS POR LOS JUZGADOS DE FAMILIA,SER002,CENTRO DE ATENCION INSTITUCIONAL,150111,LIMA,LIMA,EL AGUSTINO,CAI005,LIMA,1,432.0,36_45_MEN,0.0
12,2023,ENE - JUL,15/08/2023,ENT001,PROGRAMA NACIONAL CONTRA LA VIOLENCIA FAMILIAR Y SEXUAL,LIN001,ATENCIï¿½N INTEGRAL Y MULTIDISCIPLINARIA PARA AGRESORES SENTENCIADOS POR LOS JUZGADOS DE FAMILIA,SER002,CENTRO DE ATENCION INSTITUCIONAL,150105,LIMA METROPOLITANA,LIMA,BREï¿½A,CAI001,BREï¿½A,1,420.0,36_45_MEN,0.0
13,2023,ENE - JUL,15/08/2023,ENT001,PROGRAMA NACIONAL CONTRA LA VIOLENCIA FAMILIAR Y SEXUAL,LIN001,ATENCIï¿½N INTEGRAL Y MULTIDISCIPLINARIA PARA AGRESORES SENTENCIADOS POR LOS JUZGADOS DE FAMILIA,SER002,CENTRO DE ATENCION INSTITUCIONAL,150111,LIMA,LIMA,EL AGUSTINO,CAI005,LIMA,1,473.0,36_45_MEN,0.0
0,2012,ENE - DIC,05/01/2013,ENT001,PROGRAMA NACIONAL CONTRA LA VIOLENCIA FAMILIAR Y SEXUAL,LIN003,ATENCIï¿½N INTEGRAL Y MULTIDISCIPLINARIA PARA AGRESORES SENTENCIADOS POR LOS JUZGADOS DE FAMILIA,SER002,CENTRO DE ATENCIï¿½N INSTITUCIONAL,150143,LIMA METROPOLITANA,LIMA,VILLA MARIA DEL TRIUNFO,CAI001,C.A.I. VILLA MARIA DEL TRIUNFO,1,66.0,46_59_MEN,17.0
1,2013,ENE - DIC,05/01/2014,ENT001,PROGRAMA NACIONAL CONTRA LA VIOLENCIA FAMILIAR Y SEXUAL,LIN003,ATENCIï¿½N INTEGRAL Y MULTIDISCIPLINARIA PARA AGRESORES SENTENCIADOS POR LOS JUZGADOS DE FAMILIA,SER002,CENTRO DE ATENCIï¿½N INSTITUCIONAL,150105,LIMA METROPOLITANA,LIMA,BREï¿½A,CAI001,C.A.I. BREï¿½A,1,111.0,46_59_MEN,34.0
2,2014,ENE - DIC,10/01/2015,ENT001,PROGRAMA NACIONAL CONTRA LA VIOLENCIA FAMILIAR Y SEXUAL,LIN003,ATENCIï¿½N INTEGRAL Y MULTIDISCIPLINARIA PARA AGRESORES SENTENCIADOS POR LOS JUZGADOS DE FAMILIA,SER002,CENTRO DE ATENCIï¿½N INSTITUCIONAL,150105,LIMA METROPOLITANA,LIMA,BREï¿½A,CAI001,C.A.I. BREï¿½A,1,166.0,46_59_MEN,57.0
3,2015,ENE - DIC,11/01/2016,ENT001,PROGRAMA NACIONAL CONTRA LA VIOLENCIA FAMILIAR Y SEXUAL,LIN003,ATENCIï¿½N INTEGRAL Y MULTIDISCIPLINARIA PARA AGRESORES SENTENCIADOS POR LOS JUZGADOS DE FAMILIA,SER002,CENTRO DE ATENCIï¿½N INSTITUCIONAL,150105,LIMA METROPOLITANA,LIMA,BREï¿½A,CAI001,C.A.I. BREï¿½A,1,423.0,46_59_MEN,126.0
4,2016,ENE - DIC,13/12/2016,ENT001,PROGRAMA NACIONAL CONTRA LA VIOLENCIA FAMILIAR Y SEXUAL,LIN003,ATENCIï¿½N INTEGRAL Y MULTIDISCIPLINARIA PARA AGRESORES SENTENCIADOS POR LOS JUZGADOS DE FAMILIA,SER002,CENTRO DE ATENCIï¿½N INSTITUCIONAL,150105,LIMA METROPOLITANA,LIMA,BREï¿½A,CAI001,C.A.I. BREï¿½A,1,737.0,46_59_MEN,0.0
5,2017,ENE - DIC,16/01/2018,ENT001,PROGRAMA NACIONAL CONTRA LA VIOLENCIA FAMILIAR Y SEXUAL,LIN003,ATENCIï¿½N INTEGRAL Y MULTIDISCIPLINARIA PARA AGRESORES SENTENCIADOS POR LOS JUZGADOS DE FAMILIA,SER002,CENTRO DE ATENCIï¿½N INSTITUCIONAL,150105,LIMA METROPOLITANA,LIMA,BREï¿½A,CAI001,C.A.I. BREï¿½A,1,736.0,46_59_MEN,0.0
6,2018,ENE - DIC,31/12/2018,ENT001,PROGRAMA NACIONAL CONTRA LA VIOLENCIA FAMILIAR Y SEXUAL,LIN003,ATENCIï¿½N INTEGRAL Y MULTIDISCIPLINARIA PARA AGRESORES SENTENCIADOS POR LOS JUZGADOS DE FAMILIA,SER002,CENTRO DE ATENCIï¿½N INSTITUCIONAL,150105,LIMA METROPOLITANA,LIMA,BREï¿½A,CAI001,C.A.I. BREï¿½A,1,975.0,46_59_MEN,0.0
7,2019,ENE - DIC,14/01/2020,ENT001,PROGRAMA NACIONAL CONTRA LA VIOLENCIA FAMILIAR Y SEXUAL,LIN001,ATENCIï¿½N INTEGRAL Y MULTIDISCIPLINARIA PARA AGRESORES SENTENCIADOS POR LOS JUZGADOS DE FAMILIA,SER002,CENTRO DE ATENCION INSTITUCIONAL,150105,LIMA METROPOLITANA,LIMA,BREï¿½A,CAI001,BREï¿½A,1,0.0,46_59_MEN,0.0
8,2020,ENE - DIC,15/01/2021,ENT001,PROGRAMA NACIONAL PARA LA PREVENCIï¿½N Y ERRADICACIï¿½N DE LA VIOLENCIA CONTRA LAS MUJERES E INTEGRANTES DEL GRUPO FAMILIAR ï¿½ AURORA,LIN001,ATENCIï¿½N INTEGRAL Y MULTIDISCIPLINARIA PARA AGRESORES SENTENCIADOS POR LOS JUZGADOS DE FAMILIA,SER002,CENTRO DE ATENCION INSTITUCIONAL,150105,LIMA METROPOLITANA,LIMA,BREï¿½A,CAI001,BREï¿½A,1,775.0,46_59_MEN,0.0
9,2021,ENE - DIC,15/01/2022,ENT001,PROGRAMA NACIONAL CONTRA LA VIOLENCIA FAMILIAR Y SEXUAL,LIN001,ATENCIï¿½N INTEGRAL Y MULTIDISCIPLINARIA PARA AGRESORES SENTENCIADOS POR LOS JUZGADOS DE FAMILIA,SER002,CENTRO DE ATENCION INSTITUCIONAL,150105,LIMA METROPOLITANA,LIMA,BREï¿½A,CAI001,BREï¿½A,1,976.0,46_59_MEN,0.0
10,2022,ENE - DIC,15/01/2023,ENT001,PROGRAMA NACIONAL CONTRA LA VIOLENCIA FAMILIAR Y SEXUAL,LIN001,ATENCIï¿½N INTEGRAL Y MULTIDISCIPLINARIA PARA AGRESORES SENTENCIADOS POR LOS JUZGADOS DE FAMILIA,SER002,CENTRO DE ATENCION INSTITUCIONAL,150105,LIMA METROPOLITANA,LIMA,BREï¿½A,CAI001,BREï¿½A,1,835.0,46_59_MEN,0.0
11,2022,ENE - DIC,15/01/2023,ENT001,PROGRAMA NACIONAL CONTRA LA VIOLENCIA FAMILIAR Y SEXUAL,LIN001,ATENCIï¿½N INTEGRAL Y MULTIDISCIPLINARIA PARA AGRESORES SENTENCIADOS POR LOS JUZGADOS DE FAMILIA,SER002,CENTRO DE ATENCION INSTITUCIONAL,150111,LIMA,LIMA,EL AGUSTINO,CAI005,LIMA,1,432.0,46_59_MEN,0.0
12,2023,ENE - JUL,15/08/2023,ENT001,PROGRAMA NACIONAL CONTRA LA VIOLENCIA FAMILIAR Y SEXUAL,LIN001,ATENCIï¿½N INTEGRAL Y MULTIDISCIPLINARIA PARA AGRESORES SENTENCIADOS POR LOS JUZGADOS DE FAMILIA,SER002,CENTRO DE ATENCION INSTITUCIONAL,150105,LIMA METROPOLITANA,LIMA,BREï¿½A,CAI001,BREï¿½A,1,420.0,46_59_MEN,0.0
13,2023,ENE - JUL,15/08/2023,ENT001,PROGRAMA NACIONAL CONTRA LA VIOLENCIA FAMILIAR Y SEXUAL,LIN001,ATENCIï¿½N INTEGRAL Y MULTIDISCIPLINARIA PARA AGRESORES SENTENCIADOS POR LOS JUZGADOS DE FAMILIA,SER002,CENTRO DE ATENCION INSTITUCIONAL,150111,LIMA,LIMA,EL AGUSTINO,CAI005,LIMA,1,473.0,46_59_MEN,0.0
0,2012,ENE - DIC,05/01/2013,ENT001,PROGRAMA NACIONAL CONTRA LA VIOLENCIA FAMILIAR Y SEXUAL,LIN003,ATENCIï¿½N INTEGRAL Y MULTIDISCIPLINARIA PARA AGRESORES SENTENCIADOS POR LOS JUZGADOS DE FAMILIA,SER002,CENTRO DE ATENCIï¿½N INSTITUCIONAL,150143,LIMA METROPOLITANA,LIMA,VILLA MARIA DEL TRIUNFO,CAI001,C.A.I. VILLA MARIA DEL TRIUNFO,1,66.0,30_59_MEN,0.0
1,2013,ENE - DIC,05/01/2014,ENT001,PROGRAMA NACIONAL CONTRA LA VIOLENCIA FAMILIAR Y SEXUAL,LIN003,ATENCIï¿½N INTEGRAL Y MULTIDISCIPLINARIA PARA AGRESORES SENTENCIADOS POR LOS JUZGADOS DE FAMILIA,SER002,CENTRO DE ATENCIï¿½N INSTITUCIONAL,150105,LIMA METROPOLITANA,LIMA,BREï¿½A,CAI001,C.A.I. BREï¿½A,1,111.0,30_59_MEN,0.0
2,2014,ENE - DIC,10/01/2015,ENT001,PROGRAMA NACIONAL CONTRA LA VIOLENCIA FAMILIAR Y SEXUAL,LIN003,ATENCIï¿½N INTEGRAL Y MULTIDISCIPLINARIA PARA AGRESORES SENTENCIADOS POR LOS JUZGADOS DE FAMILIA,SER002,CENTRO DE ATENCIï¿½N INSTITUCIONAL,150105,LIMA METROPOLITANA,LIMA,BREï¿½A,CAI001,C.A.I. BREï¿½A,1,166.0,30_59_MEN,0.0
3,2015,ENE - DIC,11/01/2016,ENT001,PROGRAMA NACIONAL CONTRA LA VIOLENCIA FAMILIAR Y SEXUAL,LIN003,ATENCIï¿½N INTEGRAL Y MULTIDISCIPLINARIA PARA AGRESORES SENTENCIADOS POR LOS JUZGADOS DE FAMILIA,SER002,CENTRO DE ATENCIï¿½N INSTITUCIONAL,150105,LIMA METROPOLITANA,LIMA,BREï¿½A,CAI001,C.A.I. BREï¿½A,1,423.0,30_59_MEN,0.0
4,2016,ENE - DIC,13/12/2016,ENT001,PROGRAMA NACIONAL CONTRA LA VIOLENCIA FAMILIAR Y SEXUAL,LIN003,ATENCIï¿½N INTEGRAL Y MULTIDISCIPLINARIA PARA AGRESORES SENTENCIADOS POR LOS JUZGADOS DE FAMILIA,SER002,CENTRO DE ATENCIï¿½N INSTITUCIONAL,150105,LIMA METROPOLITANA,LIMA,BREï¿½A,CAI001,C.A.I. BREï¿½A,1,737.0,30_59_MEN,583.0
5,2017,ENE - DIC,16/01/2018,ENT001,PROGRAMA NACIONAL CONTRA LA VIOLENCIA FAMILIAR Y SEXUAL,LIN003,ATENCIï¿½N INTEGRAL Y MULTIDISCIPLINARIA PARA AGRESORES SENTENCIADOS POR LOS JUZGADOS DE FAMILIA,SER002,CENTRO DE ATENCIï¿½N INSTITUCIONAL,150105,LIMA METROPOLITANA,LIMA,BREï¿½A,CAI001,C.A.I. BREï¿½A,1,736.0,30_59_MEN,564.0
6,2018,ENE - DIC,31/12/2018,ENT001,PROGRAMA NACIONAL CONTRA LA VIOLENCIA FAMILIAR Y SEXUAL,LIN003,ATENCIï¿½N INTEGRAL Y MULTIDISCIPLINARIA PARA AGRESORES SENTENCIADOS POR LOS JUZGADOS DE FAMILIA,SER002,CENTRO DE ATENCIï¿½N INSTITUCIONAL,150105,LIMA METROPOLITANA,LIMA,BREï¿½A,CAI001,C.A.I. BREï¿½A,1,975.0,30_59_MEN,720.0
7,2019,ENE - DIC,14/01/2020,ENT001,PROGRAMA NACIONAL CONTRA LA VIOLENCIA FAMILIAR Y SEXUAL,LIN001,ATENCIï¿½N INTEGRAL Y MULTIDISCIPLINARIA PARA AGRESORES SENTENCIADOS POR LOS JUZGADOS DE FAMILIA,SER002,CENTRO DE ATENCION INSTITUCIONAL,150105,LIMA METROPOLITANA,LIMA,BREï¿½A,CAI001,BREï¿½A,1,0.0,30_59_MEN,968.0
8,2020,ENE - DIC,15/01/2021,ENT001,PROGRAMA NACIONAL PARA LA PREVENCIï¿½N Y ERRADICACIï¿½N DE LA VIOLENCIA CONTRA LAS MUJERES E INTEGRANTES DEL GRUPO FAMILIAR ï¿½ AURORA,LIN001,ATENCIï¿½N INTEGRAL Y MULTIDISCIPLINARIA PARA AGRESORES SENTENCIADOS POR LOS JUZGADOS DE FAMILIA,SER002,CENTRO DE ATENCION INSTITUCIONAL,150105,LIMA METROPOLITANA,LIMA,BREï¿½A,CAI001,BREï¿½A,1,775.0,30_59_MEN,593.0
9,2021,ENE - DIC,15/01/2022,ENT001,PROGRAMA NACIONAL CONTRA LA VIOLENCIA FAMILIAR Y SEXUAL,LIN001,ATENCIï¿½N INTEGRAL Y MULTIDISCIPLINARIA PARA AGRESORES SENTENCIADOS POR LOS JUZGADOS DE FAMILIA,SER002,CENTRO DE ATENCION INSTITUCIONAL,150105,LIMA METROPOLITANA,LIMA,BREï¿½A,CAI001,BREï¿½A,1,976.0,30_59_MEN,746.0
10,2022,ENE - DIC,15/01/2023,ENT001,PROGRAMA NACIONAL CONTRA LA VIOLENCIA FAMILIAR Y SEXUAL,LIN001,ATENCIï¿½N INTEGRAL Y MULTIDISCIPLINARIA PARA AGRESORES SENTENCIADOS POR LOS JUZGADOS DE FAMILIA,SER002,CENTRO DE ATENCION INSTITUCIONAL,150105,LIMA METROPOLITANA,LIMA,BREï¿½A,CAI001,BREï¿½A,1,835.0,30_59_MEN,622.0
11,2022,ENE - DIC,15/01/2023,ENT001,PROGRAMA NACIONAL CONTRA LA VIOLENCIA FAMILIAR Y SEXUAL,LIN001,ATENCIï¿½N INTEGRAL Y MULTIDISCIPLINARIA PARA AGRESORES SENTENCIADOS POR LOS JUZGADOS DE FAMILIA,SER002,CENTRO DE ATENCION INSTITUCIONAL,150111,LIMA,LIMA,EL AGUSTINO,CAI005,LIMA,1,432.0,30_59_MEN,319.0
12,2023,ENE - JUL,15/08/2023,ENT001,PROGRAMA NACIONAL CONTRA LA VIOLENCIA FAMILIAR Y SEXUAL,LIN001,ATENCIï¿½N INTEGRAL Y MULTIDISCIPLINARIA PARA AGRESORES SENTENCIADOS POR LOS JUZGADOS DE FAMILIA,SER002,CENTRO DE ATENCION INSTITUCIONAL,150105,LIMA METROPOLITANA,LIMA,BREï¿½A,CAI001,BREï¿½A,1,420.0,30_59_MEN,309.0
13,2023,ENE - JUL,15/08/2023,ENT001,PROGRAMA NACIONAL CONTRA LA VIOLENCIA FAMILIAR Y SEXUAL,LIN001,ATENCIï¿½N INTEGRAL Y MULTIDISCIPLINARIA PARA AGRESORES SENTENCIADOS POR LOS JUZGADOS DE FAMILIA,SER002,CENTRO DE ATENCION INSTITUCIONAL,150111,LIMA,LIMA,EL AGUSTINO,CAI005,LIMA,1,473.0,30_59_MEN,351.0
0,2012,ENE - DIC,05/01/2013,ENT001,PROGRAMA NACIONAL CONTRA LA VIOLENCIA FAMILIAR Y SEXUAL,LIN003,ATENCIï¿½N INTEGRAL Y MULTIDISCIPLINARIA PARA AGRESORES SENTENCIADOS POR LOS JUZGADOS DE FAMILIA,SER002,CENTRO DE ATENCIï¿½N INSTITUCIONAL,150143,LIMA METROPOLITANA,LIMA,VILLA MARIA DEL TRIUNFO,CAI001,C.A.I. VILLA MARIA DEL TRIUNFO,1,66.0,60_A MORE_MEN,12.0
1,2013,ENE - DIC,05/01/2014,ENT001,PROGRAMA NACIONAL CONTRA LA VIOLENCIA FAMILIAR Y SEXUAL,LIN003,ATENCIï¿½N INTEGRAL Y MULTIDISCIPLINARIA PARA AGRESORES SENTENCIADOS POR LOS JUZGADOS DE FAMILIA,SER002,CENTRO DE ATENCIï¿½N INSTITUCIONAL,150105,LIMA METROPOLITANA,LIMA,BREï¿½A,CAI001,C.A.I. BREï¿½A,1,111.0,60_A MORE_MEN,13.0
2,2014,ENE - DIC,10/01/2015,ENT001,PROGRAMA NACIONAL CONTRA LA VIOLENCIA FAMILIAR Y SEXUAL,LIN003,ATENCIï¿½N INTEGRAL Y MULTIDISCIPLINARIA PARA AGRESORES SENTENCIADOS POR LOS JUZGADOS DE FAMILIA,SER002,CENTRO DE ATENCIï¿½N INSTITUCIONAL,150105,LIMA METROPOLITANA,LIMA,BREï¿½A,CAI001,C.A.I. BREï¿½A,1,166.0,60_A MORE_MEN,21.0
3,2015,ENE - DIC,11/01/2016,ENT001,PROGRAMA NACIONAL CONTRA LA VIOLENCIA FAMILIAR Y SEXUAL,LIN003,ATENCIï¿½N INTEGRAL Y MULTIDISCIPLINARIA PARA AGRESORES SENTENCIADOS POR LOS JUZGADOS DE FAMILIA,SER002,CENTRO DE ATENCIï¿½N INSTITUCIONAL,150105,LIMA METROPOLITANA,LIMA,BREï¿½A,CAI001,C.A.I. BREï¿½A,1,423.0,60_A MORE_MEN,31.0
4,2016,ENE - DIC,13/12/2016,ENT001,PROGRAMA NACIONAL CONTRA LA VIOLENCIA FAMILIAR Y SEXUAL,LIN003,ATENCIï¿½N INTEGRAL Y MULTIDISCIPLINARIA PARA AGRESORES SENTENCIADOS POR LOS JUZGADOS DE FAMILIA,SER002,CENTRO DE ATENCIï¿½N INSTITUCIONAL,150105,LIMA METROPOLITANA,LIMA,BREï¿½A,CAI001,C.A.I. BREï¿½A,1,737.0,60_A MORE_MEN,48.0
5,2017,ENE - DIC,16/01/2018,ENT001,PROGRAMA NACIONAL CONTRA LA VIOLENCIA FAMILIAR Y SEXUAL,LIN003,ATENCIï¿½N INTEGRAL Y MULTIDISCIPLINARIA PARA AGRESORES SENTENCIADOS POR LOS JUZGADOS DE FAMILIA,SER002,CENTRO DE ATENCIï¿½N INSTITUCIONAL,150105,LIMA METROPOLITANA,LIMA,BREï¿½A,CAI001,C.A.I. BREï¿½A,1,736.0,60_A MORE_MEN,50.0
6,2018,ENE - DIC,31/12/2018,ENT001,PROGRAMA NACIONAL CONTRA LA VIOLENCIA FAMILIAR Y SEXUAL,LIN003,ATENCIï¿½N INTEGRAL Y MULTIDISCIPLINARIA PARA AGRESORES SENTENCIADOS POR LOS JUZGADOS DE FAMILIA,SER002,CENTRO DE ATENCIï¿½N INSTITUCIONAL,150105,LIMA METROPOLITANA,LIMA,BREï¿½A,CAI001,C.A.I. BREï¿½A,1,975.0,60_A MORE_MEN,69.0
7,2019,ENE - DIC,14/01/2020,ENT001,PROGRAMA NACIONAL CONTRA LA VIOLENCIA FAMILIAR Y SEXUAL,LIN001,ATENCIï¿½N INTEGRAL Y MULTIDISCIPLINARIA PARA AGRESORES SENTENCIADOS POR LOS JUZGADOS DE FAMILIA,SER002,CENTRO DE ATENCION INSTITUCIONAL,150105,LIMA METROPOLITANA,LIMA,BREï¿½A,CAI001,BREï¿½A,1,0.0,60_A MORE_MEN,98.0
8,2020,ENE - DIC,15/01/2021,ENT001,PROGRAMA NACIONAL PARA LA PREVENCIï¿½N Y ERRADICACIï¿½N DE LA VIOLENCIA CONTRA LAS MUJERES E INTEGRANTES DEL GRUPO FAMILIAR ï¿½ AURORA,LIN001,ATENCIï¿½N INTEGRAL Y MULTIDISCIPLINARIA PARA AGRESORES SENTENCIADOS POR LOS JUZGADOS DE FAMILIA,SER002,CENTRO DE ATENCION INSTITUCIONAL,150105,LIMA METROPOLITANA,LIMA,BREï¿½A,CAI001,BREï¿½A,1,775.0,60_A MORE_MEN,30.0
9,2021,ENE - DIC,15/01/2022,ENT001,PROGRAMA NACIONAL CONTRA LA VIOLENCIA FAMILIAR Y SEXUAL,LIN001,ATENCIï¿½N INTEGRAL Y MULTIDISCIPLINARIA PARA AGRESORES SENTENCIADOS POR LOS JUZGADOS DE FAMILIA,SER002,CENTRO DE ATENCION INSTITUCIONAL,150105,LIMA METROPOLITANA,LIMA,BREï¿½A,CAI001,BREï¿½A,1,976.0,60_A MORE_MEN,33.0
10,2022,ENE - DIC,15/01/2023,ENT001,PROGRAMA NACIONAL CONTRA LA VIOLENCIA FAMILIAR Y SEXUAL,LIN001,ATENCIï¿½N INTEGRAL Y MULTIDISCIPLINARIA PARA AGRESORES SENTENCIADOS POR LOS JUZGADOS DE FAMILIA,SER002,CENTRO DE ATENCION INSTITUCIONAL,150105,LIMA METROPOLITANA,LIMA,BREï¿½A,CAI001,BREï¿½A,1,835.0,60_A MORE_MEN,53.0
11,2022,ENE - DIC,15/01/2023,ENT001,PROGRAMA NACIONAL CONTRA LA VIOLENCIA FAMILIAR Y SEXUAL,LIN001,ATENCIï¿½N INTEGRAL Y MULTIDISCIPLINARIA PARA AGRESORES SENTENCIADOS POR LOS JUZGADOS DE FAMILIA,SER002,CENTRO DE ATENCION INSTITUCIONAL,150111,LIMA,LIMA,EL AGUSTINO,CAI005,LIMA,1,432.0,60_A MORE_MEN,22.0
12,2023,ENE - JUL,15/08/2023,ENT001,PROGRAMA NACIONAL CONTRA LA VIOLENCIA FAMILIAR Y SEXUAL,LIN001,ATENCIï¿½N INTEGRAL Y MULTIDISCIPLINARIA PARA AGRESORES SENTENCIADOS POR LOS JUZGADOS DE FAMILIA,SER002,CENTRO DE ATENCION INSTITUCIONAL,150105,LIMA METROPOLITANA,LIMA,BREï¿½A,CAI001,BREï¿½A,1,420.0,60_A MORE_MEN,22.0
13,2023,ENE - JUL,15/08/2023,ENT001,PROGRAMA NACIONAL CONTRA LA VIOLENCIA FAMILIAR Y SEXUAL,LIN001,ATENCIï¿½N INTEGRAL Y MULTIDISCIPLINARIA PARA AGRESORES SENTENCIADOS POR LOS JUZGADOS DE FAMILIA,SER002,CENTRO DE ATENCION INSTITUCIONAL,150111,LIMA,LIMA,EL AGUSTINO,CAI005,LIMA,1,473.0,60_A MORE_MEN,31.0
