,YEAR,PERIOD,SEND DATE,ENTITY CODE,ENTITY,LINE CODE,INTERVENTION LINE,SERVICE CODE,SERVICE NAME,UBIGEO,DEPARTMENT,PROVINCE,DISTRICT,CENTER_CODE,CARE CENTER NAME,Total_number of cases,NO CASES - RELATIONAL BOND - COUPLE,NO CASES - RELATIONAL LINK - EX PARTNER,NO CASES - RELATIONAL BOND - FAMILY,NO CASES - RELATIONAL LINK - KNOWN,NO CASES - RELATIONAL LINK - UNKNOWN,NO CASES - RELATIONAL LINK - OTHERS,NO CASES OF ATTEMPTED FEMICIDE - 0_5 - WOMEN,NO CASES OF ATTEMPTED FEMICIDE - 6_11 - WOMEN,NO CASES OF ATTEMPTED FEMICIDE - 12_17 - WOMEN,NO CASES OF ATTEMPTED FEMICIDE - 18_29 - WOMEN,NO CASES OF ATTEMPTED FEMICIDE - 30_59 - WOMEN,NO CASES OF ATTEMPTED FEMICIDE - 60 _MORE - WOMEN
14,2012,ENE - DIC,05/01/2014,ENT001,PROGRAMA NACIONAL CONTRA LA VIOLENCIA FAMILIAR Y SEXUAL,LIN001,ATENCIï¿½N INTEGRAL Y MULTIDISCIPLINARIA PARA VICTIMAS DE VIOLENCIA,SER006,REGISTRO DE TENTATIVA DE FEMINICIDIO,15.0,LIMA DEPARTAMENTO,,,,,24,0.0,0.0,0.0,0.0,0.0,0.0,0.0,0.0,0.0,0.0,0.0,0.0
39,2013,ENE - DIC,05/01/2014,ENT001,PROGRAMA NACIONAL CONTRA LA VIOLENCIA FAMILIAR Y SEXUAL,LIN001,ATENCIï¿½N INTEGRAL Y MULTIDISCIPLINARIA PARA VICTIMAS DE VIOLENCIA,SER006,REGISTRO DE TENTATIVA DE FEMINICIDIO,15.0,LIMA DEPARTAMENTO,,,,,57,0.0,0.0,0.0,0.0,0.0,0.0,0.0,0.0,0.0,0.0,0.0,0.0
64,2014,ENE - DIC,10/01/2015,ENT001,PROGRAMA NACIONAL CONTRA LA VIOLENCIA FAMILIAR Y SEXUAL,LIN001,ATENCIï¿½N INTEGRAL Y MULTIDISCIPLINARIA PARA VICTIMAS DE VIOLENCIA,SER006,REGISTRO DE TENTATIVA DE FEMINICIDIO,15.0,LIMA DEPARTAMENTO,,,,,62,0.0,0.0,0.0,0.0,0.0,0.0,0.0,0.0,0.0,0.0,0.0,0.0
89,2015,ENE - DIC,11/01/2016,ENT001,PROGRAMA NACIONAL CONTRA LA VIOLENCIA FAMILIAR Y SEXUAL,LIN001,ATENCIï¿½N INTEGRAL Y MULTIDISCIPLINARIA PARA VICTIMAS DE VIOLENCIA,SER006,REGISTRO DE TENTATIVA DE FEMINICIDIO,15.0,LIMA DEPARTAMENTO,,,,,37,0.0,0.0,0.0,0.0,0.0,0.0,0.0,0.0,0.0,0.0,0.0,0.0
106,2016,ENE - DIC,13/01/2017,ENT001,PROGRAMA NACIONAL CONTRA LA VIOLENCIA FAMILIAR Y SEXUAL,LIN001,ATENCIï¿½N INTEGRAL Y MULTIDISCIPLINARIA PARA VICTIMAS DE VIOLENCIA,SER006,REGISTRO DE TENTATIVA DE FEMINICIDIO,150507.0,LIMA PROVINCIAS,CAï¿½ETE,IMPERIAL,CEM013,IMPERIAL,2,0.0,2.0,0.0,0.0,0.0,0.0,0.0,0.0,0.0,0.0,0.0,0.0
107,2016,ENE - DIC,13/01/2017,ENT001,PROGRAMA NACIONAL CONTRA LA VIOLENCIA FAMILIAR Y SEXUAL,LIN001,ATENCIï¿½N INTEGRAL Y MULTIDISCIPLINARIA PARA VICTIMAS DE VIOLENCIA,SER006,REGISTRO DE TENTATIVA DE FEMINICIDIO,150106.0,LIMA METROPOLITANA,LIMA,CARABAYLLO,CEM014,CARABAYLLO,3,0.0,1.0,1.0,0.0,0.0,1.0,0.0,0.0,0.0,0.0,0.0,0.0
114,2016,ENE - DIC,13/01/2017,ENT001,PROGRAMA NACIONAL CONTRA LA VIOLENCIA FAMILIAR Y SEXUAL,LIN001,ATENCIï¿½N INTEGRAL Y MULTIDISCIPLINARIA PARA VICTIMAS DE VIOLENCIA,SER006,REGISTRO DE TENTATIVA DE FEMINICIDIO,150111.0,LIMA METROPOLITANA,LIMA,EL AGUSTINO,CEM032,EL AGUSTINO,9,4.0,2.0,0.0,0.0,1.0,2.0,0.0,0.0,0.0,0.0,0.0,0.0
119,2016,ENE - DIC,13/01/2017,ENT001,PROGRAMA NACIONAL CONTRA LA VIOLENCIA FAMILIAR Y SEXUAL,LIN001,ATENCIï¿½N INTEGRAL Y MULTIDISCIPLINARIA PARA VICTIMAS DE VIOLENCIA,SER006,REGISTRO DE TENTATIVA DE FEMINICIDIO,150103.0,LIMA METROPOLITANA,LIMA,ATE,CEM045,HUAYCAN,5,3.0,2.0,0.0,0.0,0.0,0.0,0.0,0.0,0.0,0.0,0.0,0.0
122,2016,ENE - DIC,13/01/2017,ENT001,PROGRAMA NACIONAL CONTRA LA VIOLENCIA FAMILIAR Y SEXUAL,LIN001,ATENCIï¿½N INTEGRAL Y MULTIDISCIPLINARIA PARA VICTIMAS DE VIOLENCIA,SER006,REGISTRO DE TENTATIVA DE FEMINICIDIO,150112.0,LIMA METROPOLITANA,LIMA,INDEPENDENCIA,CEM050,INDEPENDENCIA,1,0.0,0.0,0.0,0.0,0.0,1.0,0.0,0.0,0.0,0.0,0.0,0.0
127,2016,ENE - DIC,13/01/2017,ENT001,PROGRAMA NACIONAL CONTRA LA VIOLENCIA FAMILIAR Y SEXUAL,LIN001,ATENCIï¿½N INTEGRAL Y MULTIDISCIPLINARIA PARA VICTIMAS DE VIOLENCIA,SER006,REGISTRO DE TENTATIVA DE FEMINICIDIO,150134.0,LIMA METROPOLITANA,LIMA,SAN LUIS,CEM058,SAN LUIS,1,0.0,1.0,0.0,0.0,0.0,0.0,0.0,0.0,0.0,0.0,0.0,0.0
128,2016,ENE - DIC,13/01/2017,ENT001,PROGRAMA NACIONAL CONTRA LA VIOLENCIA FAMILIAR Y SEXUAL,LIN001,ATENCIï¿½N INTEGRAL Y MULTIDISCIPLINARIA PARA VICTIMAS DE VIOLENCIA,SER006,REGISTRO DE TENTATIVA DE FEMINICIDIO,150101.0,LIMA METROPOLITANA,LIMA,LIMA,CEM060,LIMA,2,0.0,2.0,0.0,0.0,0.0,0.0,0.0,0.0,0.0,0.0,0.0,0.0
129,2016,ENE - DIC,13/01/2017,ENT001,PROGRAMA NACIONAL CONTRA LA VIOLENCIA FAMILIAR Y SEXUAL,LIN001,ATENCIï¿½N INTEGRAL Y MULTIDISCIPLINARIA PARA VICTIMAS DE VIOLENCIA,SER006,REGISTRO DE TENTATIVA DE FEMINICIDIO,150117.0,LIMA METROPOLITANA,LIMA,LOS OLIVOS,CEM061,LOS OLIVOS,3,2.0,1.0,0.0,0.0,0.0,0.0,0.0,0.0,0.0,0.0,0.0,0.0
131,2016,ENE - DIC,13/01/2017,ENT001,PROGRAMA NACIONAL CONTRA LA VIOLENCIA FAMILIAR Y SEXUAL,LIN001,ATENCIï¿½N INTEGRAL Y MULTIDISCIPLINARIA PARA VICTIMAS DE VIOLENCIA,SER006,REGISTRO DE TENTATIVA DE FEMINICIDIO,150123.0,LIMA METROPOLITANA,LIMA,PACHACï¿½MAC,CEM064,MANCHAY,2,1.0,1.0,0.0,0.0,0.0,0.0,0.0,0.0,0.0,0.0,0.0,0.0
139,2016,ENE - DIC,13/01/2017,ENT001,PROGRAMA NACIONAL CONTRA LA VIOLENCIA FAMILIAR Y SEXUAL,LIN001,ATENCIï¿½N INTEGRAL Y MULTIDISCIPLINARIA PARA VICTIMAS DE VIOLENCIA,SER006,REGISTRO DE TENTATIVA DE FEMINICIDIO,150133.0,LIMA METROPOLITANA,LIMA,SAN JUAN DE MIRAFLORES,CEM076,SAN JUAN DE MIRAFLORES,4,1.0,3.0,0.0,0.0,0.0,0.0,0.0,0.0,0.0,0.0,0.0,0.0
145,2016,ENE - DIC,13/01/2017,ENT001,PROGRAMA NACIONAL CONTRA LA VIOLENCIA FAMILIAR Y SEXUAL,LIN001,ATENCIï¿½N INTEGRAL Y MULTIDISCIPLINARIA PARA VICTIMAS DE VIOLENCIA,SER006,REGISTRO DE TENTATIVA DE FEMINICIDIO,150132.0,LIMA METROPOLITANA,LIMA,SAN JUAN DE LURIGANCHO,CEM088,SAN JUAN DE LURIGANCHO,1,1.0,0.0,0.0,0.0,0.0,0.0,0.0,0.0,0.0,0.0,0.0,0.0
146,2016,ENE - DIC,13/01/2017,ENT001,PROGRAMA NACIONAL CONTRA LA VIOLENCIA FAMILIAR Y SEXUAL,LIN001,ATENCIï¿½N INTEGRAL Y MULTIDISCIPLINARIA PARA VICTIMAS DE VIOLENCIA,SER006,REGISTRO DE TENTATIVA DE FEMINICIDIO,150135.0,LIMA METROPOLITANA,LIMA,SAN MARTï¿½N DE PORRES,CEM089,SAN MARTIN DE PORRES,2,1.0,0.0,0.0,0.0,0.0,1.0,0.0,0.0,0.0,0.0,0.0,0.0
148,2016,ENE - DIC,13/01/2017,ENT001,PROGRAMA NACIONAL CONTRA LA VIOLENCIA FAMILIAR Y SEXUAL,LIN001,ATENCIï¿½N INTEGRAL Y MULTIDISCIPLINARIA PARA VICTIMAS DE VIOLENCIA,SER006,REGISTRO DE TENTATIVA DE FEMINICIDIO,150140.0,LIMA METROPOLITANA,LIMA,SANTIAGO DE SURCO,CEM096,SURCO,3,2.0,0.0,1.0,0.0,0.0,0.0,0.0,0.0,0.0,0.0,0.0,0.0
157,2016,ENE - DIC,13/01/2017,ENT001,PROGRAMA NACIONAL CONTRA LA VIOLENCIA FAMILIAR Y SEXUAL,LIN001,ATENCIï¿½N INTEGRAL Y MULTIDISCIPLINARIA PARA VICTIMAS DE VIOLENCIA,SER006,REGISTRO DE TENTATIVA DE FEMINICIDIO,150142.0,LIMA METROPOLITANA,LIMA,VILLA EL SALVADOR,CEM109,VILLA EL SALVADOR,8,4.0,3.0,1.0,0.0,0.0,0.0,0.0,0.0,0.0,0.0,0.0,0.0
158,2016,ENE - DIC,13/01/2017,ENT001,PROGRAMA NACIONAL CONTRA LA VIOLENCIA FAMILIAR Y SEXUAL,LIN001,ATENCIï¿½N INTEGRAL Y MULTIDISCIPLINARIA PARA VICTIMAS DE VIOLENCIA,SER006,REGISTRO DE TENTATIVA DE FEMINICIDIO,150143.0,LIMA METROPOLITANA,LIMA,VILLA MARï¿½A DEL TRIUNFO,CEM110,VILLA MARIA DEL TRIUNFO,9,2.0,7.0,0.0,0.0,0.0,0.0,0.0,0.0,0.0,0.0,0.0,0.0
163,2016,ENE - DIC,13/01/2017,ENT001,PROGRAMA NACIONAL CONTRA LA VIOLENCIA FAMILIAR Y SEXUAL,LIN001,ATENCIï¿½N INTEGRAL Y MULTIDISCIPLINARIA PARA VICTIMAS DE VIOLENCIA,SER006,REGISTRO DE TENTATIVA DE FEMINICIDIO,150125.0,LIMA METROPOLITANA,LIMA,PUENTE PIEDRA,CEM122,PUENTE PIEDRA,4,1.0,1.0,1.0,0.0,0.0,1.0,0.0,0.0,0.0,0.0,0.0,0.0
164,2016,ENE - DIC,13/01/2017,ENT001,PROGRAMA NACIONAL CONTRA LA VIOLENCIA FAMILIAR Y SEXUAL,LIN001,ATENCIï¿½N INTEGRAL Y MULTIDISCIPLINARIA PARA VICTIMAS DE VIOLENCIA,SER006,REGISTRO DE TENTATIVA DE FEMINICIDIO,150601.0,LIMA PROVINCIAS,HUARAL,HUARAL,CEM124,HUARAL,1,1.0,0.0,0.0,0.0,0.0,0.0,0.0,0.0,0.0,0.0,0.0,0.0
177,2016,ENE - DIC,13/01/2017,ENT001,PROGRAMA NACIONAL CONTRA LA VIOLENCIA FAMILIAR Y SEXUAL,LIN001,ATENCIï¿½N INTEGRAL Y MULTIDISCIPLINARIA PARA VICTIMAS DE VIOLENCIA,SER006,REGISTRO DE TENTATIVA DE FEMINICIDIO,150128.0,LIMA METROPOLITANA,LIMA,Rï¿½MAC,CEM145,RIMAC,2,0.0,2.0,0.0,0.0,0.0,0.0,0.0,0.0,0.0,0.0,0.0,0.0
181,2016,ENE - DIC,13/01/2017,ENT001,PROGRAMA NACIONAL CONTRA LA VIOLENCIA FAMILIAR Y SEXUAL,LIN001,ATENCIï¿½N INTEGRAL Y MULTIDISCIPLINARIA PARA VICTIMAS DE VIOLENCIA,SER006,REGISTRO DE TENTATIVA DE FEMINICIDIO,150201.0,LIMA PROVINCIAS,BARRANCA,BARRANCA,CEM155,BARRANCA,1,1.0,0.0,0.0,0.0,0.0,0.0,0.0,0.0,0.0,0.0,0.0,0.0
199,2016,ENE - DIC,13/01/2017,ENT001,PROGRAMA NACIONAL CONTRA LA VIOLENCIA FAMILIAR Y SEXUAL,LIN001,ATENCIï¿½N INTEGRAL Y MULTIDISCIPLINARIA PARA VICTIMAS DE VIOLENCIA,SER006,REGISTRO DE TENTATIVA DE FEMINICIDIO,150139.0,LIMA METROPOLITANA,LIMA,SANTA ROSA,CEM210,SANTA ROSA,1,0.0,1.0,0.0,0.0,0.0,0.0,0.0,0.0,0.0,0.0,0.0,0.0
203,2016,ENE - DIC,13/01/2017,ENT001,PROGRAMA NACIONAL CONTRA LA VIOLENCIA FAMILIAR Y SEXUAL,LIN001,ATENCIï¿½N INTEGRAL Y MULTIDISCIPLINARIA PARA VICTIMAS DE VIOLENCIA,SER006,REGISTRO DE TENTATIVA DE FEMINICIDIO,150109.0,LIMA METROPOLITANA,LIMA,CIENEGUILLA,CEM224,CIENEGUILLA,1,0.0,0.0,1.0,0.0,0.0,0.0,0.0,0.0,0.0,0.0,0.0,0.0
209,2016,ENE - DIC,13/01/2017,ENT001,PROGRAMA NACIONAL CONTRA LA VIOLENCIA FAMILIAR Y SEXUAL,LIN001,ATENCIï¿½N INTEGRAL Y MULTIDISCIPLINARIA PARA VICTIMAS DE VIOLENCIA,SER006,REGISTRO DE TENTATIVA DE FEMINICIDIO,150132.0,LIMA METROPOLITANA,LIMA,SAN JUAN DE LURIGANCHO,CEM236,ZARATE,1,0.0,0.0,0.0,0.0,0.0,1.0,0.0,0.0,0.0,0.0,0.0,0.0
212,2016,ENE - DIC,13/01/2017,ENT001,PROGRAMA NACIONAL CONTRA LA VIOLENCIA FAMILIAR Y SEXUAL,LIN001,ATENCIï¿½N INTEGRAL Y MULTIDISCIPLINARIA PARA VICTIMAS DE VIOLENCIA,SER006,REGISTRO DE TENTATIVA DE FEMINICIDIO,150115.0,LIMA METROPOLITANA,LIMA,LA Vï¿½CTORIA,CEM241,LA Vï¿½CTORIA,7,5.0,2.0,0.0,0.0,0.0,0.0,0.0,0.0,0.0,0.0,0.0,0.0
213,2016,ENE - DIC,13/01/2017,ENT001,PROGRAMA NACIONAL CONTRA LA VIOLENCIA FAMILIAR Y SEXUAL,LIN001,ATENCIï¿½N INTEGRAL Y MULTIDISCIPLINARIA PARA VICTIMAS DE VIOLENCIA,SER006,REGISTRO DE TENTATIVA DE FEMINICIDIO,150136.0,LIMA METROPOLITANA,LIMA,SAN MIGUEL,CEM242,SAN MIGUEL - LIMA,1,0.0,1.0,0.0,0.0,0.0,0.0,0.0,0.0,0.0,0.0,0.0,0.0
224,2017,ENE - DIC,16/01/2018,ENT001,PROGRAMA NACIONAL CONTRA LA VIOLENCIA FAMILIAR Y SEXUAL,LIN001,ATENCIï¿½N INTEGRAL Y MULTIDISCIPLINARIA PARA VICTIMAS DE VIOLENCIA,SER006,REGISTRO DE TENTATIVA DE FEMINICIDIO,150507.0,LIMA PROVINCIAS,CAï¿½ETE,IMPERIAL,CEM013,IMPERIAL,1,1.0,0.0,0.0,0.0,0.0,0.0,0.0,0.0,0.0,0.0,1.0,0.0
225,2017,ENE - DIC,16/01/2018,ENT001,PROGRAMA NACIONAL CONTRA LA VIOLENCIA FAMILIAR Y SEXUAL,LIN001,ATENCIï¿½N INTEGRAL Y MULTIDISCIPLINARIA PARA VICTIMAS DE VIOLENCIA,SER006,REGISTRO DE TENTATIVA DE FEMINICIDIO,150106.0,LIMA METROPOLITANA,LIMA,CARABAYLLO,CEM014,CARABAYLLO,1,1.0,0.0,0.0,0.0,0.0,0.0,0.0,0.0,0.0,1.0,0.0,0.0
232,2017,ENE - DIC,16/01/2018,ENT001,PROGRAMA NACIONAL CONTRA LA VIOLENCIA FAMILIAR Y SEXUAL,LIN001,ATENCIï¿½N INTEGRAL Y MULTIDISCIPLINARIA PARA VICTIMAS DE VIOLENCIA,SER006,REGISTRO DE TENTATIVA DE FEMINICIDIO,150110.0,LIMA METROPOLITANA,LIMA,COMAS,CEM029,COMAS,1,0.0,1.0,0.0,0.0,0.0,0.0,0.0,0.0,0.0,0.0,1.0,0.0
234,2017,ENE - DIC,16/01/2018,ENT001,PROGRAMA NACIONAL CONTRA LA VIOLENCIA FAMILIAR Y SEXUAL,LIN001,ATENCIï¿½N INTEGRAL Y MULTIDISCIPLINARIA PARA VICTIMAS DE VIOLENCIA,SER006,REGISTRO DE TENTATIVA DE FEMINICIDIO,150111.0,LIMA METROPOLITANA,LIMA,EL AGUSTINO,CEM032,EL AGUSTINO,4,3.0,1.0,0.0,0.0,0.0,0.0,0.0,1.0,0.0,3.0,0.0,0.0
240,2017,ENE - DIC,16/01/2018,ENT001,PROGRAMA NACIONAL CONTRA LA VIOLENCIA FAMILIAR Y SEXUAL,LIN001,ATENCIï¿½N INTEGRAL Y MULTIDISCIPLINARIA PARA VICTIMAS DE VIOLENCIA,SER006,REGISTRO DE TENTATIVA DE FEMINICIDIO,150112.0,LIMA METROPOLITANA,LIMA,INDEPENDENCIA,CEM050,INDEPENDENCIA,1,0.0,1.0,0.0,0.0,0.0,0.0,0.0,0.0,0.0,1.0,0.0,0.0
246,2017,ENE - DIC,16/01/2018,ENT001,PROGRAMA NACIONAL CONTRA LA VIOLENCIA FAMILIAR Y SEXUAL,LIN001,ATENCIï¿½N INTEGRAL Y MULTIDISCIPLINARIA PARA VICTIMAS DE VIOLENCIA,SER006,REGISTRO DE TENTATIVA DE FEMINICIDIO,150134.0,LIMA METROPOLITANA,LIMA,SAN LUIS,CEM058,SAN LUIS,1,0.0,0.0,0.0,0.0,0.0,1.0,0.0,0.0,0.0,0.0,1.0,0.0
254,2017,ENE - DIC,16/01/2018,ENT001,PROGRAMA NACIONAL CONTRA LA VIOLENCIA FAMILIAR Y SEXUAL,LIN001,ATENCIï¿½N INTEGRAL Y MULTIDISCIPLINARIA PARA VICTIMAS DE VIOLENCIA,SER006,REGISTRO DE TENTATIVA DE FEMINICIDIO,150133.0,LIMA METROPOLITANA,LIMA,SAN JUAN DE MIRAFLORES,CEM076,SAN JUAN DE MIRAFLORES,1,1.0,0.0,0.0,0.0,0.0,0.0,0.0,0.0,0.0,1.0,0.0,0.0
257,2017,ENE - DIC,16/01/2018,ENT001,PROGRAMA NACIONAL CONTRA LA VIOLENCIA FAMILIAR Y SEXUAL,LIN001,ATENCIï¿½N INTEGRAL Y MULTIDISCIPLINARIA PARA VICTIMAS DE VIOLENCIA,SER006,REGISTRO DE TENTATIVA DE FEMINICIDIO,150114.0,LIMA METROPOLITANA,LIMA,LA MOLINA,CEM087,LA MOLINA,2,2.0,0.0,0.0,0.0,0.0,0.0,0.0,0.0,0.0,1.0,0.0,1.0
258,2017,ENE - DIC,16/01/2018,ENT001,PROGRAMA NACIONAL CONTRA LA VIOLENCIA FAMILIAR Y SEXUAL,LIN001,ATENCIï¿½N INTEGRAL Y MULTIDISCIPLINARIA PARA VICTIMAS DE VIOLENCIA,SER006,REGISTRO DE TENTATIVA DE FEMINICIDIO,150132.0,LIMA METROPOLITANA,LIMA,SAN JUAN DE LURIGANCHO,CEM088,SAN JUAN DE LURIGANCHO,3,0.0,3.0,0.0,0.0,0.0,0.0,0.0,0.0,0.0,2.0,1.0,0.0
259,2017,ENE - DIC,16/01/2018,ENT001,PROGRAMA NACIONAL CONTRA LA VIOLENCIA FAMILIAR Y SEXUAL,LIN001,ATENCIï¿½N INTEGRAL Y MULTIDISCIPLINARIA PARA VICTIMAS DE VIOLENCIA,SER006,REGISTRO DE TENTATIVA DE FEMINICIDIO,150140.0,LIMA METROPOLITANA,LIMA,SANTIAGO DE SURCO,CEM096,SURCO,1,1.0,0.0,0.0,0.0,0.0,0.0,0.0,0.0,0.0,1.0,0.0,0.0
260,2017,ENE - DIC,16/01/2018,ENT001,PROGRAMA NACIONAL CONTRA LA VIOLENCIA FAMILIAR Y SEXUAL,LIN001,ATENCIï¿½N INTEGRAL Y MULTIDISCIPLINARIA PARA VICTIMAS DE VIOLENCIA,SER006,REGISTRO DE TENTATIVA DE FEMINICIDIO,150141.0,LIMA METROPOLITANA,LIMA,SURQUILLO,CEM097,SURQUILLO,1,1.0,0.0,0.0,0.0,0.0,0.0,0.0,0.0,0.0,0.0,1.0,0.0
266,2017,ENE - DIC,16/01/2018,ENT001,PROGRAMA NACIONAL CONTRA LA VIOLENCIA FAMILIAR Y SEXUAL,LIN001,ATENCIï¿½N INTEGRAL Y MULTIDISCIPLINARIA PARA VICTIMAS DE VIOLENCIA,SER006,REGISTRO DE TENTATIVA DE FEMINICIDIO,150142.0,LIMA METROPOLITANA,LIMA,VILLA EL SALVADOR,CEM109,VILLA EL SALVADOR,5,3.0,1.0,0.0,0.0,0.0,1.0,0.0,0.0,1.0,1.0,3.0,0.0
267,2017,ENE - DIC,16/01/2018,ENT001,PROGRAMA NACIONAL CONTRA LA VIOLENCIA FAMILIAR Y SEXUAL,LIN001,ATENCIï¿½N INTEGRAL Y MULTIDISCIPLINARIA PARA VICTIMAS DE VIOLENCIA,SER006,REGISTRO DE TENTATIVA DE FEMINICIDIO,150143.0,LIMA METROPOLITANA,LIMA,VILLA MARIA DEL TRIUNFO,CEM110,VILLA MARIA DEL TRIUNFO,2,1.0,1.0,0.0,0.0,0.0,0.0,0.0,0.0,0.0,1.0,1.0,0.0
271,2017,ENE - DIC,16/01/2018,ENT001,PROGRAMA NACIONAL CONTRA LA VIOLENCIA FAMILIAR Y SEXUAL,LIN001,ATENCIï¿½N INTEGRAL Y MULTIDISCIPLINARIA PARA VICTIMAS DE VIOLENCIA,SER006,REGISTRO DE TENTATIVA DE FEMINICIDIO,150125.0,LIMA METROPOLITANA,LIMA,PUENTE PIEDRA,CEM122,PUENTE PIEDRA,1,0.0,1.0,0.0,0.0,0.0,0.0,0.0,0.0,0.0,1.0,0.0,0.0
273,2017,ENE - DIC,16/01/2018,ENT001,PROGRAMA NACIONAL CONTRA LA VIOLENCIA FAMILIAR Y SEXUAL,LIN001,ATENCIï¿½N INTEGRAL Y MULTIDISCIPLINARIA PARA VICTIMAS DE VIOLENCIA,SER006,REGISTRO DE TENTATIVA DE FEMINICIDIO,150601.0,LIMA PROVINCIAS,HUARAL,HUARAL,CEM124,HUARAL,1,0.0,1.0,0.0,0.0,0.0,0.0,0.0,0.0,0.0,1.0,0.0,0.0
281,2017,ENE - DIC,16/01/2018,ENT001,PROGRAMA NACIONAL CONTRA LA VIOLENCIA FAMILIAR Y SEXUAL,LIN001,ATENCIï¿½N INTEGRAL Y MULTIDISCIPLINARIA PARA VICTIMAS DE VIOLENCIA,SER006,REGISTRO DE TENTATIVA DE FEMINICIDIO,150128.0,LIMA METROPOLITANA,LIMA,Rï¿½MAC,CEM145,RIMAC,1,1.0,0.0,0.0,0.0,0.0,0.0,0.0,0.0,0.0,0.0,0.0,1.0
289,2017,ENE - DIC,16/01/2018,ENT001,PROGRAMA NACIONAL CONTRA LA VIOLENCIA FAMILIAR Y SEXUAL,LIN001,ATENCIï¿½N INTEGRAL Y MULTIDISCIPLINARIA PARA VICTIMAS DE VIOLENCIA,SER006,REGISTRO DE TENTATIVA DE FEMINICIDIO,150139.0,LIMA METROPOLITANA,LIMA,SANTA ROSA,CEM210,SANTA ROSA,1,0.0,1.0,0.0,0.0,0.0,0.0,0.0,0.0,0.0,0.0,1.0,0.0
293,2017,ENE - DIC,16/01/2018,ENT001,PROGRAMA NACIONAL CONTRA LA VIOLENCIA FAMILIAR Y SEXUAL,LIN001,ATENCIï¿½N INTEGRAL Y MULTIDISCIPLINARIA PARA VICTIMAS DE VIOLENCIA,SER006,REGISTRO DE TENTATIVA DE FEMINICIDIO,150118.0,LIMA METROPOLITANA,LIMA,LURIGANCHO,CEM223,CHOSICA,2,1.0,0.0,0.0,0.0,0.0,1.0,0.0,0.0,0.0,2.0,0.0,0.0
299,2017,ENE - DIC,16/01/2018,ENT001,PROGRAMA NACIONAL CONTRA LA VIOLENCIA FAMILIAR Y SEXUAL,LIN001,ATENCIï¿½N INTEGRAL Y MULTIDISCIPLINARIA PARA VICTIMAS DE VIOLENCIA,SER006,REGISTRO DE TENTATIVA DE FEMINICIDIO,150115.0,LIMA METROPOLITANA,LIMA,LA VICTORIA,CEM241,LA VICTORIA,2,2.0,0.0,0.0,0.0,0.0,0.0,0.0,0.0,0.0,2.0,0.0,0.0
301,2017,ENE - DIC,16/01/2018,ENT001,PROGRAMA NACIONAL CONTRA LA VIOLENCIA FAMILIAR Y SEXUAL,LIN001,ATENCIï¿½N INTEGRAL Y MULTIDISCIPLINARIA PARA VICTIMAS DE VIOLENCIA,SER006,REGISTRO DE TENTATIVA DE FEMINICIDIO,150108.0,LIMA METROPOLITANA,LIMA,CHORRILLOS,COM008,COMISARIA CHORRILLOS,1,1.0,0.0,0.0,0.0,0.0,0.0,0.0,0.0,0.0,0.0,1.0,0.0
306,2018,ENE - DIC,31/12/2018,ENT001,PROGRAMA NACIONAL CONTRA LA VIOLENCIA FAMILIAR Y SEXUAL,LIN001,ATENCIï¿½N INTEGRAL Y MULTIDISCIPLINARIA PARA VICTIMAS DE VIOLENCIA,SER005,REGISTRO DE FEMINICIDIO,150106.0,LIMA METROPOLITANA,LIMA,CARABAYLLO,CEM014,CARABAYLLO,1,1.0,0.0,0.0,0.0,0.0,0.0,0.0,0.0,0.0,1.0,0.0,0.0
315,2018,ENE - DIC,31/12/2018,ENT001,PROGRAMA NACIONAL CONTRA LA VIOLENCIA FAMILIAR Y SEXUAL,LIN001,ATENCIï¿½N INTEGRAL Y MULTIDISCIPLINARIA PARA VICTIMAS DE VIOLENCIA,SER005,REGISTRO DE FEMINICIDIO,150111.0,LIMA METROPOLITANA,LIMA,EL AGUSTINO,CEM032,EL AGUSTINO,2,2.0,0.0,0.0,0.0,0.0,0.0,0.0,0.0,0.0,0.0,2.0,0.0
316,2018,ENE - DIC,31/12/2018,ENT001,PROGRAMA NACIONAL CONTRA LA VIOLENCIA FAMILIAR Y SEXUAL,LIN001,ATENCIï¿½N INTEGRAL Y MULTIDISCIPLINARIA PARA VICTIMAS DE VIOLENCIA,SER005,REGISTRO DE FEMINICIDIO,150801.0,LIMA PROVINCIA,HUAURA,HUACHO,CEM035,HUACHO,1,0.0,1.0,0.0,0.0,0.0,0.0,0.0,0.0,0.0,1.0,0.0,0.0
321,2018,ENE - DIC,31/12/2018,ENT001,PROGRAMA NACIONAL CONTRA LA VIOLENCIA FAMILIAR Y SEXUAL,LIN001,ATENCIï¿½N INTEGRAL Y MULTIDISCIPLINARIA PARA VICTIMAS DE VIOLENCIA,SER005,REGISTRO DE FEMINICIDIO,150103.0,LIMA METROPOLITANA,LIMA,ATE,CEM045,HUAYCAN,2,0.0,2.0,0.0,0.0,0.0,0.0,0.0,0.0,0.0,1.0,1.0,0.0
326,2018,ENE - DIC,31/12/2018,ENT001,PROGRAMA NACIONAL CONTRA LA VIOLENCIA FAMILIAR Y SEXUAL,LIN001,ATENCIï¿½N INTEGRAL Y MULTIDISCIPLINARIA PARA VICTIMAS DE VIOLENCIA,SER005,REGISTRO DE FEMINICIDIO,150101.0,LIMA METROPOLITANA,LIMA,LIMA,CEM060,LIMA,2,1.0,0.0,0.0,0.0,1.0,0.0,0.0,0.0,0.0,0.0,2.0,0.0
327,2018,ENE - DIC,31/12/2018,ENT001,PROGRAMA NACIONAL CONTRA LA VIOLENCIA FAMILIAR Y SEXUAL,LIN001,ATENCIï¿½N INTEGRAL Y MULTIDISCIPLINARIA PARA VICTIMAS DE VIOLENCIA,SER005,REGISTRO DE FEMINICIDIO,150117.0,LIMA METROPOLITANA,LIMA,LOS OLIVOS,CEM061,LOS OLIVOS,1,1.0,0.0,0.0,0.0,0.0,0.0,0.0,0.0,0.0,0.0,1.0,0.0
330,2018,ENE - DIC,31/12/2018,ENT001,PROGRAMA NACIONAL CONTRA LA VIOLENCIA FAMILIAR Y SEXUAL,LIN001,ATENCIï¿½N INTEGRAL Y MULTIDISCIPLINARIA PARA VICTIMAS DE VIOLENCIA,SER005,REGISTRO DE FEMINICIDIO,150123.0,LIMA METROPOLITANA,LIMA,PACHACAMAC,CEM064,MANCHAY,1,0.0,1.0,0.0,0.0,0.0,0.0,0.0,0.0,0.0,1.0,0.0,0.0
333,2018,ENE - DIC,31/12/2018,ENT001,PROGRAMA NACIONAL CONTRA LA VIOLENCIA FAMILIAR Y SEXUAL,LIN001,ATENCIï¿½N INTEGRAL Y MULTIDISCIPLINARIA PARA VICTIMAS DE VIOLENCIA,SER005,REGISTRO DE FEMINICIDIO,150133.0,LIMA METROPOLITANA,LIMA,SAN JUAN DE MIRAFLORES,CEM076,SAN JUAN DE MIRAFLORES,1,1.0,0.0,0.0,0.0,0.0,0.0,0.0,0.0,0.0,1.0,0.0,0.0
341,2018,ENE - DIC,31/12/2018,ENT001,PROGRAMA NACIONAL CONTRA LA VIOLENCIA FAMILIAR Y SEXUAL,LIN001,ATENCIï¿½N INTEGRAL Y MULTIDISCIPLINARIA PARA VICTIMAS DE VIOLENCIA,SER005,REGISTRO DE FEMINICIDIO,150114.0,LIMA METROPOLITANA,LIMA,LA MOLINA,CEM087,LA MOLINA,1,0.0,1.0,0.0,0.0,0.0,0.0,0.0,0.0,0.0,0.0,1.0,0.0
342,2018,ENE - DIC,31/12/2018,ENT001,PROGRAMA NACIONAL CONTRA LA VIOLENCIA FAMILIAR Y SEXUAL,LIN001,ATENCIï¿½N INTEGRAL Y MULTIDISCIPLINARIA PARA VICTIMAS DE VIOLENCIA,SER005,REGISTRO DE FEMINICIDIO,150132.0,LIMA METROPOLITANA,LIMA,SAN JUAN DE LURIGANCHO,CEM088,SAN JUAN DE LURIGANCHO,1,0.0,0.0,0.0,0.0,0.0,1.0,0.0,0.0,0.0,0.0,1.0,0.0
343,2018,ENE - DIC,31/12/2018,ENT001,PROGRAMA NACIONAL CONTRA LA VIOLENCIA FAMILIAR Y SEXUAL,LIN001,ATENCIï¿½N INTEGRAL Y MULTIDISCIPLINARIA PARA VICTIMAS DE VIOLENCIA,SER005,REGISTRO DE FEMINICIDIO,150135.0,LIMA METROPOLITANA,LIMA,SAN MARTIN DE PORRES,CEM089,SAN MARTIN DE PORRES,1,0.0,1.0,0.0,0.0,0.0,0.0,0.0,0.0,0.0,0.0,1.0,0.0
345,2018,ENE - DIC,31/12/2018,ENT001,PROGRAMA NACIONAL CONTRA LA VIOLENCIA FAMILIAR Y SEXUAL,LIN001,ATENCIï¿½N INTEGRAL Y MULTIDISCIPLINARIA PARA VICTIMAS DE VIOLENCIA,SER005,REGISTRO DE FEMINICIDIO,150140.0,LIMA METROPOLITANA,LIMA,SANTIAGO DE SURCO,CEM096,SURCO,3,1.0,2.0,0.0,0.0,0.0,0.0,0.0,0.0,0.0,2.0,1.0,0.0
346,2018,ENE - DIC,31/12/2018,ENT001,PROGRAMA NACIONAL CONTRA LA VIOLENCIA FAMILIAR Y SEXUAL,LIN001,ATENCIï¿½N INTEGRAL Y MULTIDISCIPLINARIA PARA VICTIMAS DE VIOLENCIA,SER005,REGISTRO DE FEMINICIDIO,150141.0,LIMA METROPOLITANA,LIMA,SURQUILLO,CEM097,SURQUILLO,1,1.0,0.0,0.0,0.0,0.0,0.0,0.0,0.0,0.0,0.0,1.0,0.0
353,2018,ENE - DIC,31/12/2018,ENT001,PROGRAMA NACIONAL CONTRA LA VIOLENCIA FAMILIAR Y SEXUAL,LIN001,ATENCIï¿½N INTEGRAL Y MULTIDISCIPLINARIA PARA VICTIMAS DE VIOLENCIA,SER005,REGISTRO DE FEMINICIDIO,150142.0,LIMA METROPOLITANA,LIMA,VILLA EL SALVADOR,CEM109,VILLA EL SALVADOR,6,2.0,3.0,1.0,0.0,0.0,0.0,0.0,0.0,0.0,4.0,2.0,0.0
359,2018,ENE - DIC,31/12/2018,ENT001,PROGRAMA NACIONAL CONTRA LA VIOLENCIA FAMILIAR Y SEXUAL,LIN001,ATENCIï¿½N INTEGRAL Y MULTIDISCIPLINARIA PARA VICTIMAS DE VIOLENCIA,SER005,REGISTRO DE FEMINICIDIO,150125.0,LIMA METROPOLITANA,LIMA,PUENTE PIEDRA,CEM122,PUENTE PIEDRA,3,2.0,0.0,0.0,0.0,0.0,1.0,0.0,0.0,0.0,1.0,2.0,0.0
360,2018,ENE - DIC,31/12/2018,ENT001,PROGRAMA NACIONAL CONTRA LA VIOLENCIA FAMILIAR Y SEXUAL,LIN001,ATENCIï¿½N INTEGRAL Y MULTIDISCIPLINARIA PARA VICTIMAS DE VIOLENCIA,SER005,REGISTRO DE FEMINICIDIO,150601.0,LIMA PROVINCIA,HUARAL,HUARAL,CEM124,HUARAL,1,0.0,1.0,0.0,0.0,0.0,0.0,0.0,0.0,0.0,0.0,1.0,0.0
370,2018,ENE - DIC,31/12/2018,ENT001,PROGRAMA NACIONAL CONTRA LA VIOLENCIA FAMILIAR Y SEXUAL,LIN001,ATENCIï¿½N INTEGRAL Y MULTIDISCIPLINARIA PARA VICTIMAS DE VIOLENCIA,SER005,REGISTRO DE FEMINICIDIO,150128.0,LIMA METROPOLITANA,LIMA,RIMAC,CEM145,RIMAC,1,1.0,0.0,0.0,0.0,0.0,0.0,0.0,0.0,0.0,1.0,0.0,0.0
396,2018,ENE - DIC,31/12/2018,ENT001,PROGRAMA NACIONAL CONTRA LA VIOLENCIA FAMILIAR Y SEXUAL,LIN001,ATENCIï¿½N INTEGRAL Y MULTIDISCIPLINARIA PARA VICTIMAS DE VIOLENCIA,SER005,REGISTRO DE FEMINICIDIO,150115.0,LIMA METROPOLITANA,LIMA,LA VICTORIA,CEM241,LA VICTORIA,1,0.0,1.0,0.0,0.0,0.0,0.0,0.0,0.0,0.0,1.0,0.0,0.0
400,2018,ENE - DIC,31/12/2018,ENT001,PROGRAMA NACIONAL CONTRA LA VIOLENCIA FAMILIAR Y SEXUAL,LIN001,ATENCIï¿½N INTEGRAL Y MULTIDISCIPLINARIA PARA VICTIMAS DE VIOLENCIA,SER005,REGISTRO DE FEMINICIDIO,150143.0,LIMA METROPOLITANA,LIMA,VILLA MARIA DEL TRIUNFO,COM005,VILLA MARIA DEL TRIUNFO,3,1.0,2.0,0.0,0.0,0.0,0.0,0.0,0.0,0.0,1.0,2.0,0.0
402,2018,ENE - DIC,31/12/2018,ENT001,PROGRAMA NACIONAL CONTRA LA VIOLENCIA FAMILIAR Y SEXUAL,LIN001,ATENCIï¿½N INTEGRAL Y MULTIDISCIPLINARIA PARA VICTIMAS DE VIOLENCIA,SER005,REGISTRO DE FEMINICIDIO,150108.0,LIMA METROPOLITANA,LIMA,CHORRILLOS,COM008,CHORRILLOS,10,5.0,4.0,1.0,0.0,0.0,0.0,0.0,0.0,0.0,6.0,3.0,1.0
404,2018,ENE - DIC,31/12/2018,ENT001,PROGRAMA NACIONAL CONTRA LA VIOLENCIA FAMILIAR Y SEXUAL,LIN001,ATENCIï¿½N INTEGRAL Y MULTIDISCIPLINARIA PARA VICTIMAS DE VIOLENCIA,SER005,REGISTRO DE FEMINICIDIO,150140.0,LIMA METROPOLITANA,LIMA,SANTIAGO DE SURCO,COM010,SAGITARIO,3,3.0,0.0,0.0,0.0,0.0,0.0,0.0,0.0,0.0,3.0,0.0,0.0
405,2018,ENE - DIC,31/12/2018,ENT001,PROGRAMA NACIONAL CONTRA LA VIOLENCIA FAMILIAR Y SEXUAL,LIN001,ATENCIï¿½N INTEGRAL Y MULTIDISCIPLINARIA PARA VICTIMAS DE VIOLENCIA,SER005,REGISTRO DE FEMINICIDIO,150132.0,LIMA METROPOLITANA,LIMA,SAN JUAN DE LURIGANCHO,COM011,CANTO REY,1,0.0,1.0,0.0,0.0,0.0,0.0,0.0,0.0,0.0,1.0,0.0,0.0
409,2018,ENE - DIC,31/12/2018,ENT001,PROGRAMA NACIONAL CONTRA LA VIOLENCIA FAMILIAR Y SEXUAL,LIN001,ATENCIï¿½N INTEGRAL Y MULTIDISCIPLINARIA PARA VICTIMAS DE VIOLENCIA,SER005,REGISTRO DE FEMINICIDIO,150111.0,LIMA METROPOLITANA,LIMA,EL AGUSTINO,COM015,DE FAMILIA EL AGUSTINO,5,3.0,2.0,0.0,0.0,0.0,0.0,0.0,0.0,0.0,3.0,1.0,1.0
412,2018,ENE - DIC,31/12/2018,ENT001,PROGRAMA NACIONAL CONTRA LA VIOLENCIA FAMILIAR Y SEXUAL,LIN001,ATENCIï¿½N INTEGRAL Y MULTIDISCIPLINARIA PARA VICTIMAS DE VIOLENCIA,SER005,REGISTRO DE FEMINICIDIO,150117.0,LIMA METROPOLITANA,LIMA,LOS OLIVOS,COM018,LAURA CALLER,2,1.0,1.0,0.0,0.0,0.0,0.0,0.0,0.0,0.0,2.0,0.0,0.0
413,2018,ENE - DIC,31/12/2018,ENT001,PROGRAMA NACIONAL CONTRA LA VIOLENCIA FAMILIAR Y SEXUAL,LIN001,ATENCIï¿½N INTEGRAL Y MULTIDISCIPLINARIA PARA VICTIMAS DE VIOLENCIA,SER005,REGISTRO DE FEMINICIDIO,150135.0,LIMA METROPOLITANA,LIMA,SAN MARTIN DE PORRES,COM019,SAN MARTIN DE PORRES,3,2.0,1.0,0.0,0.0,0.0,0.0,0.0,0.0,0.0,2.0,1.0,0.0
415,2018,ENE - DIC,31/12/2018,ENT001,PROGRAMA NACIONAL CONTRA LA VIOLENCIA FAMILIAR Y SEXUAL,LIN001,ATENCIï¿½N INTEGRAL Y MULTIDISCIPLINARIA PARA VICTIMAS DE VIOLENCIA,SER005,REGISTRO DE FEMINICIDIO,150110.0,LIMA METROPOLITANA,LIMA,COMAS,COM022,DE FAMILIA COLLIQUE,1,0.0,1.0,0.0,0.0,0.0,0.0,0.0,0.0,0.0,1.0,0.0,0.0
419,2018,ENE - DIC,31/12/2018,ENT001,PROGRAMA NACIONAL CONTRA LA VIOLENCIA FAMILIAR Y SEXUAL,LIN001,ATENCIï¿½N INTEGRAL Y MULTIDISCIPLINARIA PARA VICTIMAS DE VIOLENCIA,SER005,REGISTRO DE FEMINICIDIO,150137.0,LIMA METROPOLITANA,LIMA,SANTA ANITA,COM028,SANTA ANITA,2,1.0,1.0,0.0,0.0,0.0,0.0,0.0,0.0,0.0,0.0,2.0,0.0
425,2018,ENE - DIC,31/12/2018,ENT001,PROGRAMA NACIONAL CONTRA LA VIOLENCIA FAMILIAR Y SEXUAL,LIN001,ATENCIï¿½N INTEGRAL Y MULTIDISCIPLINARIA PARA VICTIMAS DE VIOLENCIA,SER005,REGISTRO DE FEMINICIDIO,150121.0,LIMA METROPOLITANA,LIMA,PUEBLO LIBRE,COM034,PUEBLO LIBRE,5,1.0,3.0,1.0,0.0,0.0,0.0,0.0,0.0,1.0,3.0,1.0,0.0
426,2018,ENE - DIC,31/12/2018,ENT001,PROGRAMA NACIONAL CONTRA LA VIOLENCIA FAMILIAR Y SEXUAL,LIN001,ATENCIï¿½N INTEGRAL Y MULTIDISCIPLINARIA PARA VICTIMAS DE VIOLENCIA,SER005,REGISTRO DE FEMINICIDIO,150119.0,LIMA METROPOLITANA,LIMA,LURIN,COM036,LURIN,2,2.0,0.0,0.0,0.0,0.0,0.0,0.0,0.0,0.0,1.0,1.0,0.0
427,2018,ENE - DIC,31/12/2018,ENT001,PROGRAMA NACIONAL CONTRA LA VIOLENCIA FAMILIAR Y SEXUAL,LIN001,ATENCIï¿½N INTEGRAL Y MULTIDISCIPLINARIA PARA VICTIMAS DE VIOLENCIA,SER005,REGISTRO DE FEMINICIDIO,150130.0,LIMA METROPOLITANA,LIMA,SAN BORJA,COM037,SAN BORJA,2,0.0,0.0,0.0,1.0,0.0,1.0,0.0,0.0,0.0,2.0,0.0,0.0
429,2018,ENE - DIC,31/12/2018,ENT001,PROGRAMA NACIONAL CONTRA LA VIOLENCIA FAMILIAR Y SEXUAL,LIN001,ATENCIï¿½N INTEGRAL Y MULTIDISCIPLINARIA PARA VICTIMAS DE VIOLENCIA,SER005,REGISTRO DE FEMINICIDIO,150605.0,LIMA PROVINCIA,HUARAL,CHANCAY,COM039,CHANCAY,3,1.0,2.0,0.0,0.0,0.0,0.0,0.0,0.0,0.0,2.0,1.0,0.0
434,2018,ENE - DIC,31/12/2018,ENT001,PROGRAMA NACIONAL CONTRA LA VIOLENCIA FAMILIAR Y SEXUAL,LIN001,ATENCIï¿½N INTEGRAL Y MULTIDISCIPLINARIA PARA VICTIMAS DE VIOLENCIA,SER005,REGISTRO DE FEMINICIDIO,150135.0,LIMA METROPOLITANA,LIMA,SAN MARTIN DE PORRES,COM046,CONDEVILLA,2,2.0,0.0,0.0,0.0,0.0,0.0,0.0,0.0,0.0,0.0,2.0,0.0
435,2018,ENE - DIC,31/12/2018,ENT001,PROGRAMA NACIONAL CONTRA LA VIOLENCIA FAMILIAR Y SEXUAL,LIN001,ATENCIï¿½N INTEGRAL Y MULTIDISCIPLINARIA PARA VICTIMAS DE VIOLENCIA,SER005,REGISTRO DE FEMINICIDIO,150801.0,LIMA PROVINCIA,HUAURA,HUACHO,COM047,HUACHO,2,0.0,2.0,0.0,0.0,0.0,0.0,0.0,0.0,2.0,0.0,0.0,0.0
436,2018,ENE - DIC,31/12/2018,ENT001,PROGRAMA NACIONAL CONTRA LA VIOLENCIA FAMILIAR Y SEXUAL,LIN001,ATENCIï¿½N INTEGRAL Y MULTIDISCIPLINARIA PARA VICTIMAS DE VIOLENCIA,SER005,REGISTRO DE FEMINICIDIO,150716.0,LIMA PROVINCIA,HUAROCHIRI,SAN ANTONIO,COM048,JICAMARCA,3,3.0,0.0,0.0,0.0,0.0,0.0,0.0,0.0,0.0,0.0,3.0,0.0
439,2018,ENE - DIC,31/12/2018,ENT001,PROGRAMA NACIONAL CONTRA LA VIOLENCIA FAMILIAR Y SEXUAL,LIN001,ATENCIï¿½N INTEGRAL Y MULTIDISCIPLINARIA PARA VICTIMAS DE VIOLENCIA,SER005,REGISTRO DE FEMINICIDIO,150115.0,LIMA METROPOLITANA,LIMA,LA VICTORIA,COM059,APOLO,7,1.0,6.0,0.0,0.0,0.0,0.0,0.0,0.0,0.0,4.0,3.0,0.0
442,2018,ENE - DIC,31/12/2018,ENT001,PROGRAMA NACIONAL CONTRA LA VIOLENCIA FAMILIAR Y SEXUAL,LIN001,ATENCIï¿½N INTEGRAL Y MULTIDISCIPLINARIA PARA VICTIMAS DE VIOLENCIA,SER005,REGISTRO DE FEMINICIDIO,150125.0,LIMA METROPOLITANA,LIMA,PUENTE PIEDRA,COM063,PUENTE PIEDRA,1,1.0,0.0,0.0,0.0,0.0,0.0,0.0,0.0,0.0,1.0,0.0,0.0
443,2018,ENE - DIC,31/12/2018,ENT001,PROGRAMA NACIONAL CONTRA LA VIOLENCIA FAMILIAR Y SEXUAL,LIN001,ATENCIï¿½N INTEGRAL Y MULTIDISCIPLINARIA PARA VICTIMAS DE VIOLENCIA,SER005,REGISTRO DE FEMINICIDIO,150131.0,LIMA METROPOLITANA,LIMA,SAN ISIDRO,COM069,SAN ISIDRO,4,3.0,1.0,0.0,0.0,0.0,0.0,0.0,0.0,0.0,3.0,1.0,0.0
447,2018,ENE - DIC,31/12/2018,ENT001,PROGRAMA NACIONAL CONTRA LA VIOLENCIA FAMILIAR Y SEXUAL,LIN001,ATENCIï¿½N INTEGRAL Y MULTIDISCIPLINARIA PARA VICTIMAS DE VIOLENCIA,SER005,REGISTRO DE FEMINICIDIO,150104.0,LIMA METROPOLITANA,LIMA,BARRANCO,COM078,BARRANCO,2,0.0,0.0,2.0,0.0,0.0,0.0,0.0,1.0,0.0,0.0,1.0,0.0
448,2018,ENE - DIC,31/12/2018,ENT001,PROGRAMA NACIONAL CONTRA LA VIOLENCIA FAMILIAR Y SEXUAL,LIN001,ATENCIï¿½N INTEGRAL Y MULTIDISCIPLINARIA PARA VICTIMAS DE VIOLENCIA,SER005,REGISTRO DE FEMINICIDIO,150116.0,LIMA METROPOLITANA,LIMA,LINCE,COM082,LINCE,1,0.0,0.0,0.0,0.0,1.0,0.0,0.0,0.0,0.0,1.0,0.0,0.0
449,2018,ENE - DIC,31/12/2018,ENT001,PROGRAMA NACIONAL CONTRA LA VIOLENCIA FAMILIAR Y SEXUAL,LIN001,ATENCIï¿½N INTEGRAL Y MULTIDISCIPLINARIA PARA VICTIMAS DE VIOLENCIA,SER005,REGISTRO DE FEMINICIDIO,150501.0,LIMA PROVINCIA,CAï¿½ETE,SAN VICENTE DE CAï¿½ETE,COM085,SAN VICENTE DE CAï¿½ETE,4,4.0,0.0,0.0,0.0,0.0,0.0,0.0,0.0,1.0,1.0,2.0,0.0
452,2018,ENE - DIC,31/12/2018,ENT001,PROGRAMA NACIONAL CONTRA LA VIOLENCIA FAMILIAR Y SEXUAL,LIN001,ATENCIï¿½N INTEGRAL Y MULTIDISCIPLINARIA PARA VICTIMAS DE VIOLENCIA,SER005,REGISTRO DE FEMINICIDIO,150134.0,LIMA METROPOLITANA,LIMA,SAN LUIS,COM092,SAN LUIS,1,1.0,0.0,0.0,0.0,0.0,0.0,0.0,0.0,0.0,1.0,0.0,0.0
467,2019,ENE - DIC,14/01/2020,ENT001,PROGRAMA NACIONAL CONTRA LA VIOLENCIA FAMILIAR Y SEXUAL,LIN001,ATENCIï¿½N INTEGRAL Y MULTIDISCIPLINARIA PARA VICTIMAS DE VIOLENCIA,SER001,CENTRO EMERGENCIA MUJER,150111.0,LIMA METROPOLITANA,LIMA,EL AGUSTINO,CEM032,EL AGUSTINO,1,0.0,0.0,1.0,0.0,0.0,0.0,0.0,0.0,0.0,0.0,1.0,0.0
469,2019,ENE - DIC,14/01/2020,ENT001,PROGRAMA NACIONAL CONTRA LA VIOLENCIA FAMILIAR Y SEXUAL,LIN001,ATENCIï¿½N INTEGRAL Y MULTIDISCIPLINARIA PARA VICTIMAS DE VIOLENCIA,SER001,CENTRO EMERGENCIA MUJER,150801.0,LIMA PROVINCIA,HUAURA,HUACHO,CEM035,HUACHO,1,0.0,1.0,0.0,0.0,0.0,0.0,0.0,0.0,0.0,1.0,0.0,0.0
472,2019,ENE - DIC,14/01/2020,ENT001,PROGRAMA NACIONAL CONTRA LA VIOLENCIA FAMILIAR Y SEXUAL,LIN001,ATENCIï¿½N INTEGRAL Y MULTIDISCIPLINARIA PARA VICTIMAS DE VIOLENCIA,SER001,CENTRO EMERGENCIA MUJER,150103.0,LIMA METROPOLITANA,LIMA,ATE,CEM045,HUAYCAN,3,1.0,1.0,0.0,1.0,0.0,0.0,0.0,0.0,0.0,2.0,0.0,1.0
475,2019,ENE - DIC,14/01/2020,ENT001,PROGRAMA NACIONAL CONTRA LA VIOLENCIA FAMILIAR Y SEXUAL,LIN001,ATENCIï¿½N INTEGRAL Y MULTIDISCIPLINARIA PARA VICTIMAS DE VIOLENCIA,SER001,CENTRO EMERGENCIA MUJER,150112.0,LIMA METROPOLITANA,LIMA,INDEPENDENCIA,CEM050,INDEPENDENCIA,2,0.0,2.0,0.0,0.0,0.0,0.0,0.0,0.0,0.0,1.0,1.0,0.0
480,2019,ENE - DIC,14/01/2020,ENT001,PROGRAMA NACIONAL CONTRA LA VIOLENCIA FAMILIAR Y SEXUAL,LIN001,ATENCIï¿½N INTEGRAL Y MULTIDISCIPLINARIA PARA VICTIMAS DE VIOLENCIA,SER001,CENTRO EMERGENCIA MUJER,150134.0,LIMA METROPOLITANA,LIMA,SAN LUIS,CEM058,SAN LUIS,1,1.0,0.0,0.0,0.0,0.0,0.0,0.0,0.0,0.0,0.0,1.0,0.0
481,2019,ENE - DIC,14/01/2020,ENT001,PROGRAMA NACIONAL CONTRA LA VIOLENCIA FAMILIAR Y SEXUAL,LIN001,ATENCIï¿½N INTEGRAL Y MULTIDISCIPLINARIA PARA VICTIMAS DE VIOLENCIA,SER001,CENTRO EMERGENCIA MUJER,150101.0,LIMA METROPOLITANA,LIMA,LIMA,CEM060,LIMA,6,4.0,1.0,0.0,1.0,0.0,0.0,0.0,0.0,0.0,2.0,4.0,0.0
482,2019,ENE - DIC,14/01/2020,ENT001,PROGRAMA NACIONAL CONTRA LA VIOLENCIA FAMILIAR Y SEXUAL,LIN001,ATENCIï¿½N INTEGRAL Y MULTIDISCIPLINARIA PARA VICTIMAS DE VIOLENCIA,SER001,CENTRO EMERGENCIA MUJER,150117.0,LIMA METROPOLITANA,LIMA,LOS OLIVOS,CEM061,LOS OLIVOS,4,4.0,0.0,0.0,0.0,0.0,0.0,0.0,0.0,0.0,4.0,0.0,0.0
484,2019,ENE - DIC,14/01/2020,ENT001,PROGRAMA NACIONAL CONTRA LA VIOLENCIA FAMILIAR Y SEXUAL,LIN001,ATENCIï¿½N INTEGRAL Y MULTIDISCIPLINARIA PARA VICTIMAS DE VIOLENCIA,SER001,CENTRO EMERGENCIA MUJER,150123.0,LIMA METROPOLITANA,LIMA,PACHACAMAC,CEM064,MANCHAY,1,0.0,0.0,0.0,1.0,0.0,0.0,0.0,0.0,0.0,1.0,0.0,0.0
489,2019,ENE - DIC,14/01/2020,ENT001,PROGRAMA NACIONAL CONTRA LA VIOLENCIA FAMILIAR Y SEXUAL,LIN001,ATENCIï¿½N INTEGRAL Y MULTIDISCIPLINARIA PARA VICTIMAS DE VIOLENCIA,SER001,CENTRO EMERGENCIA MUJER,150133.0,LIMA METROPOLITANA,LIMA,SAN JUAN DE MIRAFLORES,CEM076,SAN JUAN DE MIRAFLORES,6,1.0,5.0,0.0,0.0,0.0,0.0,0.0,0.0,0.0,3.0,3.0,0.0
496,2019,ENE - DIC,14/01/2020,ENT001,PROGRAMA NACIONAL CONTRA LA VIOLENCIA FAMILIAR Y SEXUAL,LIN001,ATENCIï¿½N INTEGRAL Y MULTIDISCIPLINARIA PARA VICTIMAS DE VIOLENCIA,SER001,CENTRO EMERGENCIA MUJER,150114.0,LIMA METROPOLITANA,LIMA,LA MOLINA,CEM087,LA MOLINA,1,1.0,0.0,0.0,0.0,0.0,0.0,0.0,0.0,0.0,1.0,0.0,0.0
497,2019,ENE - DIC,14/01/2020,ENT001,PROGRAMA NACIONAL CONTRA LA VIOLENCIA FAMILIAR Y SEXUAL,LIN001,ATENCIï¿½N INTEGRAL Y MULTIDISCIPLINARIA PARA VICTIMAS DE VIOLENCIA,SER001,CENTRO EMERGENCIA MUJER,150132.0,LIMA METROPOLITANA,LIMA,SAN JUAN DE LURIGANCHO,CEM088,SAN JUAN DE LURIGANCHO,1,0.0,1.0,0.0,0.0,0.0,0.0,0.0,0.0,0.0,0.0,1.0,0.0
498,2019,ENE - DIC,14/01/2020,ENT001,PROGRAMA NACIONAL CONTRA LA VIOLENCIA FAMILIAR Y SEXUAL,LIN001,ATENCIï¿½N INTEGRAL Y MULTIDISCIPLINARIA PARA VICTIMAS DE VIOLENCIA,SER001,CENTRO EMERGENCIA MUJER,150135.0,LIMA METROPOLITANA,LIMA,SAN MARTIN DE PORRES,CEM089,SAN MARTIN DE PORRES,2,0.0,2.0,0.0,0.0,0.0,0.0,0.0,0.0,0.0,1.0,1.0,0.0
500,2019,ENE - DIC,14/01/2020,ENT001,PROGRAMA NACIONAL CONTRA LA VIOLENCIA FAMILIAR Y SEXUAL,LIN001,ATENCIï¿½N INTEGRAL Y MULTIDISCIPLINARIA PARA VICTIMAS DE VIOLENCIA,SER001,CENTRO EMERGENCIA MUJER,150140.0,LIMA METROPOLITANA,LIMA,SANTIAGO DE SURCO,CEM096,SURCO,1,1.0,0.0,0.0,0.0,0.0,0.0,0.0,0.0,0.0,1.0,0.0,0.0
506,2019,ENE - DIC,14/01/2020,ENT001,PROGRAMA NACIONAL CONTRA LA VIOLENCIA FAMILIAR Y SEXUAL,LIN001,ATENCIï¿½N INTEGRAL Y MULTIDISCIPLINARIA PARA VICTIMAS DE VIOLENCIA,SER001,CENTRO EMERGENCIA MUJER,150142.0,LIMA METROPOLITANA,LIMA,VILLA EL SALVADOR,CEM109,VILLA EL SALVADOR,12,6.0,5.0,1.0,0.0,0.0,0.0,0.0,0.0,0.0,4.0,7.0,1.0
507,2019,ENE - DIC,14/01/2020,ENT001,PROGRAMA NACIONAL CONTRA LA VIOLENCIA FAMILIAR Y SEXUAL,LIN001,ATENCIï¿½N INTEGRAL Y MULTIDISCIPLINARIA PARA VICTIMAS DE VIOLENCIA,SER001,CENTRO EMERGENCIA MUJER,150143.0,LIMA METROPOLITANA,LIMA,VILLA MARIA DEL TRIUNFO,CEM110,VILLA MARIA DEL TRIUNFO,1,0.0,1.0,0.0,0.0,0.0,0.0,0.0,0.0,0.0,0.0,1.0,0.0
509,2019,ENE - DIC,14/01/2020,ENT001,PROGRAMA NACIONAL CONTRA LA VIOLENCIA FAMILIAR Y SEXUAL,LIN001,ATENCIï¿½N INTEGRAL Y MULTIDISCIPLINARIA PARA VICTIMAS DE VIOLENCIA,SER001,CENTRO EMERGENCIA MUJER,150125.0,LIMA METROPOLITANA,LIMA,PUENTE PIEDRA,CEM122,PUENTE PIEDRA,1,1.0,0.0,0.0,0.0,0.0,0.0,0.0,0.0,0.0,1.0,0.0,0.0
510,2019,ENE - DIC,14/01/2020,ENT001,PROGRAMA NACIONAL CONTRA LA VIOLENCIA FAMILIAR Y SEXUAL,LIN001,ATENCIï¿½N INTEGRAL Y MULTIDISCIPLINARIA PARA VICTIMAS DE VIOLENCIA,SER001,CENTRO EMERGENCIA MUJER,150601.0,LIMA PROVINCIA,HUARAL,HUARAL,CEM124,HUARAL,1,0.0,1.0,0.0,0.0,0.0,0.0,0.0,0.0,0.0,1.0,0.0,0.0
518,2019,ENE - DIC,14/01/2020,ENT001,PROGRAMA NACIONAL CONTRA LA VIOLENCIA FAMILIAR Y SEXUAL,LIN001,ATENCIï¿½N INTEGRAL Y MULTIDISCIPLINARIA PARA VICTIMAS DE VIOLENCIA,SER001,CENTRO EMERGENCIA MUJER,150128.0,LIMA METROPOLITANA,LIMA,RIMAC,CEM145,RIMAC,1,0.0,1.0,0.0,0.0,0.0,0.0,0.0,0.0,0.0,0.0,1.0,0.0
529,2019,ENE - DIC,14/01/2020,ENT001,PROGRAMA NACIONAL CONTRA LA VIOLENCIA FAMILIAR Y SEXUAL,LIN001,ATENCIï¿½N INTEGRAL Y MULTIDISCIPLINARIA PARA VICTIMAS DE VIOLENCIA,SER001,CENTRO EMERGENCIA MUJER,150401.0,LIMA PROVINCIA,CANTA,CANTA,CEM214,CANTA,3,3.0,0.0,0.0,0.0,0.0,0.0,0.0,0.0,0.0,2.0,1.0,0.0
531,2019,ENE - DIC,14/01/2020,ENT001,PROGRAMA NACIONAL CONTRA LA VIOLENCIA FAMILIAR Y SEXUAL,LIN001,ATENCIï¿½N INTEGRAL Y MULTIDISCIPLINARIA PARA VICTIMAS DE VIOLENCIA,SER001,CENTRO EMERGENCIA MUJER,150118.0,LIMA METROPOLITANA,LIMA,LURIGANCHO,CEM223,CHOSICA,2,1.0,1.0,0.0,0.0,0.0,0.0,0.0,0.0,0.0,2.0,0.0,0.0
532,2019,ENE - DIC,14/01/2020,ENT001,PROGRAMA NACIONAL CONTRA LA VIOLENCIA FAMILIAR Y SEXUAL,LIN001,ATENCIï¿½N INTEGRAL Y MULTIDISCIPLINARIA PARA VICTIMAS DE VIOLENCIA,SER001,CENTRO EMERGENCIA MUJER,150109.0,LIMA METROPOLITANA,LIMA,CIENEGUILLA,CEM224,CIENEGUILLA,1,0.0,1.0,0.0,0.0,0.0,0.0,0.0,0.0,0.0,0.0,1.0,0.0
534,2019,ENE - DIC,14/01/2020,ENT001,PROGRAMA NACIONAL CONTRA LA VIOLENCIA FAMILIAR Y SEXUAL,LIN001,ATENCIï¿½N INTEGRAL Y MULTIDISCIPLINARIA PARA VICTIMAS DE VIOLENCIA,SER001,CENTRO EMERGENCIA MUJER,150132.0,LIMA METROPOLITANA,LIMA,SAN JUAN DE LURIGANCHO,CEM236,ZARATE,2,0.0,2.0,0.0,0.0,0.0,0.0,0.0,0.0,0.0,2.0,0.0,0.0
537,2019,ENE - DIC,14/01/2020,ENT001,PROGRAMA NACIONAL CONTRA LA VIOLENCIA FAMILIAR Y SEXUAL,LIN001,ATENCIï¿½N INTEGRAL Y MULTIDISCIPLINARIA PARA VICTIMAS DE VIOLENCIA,SER001,CENTRO EMERGENCIA MUJER,150115.0,LIMA METROPOLITANA,LIMA,LA VICTORIA,CEM241,LA VICTORIA,2,1.0,1.0,0.0,0.0,0.0,0.0,0.0,0.0,0.0,0.0,2.0,0.0
542,2019,ENE - DIC,14/01/2020,ENT001,PROGRAMA NACIONAL CONTRA LA VIOLENCIA FAMILIAR Y SEXUAL,LIN001,ATENCIï¿½N INTEGRAL Y MULTIDISCIPLINARIA PARA VICTIMAS DE VIOLENCIA,SER001,CENTRO EMERGENCIA MUJER,150143.0,LIMA METROPOLITANA,LIMA,VILLA MARIA DEL TRIUNFO,COM005,VILLA MARIA DEL TRIUNFO,2,1.0,1.0,0.0,0.0,0.0,0.0,0.0,0.0,0.0,1.0,1.0,0.0
544,2019,ENE - DIC,14/01/2020,ENT001,PROGRAMA NACIONAL CONTRA LA VIOLENCIA FAMILIAR Y SEXUAL,LIN001,ATENCIï¿½N INTEGRAL Y MULTIDISCIPLINARIA PARA VICTIMAS DE VIOLENCIA,SER001,CENTRO EMERGENCIA MUJER,150108.0,LIMA METROPOLITANA,LIMA,CHORRILLOS,COM008,CHORRILLOS,12,5.0,6.0,1.0,0.0,0.0,0.0,0.0,0.0,0.0,5.0,7.0,0.0
546,2019,ENE - DIC,14/01/2020,ENT001,PROGRAMA NACIONAL CONTRA LA VIOLENCIA FAMILIAR Y SEXUAL,LIN001,ATENCIï¿½N INTEGRAL Y MULTIDISCIPLINARIA PARA VICTIMAS DE VIOLENCIA,SER001,CENTRO EMERGENCIA MUJER,150140.0,LIMA METROPOLITANA,LIMA,SANTIAGO DE SURCO,COM010,SAGITARIO,2,1.0,1.0,0.0,0.0,0.0,0.0,0.0,0.0,0.0,2.0,0.0,0.0
547,2019,ENE - DIC,14/01/2020,ENT001,PROGRAMA NACIONAL CONTRA LA VIOLENCIA FAMILIAR Y SEXUAL,LIN001,ATENCIï¿½N INTEGRAL Y MULTIDISCIPLINARIA PARA VICTIMAS DE VIOLENCIA,SER001,CENTRO EMERGENCIA MUJER,150132.0,LIMA METROPOLITANA,LIMA,SAN JUAN DE LURIGANCHO,COM011,CANTO REY,6,5.0,1.0,0.0,0.0,0.0,0.0,0.0,0.0,0.0,5.0,1.0,0.0
549,2019,ENE - DIC,14/01/2020,ENT001,PROGRAMA NACIONAL CONTRA LA VIOLENCIA FAMILIAR Y SEXUAL,LIN001,ATENCIï¿½N INTEGRAL Y MULTIDISCIPLINARIA PARA VICTIMAS DE VIOLENCIA,SER001,CENTRO EMERGENCIA MUJER,150111.0,LIMA METROPOLITANA,LIMA,EL AGUSTINO,COM015,DE FAMILIA EL AGUSTINO,2,0.0,2.0,0.0,0.0,0.0,0.0,0.0,0.0,0.0,0.0,2.0,0.0
552,2019,ENE - DIC,14/01/2020,ENT001,PROGRAMA NACIONAL CONTRA LA VIOLENCIA FAMILIAR Y SEXUAL,LIN001,ATENCIï¿½N INTEGRAL Y MULTIDISCIPLINARIA PARA VICTIMAS DE VIOLENCIA,SER001,CENTRO EMERGENCIA MUJER,150117.0,LIMA METROPOLITANA,LIMA,LOS OLIVOS,COM018,LAURA CALLER,4,2.0,2.0,0.0,0.0,0.0,0.0,0.0,0.0,0.0,3.0,1.0,0.0
553,2019,ENE - DIC,14/01/2020,ENT001,PROGRAMA NACIONAL CONTRA LA VIOLENCIA FAMILIAR Y SEXUAL,LIN001,ATENCIï¿½N INTEGRAL Y MULTIDISCIPLINARIA PARA VICTIMAS DE VIOLENCIA,SER001,CENTRO EMERGENCIA MUJER,150110.0,LIMA METROPOLITANA,LIMA,COMAS,COM022,DE FAMILIA COLLIQUE,2,0.0,1.0,0.0,1.0,0.0,0.0,0.0,0.0,0.0,0.0,2.0,0.0
558,2019,ENE - DIC,14/01/2020,ENT001,PROGRAMA NACIONAL CONTRA LA VIOLENCIA FAMILIAR Y SEXUAL,LIN001,ATENCIï¿½N INTEGRAL Y MULTIDISCIPLINARIA PARA VICTIMAS DE VIOLENCIA,SER001,CENTRO EMERGENCIA MUJER,150137.0,LIMA METROPOLITANA,LIMA,SANTA ANITA,COM028,SANTA ANITA,3,2.0,1.0,0.0,0.0,0.0,0.0,0.0,0.0,0.0,3.0,0.0,0.0
563,2019,ENE - DIC,14/01/2020,ENT001,PROGRAMA NACIONAL CONTRA LA VIOLENCIA FAMILIAR Y SEXUAL,LIN001,ATENCIï¿½N INTEGRAL Y MULTIDISCIPLINARIA PARA VICTIMAS DE VIOLENCIA,SER001,CENTRO EMERGENCIA MUJER,150121.0,LIMA METROPOLITANA,LIMA,PUEBLO LIBRE,COM034,PUEBLO LIBRE,4,3.0,1.0,0.0,0.0,0.0,0.0,0.0,0.0,0.0,1.0,3.0,0.0
565,2019,ENE - DIC,14/01/2020,ENT001,PROGRAMA NACIONAL CONTRA LA VIOLENCIA FAMILIAR Y SEXUAL,LIN001,ATENCIï¿½N INTEGRAL Y MULTIDISCIPLINARIA PARA VICTIMAS DE VIOLENCIA,SER001,CENTRO EMERGENCIA MUJER,150119.0,LIMA METROPOLITANA,LIMA,LURIN,COM036,LURIN,3,2.0,1.0,0.0,0.0,0.0,0.0,0.0,0.0,0.0,1.0,2.0,0.0
569,2019,ENE - DIC,14/01/2020,ENT001,PROGRAMA NACIONAL CONTRA LA VIOLENCIA FAMILIAR Y SEXUAL,LIN001,ATENCIï¿½N INTEGRAL Y MULTIDISCIPLINARIA PARA VICTIMAS DE VIOLENCIA,SER001,CENTRO EMERGENCIA MUJER,150103.0,LIMA METROPOLITANA,LIMA,ATE,COM043,VITARTE,2,1.0,1.0,0.0,0.0,0.0,0.0,0.0,0.0,0.0,2.0,0.0,0.0
570,2019,ENE - DIC,14/01/2020,ENT001,PROGRAMA NACIONAL CONTRA LA VIOLENCIA FAMILIAR Y SEXUAL,LIN001,ATENCIï¿½N INTEGRAL Y MULTIDISCIPLINARIA PARA VICTIMAS DE VIOLENCIA,SER001,CENTRO EMERGENCIA MUJER,150135.0,LIMA METROPOLITANA,LIMA,SAN MARTIN DE PORRES,COM046,CONDEVILLA,4,4.0,0.0,0.0,0.0,0.0,0.0,0.0,0.0,0.0,0.0,4.0,0.0
571,2019,ENE - DIC,14/01/2020,ENT001,PROGRAMA NACIONAL CONTRA LA VIOLENCIA FAMILIAR Y SEXUAL,LIN001,ATENCIï¿½N INTEGRAL Y MULTIDISCIPLINARIA PARA VICTIMAS DE VIOLENCIA,SER001,CENTRO EMERGENCIA MUJER,150801.0,LIMA PROVINCIA,HUAURA,HUACHO,COM047,HUACHO,1,0.0,1.0,0.0,0.0,0.0,0.0,0.0,0.0,0.0,1.0,0.0,0.0
572,2019,ENE - DIC,14/01/2020,ENT001,PROGRAMA NACIONAL CONTRA LA VIOLENCIA FAMILIAR Y SEXUAL,LIN001,ATENCIï¿½N INTEGRAL Y MULTIDISCIPLINARIA PARA VICTIMAS DE VIOLENCIA,SER001,CENTRO EMERGENCIA MUJER,150716.0,LIMA PROVINCIA,HUAROCHIRI,SAN ANTONIO,COM048,JICAMARCA,1,0.0,1.0,0.0,0.0,0.0,0.0,0.0,0.0,0.0,0.0,1.0,0.0
573,2019,ENE - DIC,14/01/2020,ENT001,PROGRAMA NACIONAL CONTRA LA VIOLENCIA FAMILIAR Y SEXUAL,LIN001,ATENCIï¿½N INTEGRAL Y MULTIDISCIPLINARIA PARA VICTIMAS DE VIOLENCIA,SER001,CENTRO EMERGENCIA MUJER,150103.0,LIMA METROPOLITANA,LIMA,ATE,COM050,SANTA CLARA,5,3.0,2.0,0.0,0.0,0.0,0.0,0.0,0.0,0.0,4.0,1.0,0.0
575,2019,ENE - DIC,14/01/2020,ENT001,PROGRAMA NACIONAL CONTRA LA VIOLENCIA FAMILIAR Y SEXUAL,LIN001,ATENCIï¿½N INTEGRAL Y MULTIDISCIPLINARIA PARA VICTIMAS DE VIOLENCIA,SER001,CENTRO EMERGENCIA MUJER,150201.0,LIMA PROVINCIA,BARRANCA,BARRANCA,COM052,BARRANCA,1,1.0,0.0,0.0,0.0,0.0,0.0,0.0,0.0,0.0,1.0,0.0,0.0
577,2019,ENE - DIC,14/01/2020,ENT001,PROGRAMA NACIONAL CONTRA LA VIOLENCIA FAMILIAR Y SEXUAL,LIN001,ATENCIï¿½N INTEGRAL Y MULTIDISCIPLINARIA PARA VICTIMAS DE VIOLENCIA,SER001,CENTRO EMERGENCIA MUJER,150132.0,LIMA METROPOLITANA,LIMA,SAN JUAN DE LURIGANCHO,COM054,DE FAMILIA CANTO REY,6,5.0,1.0,0.0,0.0,0.0,0.0,0.0,0.0,0.0,4.0,2.0,0.0
581,2019,ENE - DIC,14/01/2020,ENT001,PROGRAMA NACIONAL CONTRA LA VIOLENCIA FAMILIAR Y SEXUAL,LIN001,ATENCIï¿½N INTEGRAL Y MULTIDISCIPLINARIA PARA VICTIMAS DE VIOLENCIA,SER001,CENTRO EMERGENCIA MUJER,150114.0,LIMA METROPOLITANA,LIMA,LA MOLINA,COM058,LA MOLINA,5,2.0,2.0,0.0,1.0,0.0,0.0,0.0,0.0,1.0,2.0,2.0,0.0
582,2019,ENE - DIC,14/01/2020,ENT001,PROGRAMA NACIONAL CONTRA LA VIOLENCIA FAMILIAR Y SEXUAL,LIN001,ATENCIï¿½N INTEGRAL Y MULTIDISCIPLINARIA PARA VICTIMAS DE VIOLENCIA,SER001,CENTRO EMERGENCIA MUJER,150115.0,LIMA METROPOLITANA,LIMA,LA VICTORIA,COM059,APOLO,7,2.0,3.0,0.0,1.0,1.0,0.0,0.0,0.0,0.0,3.0,4.0,0.0
585,2019,ENE - DIC,14/01/2020,ENT001,PROGRAMA NACIONAL CONTRA LA VIOLENCIA FAMILIAR Y SEXUAL,LIN001,ATENCIï¿½N INTEGRAL Y MULTIDISCIPLINARIA PARA VICTIMAS DE VIOLENCIA,SER001,CENTRO EMERGENCIA MUJER,150125.0,LIMA METROPOLITANA,LIMA,PUENTE PIEDRA,COM063,PUENTE PIEDRA,2,1.0,1.0,0.0,0.0,0.0,0.0,0.0,0.0,0.0,1.0,1.0,0.0
588,2019,ENE - DIC,14/01/2020,ENT001,PROGRAMA NACIONAL CONTRA LA VIOLENCIA FAMILIAR Y SEXUAL,LIN001,ATENCIï¿½N INTEGRAL Y MULTIDISCIPLINARIA PARA VICTIMAS DE VIOLENCIA,SER001,CENTRO EMERGENCIA MUJER,150131.0,LIMA METROPOLITANA,LIMA,SAN ISIDRO,COM069,SAN ISIDRO,3,2.0,1.0,0.0,0.0,0.0,0.0,0.0,0.0,0.0,1.0,2.0,0.0
596,2019,ENE - DIC,14/01/2020,ENT001,PROGRAMA NACIONAL CONTRA LA VIOLENCIA FAMILIAR Y SEXUAL,LIN001,ATENCIï¿½N INTEGRAL Y MULTIDISCIPLINARIA PARA VICTIMAS DE VIOLENCIA,SER001,CENTRO EMERGENCIA MUJER,150116.0,LIMA METROPOLITANA,LIMA,LINCE,COM082,LINCE,2,1.0,1.0,0.0,0.0,0.0,0.0,0.0,0.0,0.0,1.0,1.0,0.0
597,2019,ENE - DIC,14/01/2020,ENT001,PROGRAMA NACIONAL CONTRA LA VIOLENCIA FAMILIAR Y SEXUAL,LIN001,ATENCIï¿½N INTEGRAL Y MULTIDISCIPLINARIA PARA VICTIMAS DE VIOLENCIA,SER001,CENTRO EMERGENCIA MUJER,150513.0,LIMA PROVINCIA,CAï¿½ETE,SAN ANTONIO,COM083,SAN ANTONIO - CAï¿½ETE,3,1.0,2.0,0.0,0.0,0.0,0.0,0.0,0.0,0.0,1.0,2.0,0.0
603,2019,ENE - DIC,14/01/2020,ENT001,PROGRAMA NACIONAL CONTRA LA VIOLENCIA FAMILIAR Y SEXUAL,LIN001,ATENCIï¿½N INTEGRAL Y MULTIDISCIPLINARIA PARA VICTIMAS DE VIOLENCIA,SER001,CENTRO EMERGENCIA MUJER,150134.0,LIMA METROPOLITANA,LIMA,SAN LUIS,COM092,SAN LUIS,1,0.0,0.0,0.0,1.0,0.0,0.0,0.0,0.0,1.0,0.0,0.0,0.0
605,2019,ENE - DIC,14/01/2020,ENT001,PROGRAMA NACIONAL CONTRA LA VIOLENCIA FAMILIAR Y SEXUAL,LIN001,ATENCIï¿½N INTEGRAL Y MULTIDISCIPLINARIA PARA VICTIMAS DE VIOLENCIA,SER001,CENTRO EMERGENCIA MUJER,150101.0,LIMA METROPOLITANA,LIMA,LIMA,COM094,ALFONSO UGARTE,1,1.0,0.0,0.0,0.0,0.0,0.0,0.0,0.0,0.0,0.0,1.0,0.0
608,2019,ENE - DIC,14/01/2020,ENT001,PROGRAMA NACIONAL CONTRA LA VIOLENCIA FAMILIAR Y SEXUAL,LIN001,ATENCIï¿½N INTEGRAL Y MULTIDISCIPLINARIA PARA VICTIMAS DE VIOLENCIA,SER001,CENTRO EMERGENCIA MUJER,150811.0,LIMA PROVINCIA,HUAURA,SAYAN,COM100,SAYAN,1,1.0,0.0,0.0,0.0,0.0,0.0,0.0,0.0,0.0,1.0,0.0,0.0
609,2019,ENE - DIC,14/01/2020,ENT001,PROGRAMA NACIONAL CONTRA LA VIOLENCIA FAMILIAR Y SEXUAL,LIN001,ATENCIï¿½N INTEGRAL Y MULTIDISCIPLINARIA PARA VICTIMAS DE VIOLENCIA,SER001,CENTRO EMERGENCIA MUJER,150132.0,LIMA METROPOLITANA,LIMA,SAN JUAN DE LURIGANCHO,COM101,SANTA ELIZABETH,5,2.0,2.0,0.0,1.0,0.0,0.0,0.0,0.0,0.0,1.0,4.0,0.0
610,2019,ENE - DIC,14/01/2020,ENT001,PROGRAMA NACIONAL CONTRA LA VIOLENCIA FAMILIAR Y SEXUAL,LIN001,ATENCIï¿½N INTEGRAL Y MULTIDISCIPLINARIA PARA VICTIMAS DE VIOLENCIA,SER001,CENTRO EMERGENCIA MUJER,150117.0,LIMA METROPOLITANA,LIMA,LOS OLIVOS,COM102,SOL DE ORO,3,3.0,0.0,0.0,0.0,0.0,0.0,0.0,0.0,0.0,3.0,0.0,0.0
611,2019,ENE - DIC,14/01/2020,ENT001,PROGRAMA NACIONAL CONTRA LA VIOLENCIA FAMILIAR Y SEXUAL,LIN001,ATENCIï¿½N INTEGRAL Y MULTIDISCIPLINARIA PARA VICTIMAS DE VIOLENCIA,SER001,CENTRO EMERGENCIA MUJER,150132.0,LIMA METROPOLITANA,LIMA,SAN JUAN DE LURIGANCHO,COM106,CAJA DE AGUA,3,2.0,0.0,1.0,0.0,0.0,0.0,0.0,0.0,0.0,1.0,1.0,1.0
612,2019,ENE - DIC,14/01/2020,ENT001,PROGRAMA NACIONAL CONTRA LA VIOLENCIA FAMILIAR Y SEXUAL,LIN001,ATENCIï¿½N INTEGRAL Y MULTIDISCIPLINARIA PARA VICTIMAS DE VIOLENCIA,SER001,CENTRO EMERGENCIA MUJER,150103.0,LIMA METROPOLITANA,LIMA,ATE,COM107,HUAYCAN,4,1.0,3.0,0.0,0.0,0.0,0.0,0.0,0.0,0.0,4.0,0.0,0.0
613,2019,ENE - DIC,14/01/2020,ENT001,PROGRAMA NACIONAL CONTRA LA VIOLENCIA FAMILIAR Y SEXUAL,LIN001,ATENCIï¿½N INTEGRAL Y MULTIDISCIPLINARIA PARA VICTIMAS DE VIOLENCIA,SER001,CENTRO EMERGENCIA MUJER,150119.0,LIMA METROPOLITANA,LIMA,LURIN,COM108,VILLA ALEJANDRO,3,2.0,1.0,0.0,0.0,0.0,0.0,0.0,0.0,0.0,1.0,2.0,0.0
614,2019,ENE - DIC,14/01/2020,ENT001,PROGRAMA NACIONAL CONTRA LA VIOLENCIA FAMILIAR Y SEXUAL,LIN001,ATENCIï¿½N INTEGRAL Y MULTIDISCIPLINARIA PARA VICTIMAS DE VIOLENCIA,SER001,CENTRO EMERGENCIA MUJER,150102.0,LIMA METROPOLITANA,LIMA,ANCON,COM110,ANCON,2,1.0,1.0,0.0,0.0,0.0,0.0,0.0,0.0,0.0,2.0,0.0,0.0
615,2019,ENE - DIC,14/01/2020,ENT001,PROGRAMA NACIONAL CONTRA LA VIOLENCIA FAMILIAR Y SEXUAL,LIN001,ATENCIï¿½N INTEGRAL Y MULTIDISCIPLINARIA PARA VICTIMAS DE VIOLENCIA,SER001,CENTRO EMERGENCIA MUJER,150133.0,LIMA METROPOLITANA,LIMA,SAN JUAN DE MIRAFLORES,COM113,PAMPLONA II,1,1.0,0.0,0.0,0.0,0.0,0.0,0.0,0.0,0.0,1.0,0.0,0.0
618,2019,ENE - DIC,14/01/2020,ENT001,PROGRAMA NACIONAL CONTRA LA VIOLENCIA FAMILIAR Y SEXUAL,LIN001,ATENCIï¿½N INTEGRAL Y MULTIDISCIPLINARIA PARA VICTIMAS DE VIOLENCIA,SER001,CENTRO EMERGENCIA MUJER,150114.0,LIMA METROPOLITANA,LIMA,LA MOLINA,COM118,LAS PRADERAS,1,0.0,0.0,1.0,0.0,0.0,0.0,0.0,0.0,0.0,0.0,0.0,1.0
632,2020,ENE - DIC,15/01/2021,ENT001,PROGRAMA NACIONAL CONTRA LA VIOLENCIA FAMILIAR Y SEXUAL,LIN001,ATENCIï¿½N INTEGRAL Y MULTIDISCIPLINARIA PARA VICTIMAS DE VIOLENCIA,SER001,CENTRO EMERGENCIA MUJER,0.0,LIMA METROPOLITANA,LIMA,COMAS,CEM029,COMAS,5,2.0,2.0,0.0,1.0,0.0,0.0,0.0,0.0,0.0,1.0,4.0,0.0
636,2020,ENE - DIC,15/01/2021,ENT001,PROGRAMA NACIONAL CONTRA LA VIOLENCIA FAMILIAR Y SEXUAL,LIN001,ATENCIï¿½N INTEGRAL Y MULTIDISCIPLINARIA PARA VICTIMAS DE VIOLENCIA,SER001,CENTRO EMERGENCIA MUJER,0.0,LIMA METROPOLITANA,LIMA,CHACLACAYO,CEM045,CHACLACAYO,1,0.0,1.0,0.0,0.0,0.0,0.0,0.0,0.0,0.0,0.0,1.0,0.0
641,2020,ENE - DIC,15/01/2021,ENT001,PROGRAMA NACIONAL CONTRA LA VIOLENCIA FAMILIAR Y SEXUAL,LIN001,ATENCIï¿½N INTEGRAL Y MULTIDISCIPLINARIA PARA VICTIMAS DE VIOLENCIA,SER001,CENTRO EMERGENCIA MUJER,0.0,LIMA METROPOLITANA,LIMA,LOS OLIVOS,CEM061,LOS OLIVOS,1,1.0,0.0,0.0,0.0,0.0,0.0,0.0,0.0,0.0,0.0,1.0,0.0
644,2020,ENE - DIC,15/01/2021,ENT001,PROGRAMA NACIONAL CONTRA LA VIOLENCIA FAMILIAR Y SEXUAL,LIN001,ATENCIï¿½N INTEGRAL Y MULTIDISCIPLINARIA PARA VICTIMAS DE VIOLENCIA,SER001,CENTRO EMERGENCIA MUJER,0.0,LIMA METROPOLITANA,LIMA,PACHACAMAC,CEM064,MANCHAY,3,2.0,1.0,0.0,0.0,0.0,0.0,0.0,0.0,0.0,2.0,1.0,0.0
648,2020,ENE - DIC,15/01/2021,ENT001,PROGRAMA NACIONAL CONTRA LA VIOLENCIA FAMILIAR Y SEXUAL,LIN001,ATENCIï¿½N INTEGRAL Y MULTIDISCIPLINARIA PARA VICTIMAS DE VIOLENCIA,SER001,CENTRO EMERGENCIA MUJER,0.0,LIMA METROPOLITANA,LIMA,SAN JUAN DE MIRAFLORES,CEM076,SAN JUAN DE MIRAFLORES,3,3.0,0.0,0.0,0.0,0.0,0.0,0.0,0.0,0.0,3.0,0.0,0.0
653,2020,ENE - DIC,15/01/2021,ENT001,PROGRAMA NACIONAL CONTRA LA VIOLENCIA FAMILIAR Y SEXUAL,LIN001,ATENCIï¿½N INTEGRAL Y MULTIDISCIPLINARIA PARA VICTIMAS DE VIOLENCIA,SER001,CENTRO EMERGENCIA MUJER,0.0,LIMA METROPOLITANA,LIMA,SAN JUAN DE LURIGANCHO,CEM088,SAN JUAN DE LURIGANCHO,2,1.0,0.0,0.0,1.0,0.0,0.0,0.0,0.0,0.0,1.0,1.0,0.0
654,2020,ENE - DIC,15/01/2021,ENT001,PROGRAMA NACIONAL CONTRA LA VIOLENCIA FAMILIAR Y SEXUAL,LIN001,ATENCIï¿½N INTEGRAL Y MULTIDISCIPLINARIA PARA VICTIMAS DE VIOLENCIA,SER001,CENTRO EMERGENCIA MUJER,0.0,LIMA METROPOLITANA,LIMA,SAN MARTIN DE PORRES,CEM089,SAN MARTIN DE PORRES,2,1.0,1.0,0.0,0.0,0.0,0.0,0.0,0.0,0.0,1.0,1.0,0.0
657,2020,ENE - DIC,15/01/2021,ENT001,PROGRAMA NACIONAL CONTRA LA VIOLENCIA FAMILIAR Y SEXUAL,LIN001,ATENCIï¿½N INTEGRAL Y MULTIDISCIPLINARIA PARA VICTIMAS DE VIOLENCIA,SER001,CENTRO EMERGENCIA MUJER,0.0,LIMA METROPOLITANA,LIMA,SURQUILLO,CEM097,SURQUILLO,4,3.0,0.0,0.0,1.0,0.0,0.0,0.0,0.0,0.0,0.0,3.0,1.0
665,2020,ENE - DIC,15/01/2021,ENT001,PROGRAMA NACIONAL CONTRA LA VIOLENCIA FAMILIAR Y SEXUAL,LIN001,ATENCIï¿½N INTEGRAL Y MULTIDISCIPLINARIA PARA VICTIMAS DE VIOLENCIA,SER001,CENTRO EMERGENCIA MUJER,0.0,LIMA METROPOLITANA,LIMA,VILLA EL SALVADOR,CEM109,VILLA EL SALVADOR,12,4.0,7.0,0.0,0.0,1.0,0.0,0.0,0.0,0.0,8.0,4.0,0.0
666,2020,ENE - DIC,15/01/2021,ENT001,PROGRAMA NACIONAL CONTRA LA VIOLENCIA FAMILIAR Y SEXUAL,LIN001,ATENCIï¿½N INTEGRAL Y MULTIDISCIPLINARIA PARA VICTIMAS DE VIOLENCIA,SER001,CENTRO EMERGENCIA MUJER,0.0,LIMA METROPOLITANA,LIMA,VILLA MARIA DEL TRIUNFO,CEM110,VILLA MARIA DEL TRIUNFO,3,1.0,2.0,0.0,0.0,0.0,0.0,0.0,0.0,0.0,2.0,1.0,0.0
667,2020,ENE - DIC,15/01/2021,ENT001,PROGRAMA NACIONAL CONTRA LA VIOLENCIA FAMILIAR Y SEXUAL,LIN001,ATENCIï¿½N INTEGRAL Y MULTIDISCIPLINARIA PARA VICTIMAS DE VIOLENCIA,SER001,CENTRO EMERGENCIA MUJER,0.0,LIMA PROVINCIA,YAUYOS,YAUYOS,CEM113,YAUYOS,1,1.0,0.0,0.0,0.0,0.0,0.0,0.0,0.0,0.0,0.0,1.0,0.0
672,2020,ENE - DIC,15/01/2021,ENT001,PROGRAMA NACIONAL CONTRA LA VIOLENCIA FAMILIAR Y SEXUAL,LIN001,ATENCIï¿½N INTEGRAL Y MULTIDISCIPLINARIA PARA VICTIMAS DE VIOLENCIA,SER001,CENTRO EMERGENCIA MUJER,0.0,LIMA METROPOLITANA,LIMA,PUENTE PIEDRA,CEM122,PUENTE PIEDRA,1,0.0,1.0,0.0,0.0,0.0,0.0,0.0,0.0,0.0,1.0,0.0,0.0
673,2020,ENE - DIC,15/01/2021,ENT001,PROGRAMA NACIONAL CONTRA LA VIOLENCIA FAMILIAR Y SEXUAL,LIN001,ATENCIï¿½N INTEGRAL Y MULTIDISCIPLINARIA PARA VICTIMAS DE VIOLENCIA,SER001,CENTRO EMERGENCIA MUJER,0.0,LIMA PROVINCIA,HUARAL,HUARAL,CEM124,HUARAL,4,2.0,2.0,0.0,0.0,0.0,0.0,0.0,0.0,1.0,0.0,3.0,0.0
678,2020,ENE - DIC,15/01/2021,ENT001,PROGRAMA NACIONAL CONTRA LA VIOLENCIA FAMILIAR Y SEXUAL,LIN001,ATENCIï¿½N INTEGRAL Y MULTIDISCIPLINARIA PARA VICTIMAS DE VIOLENCIA,SER001,CENTRO EMERGENCIA MUJER,0.0,LIMA METROPOLITANA,LIMA,RIMAC,CEM145,RIMAC,2,0.0,2.0,0.0,0.0,0.0,0.0,0.0,0.0,0.0,1.0,1.0,0.0
681,2020,ENE - DIC,15/01/2021,ENT001,PROGRAMA NACIONAL CONTRA LA VIOLENCIA FAMILIAR Y SEXUAL,LIN001,ATENCIï¿½N INTEGRAL Y MULTIDISCIPLINARIA PARA VICTIMAS DE VIOLENCIA,SER001,CENTRO EMERGENCIA MUJER,0.0,LIMA PROVINCIA,BARRANCA,BARRANCA,CEM155,BARRANCA,2,2.0,0.0,0.0,0.0,0.0,0.0,0.0,0.0,0.0,0.0,2.0,0.0
698,2020,ENE - DIC,15/01/2021,ENT001,PROGRAMA NACIONAL CONTRA LA VIOLENCIA FAMILIAR Y SEXUAL,LIN001,ATENCIï¿½N INTEGRAL Y MULTIDISCIPLINARIA PARA VICTIMAS DE VIOLENCIA,SER001,CENTRO EMERGENCIA MUJER,0.0,LIMA PROVINCIA,CAJATAMBO,CAJATAMBO,CEM218,CAJATAMBO,1,1.0,0.0,0.0,0.0,0.0,0.0,0.0,0.0,0.0,1.0,0.0,0.0
702,2020,ENE - DIC,15/01/2021,ENT001,PROGRAMA NACIONAL CONTRA LA VIOLENCIA FAMILIAR Y SEXUAL,LIN001,ATENCIï¿½N INTEGRAL Y MULTIDISCIPLINARIA PARA VICTIMAS DE VIOLENCIA,SER001,CENTRO EMERGENCIA MUJER,0.0,LIMA METROPOLITANA,LIMA,LA VICTORIA,CEM241,LA VICTORIA,1,0.0,1.0,0.0,0.0,0.0,0.0,0.0,0.0,0.0,0.0,1.0,0.0
703,2020,ENE - DIC,15/01/2021,ENT001,PROGRAMA NACIONAL CONTRA LA VIOLENCIA FAMILIAR Y SEXUAL,LIN001,ATENCIï¿½N INTEGRAL Y MULTIDISCIPLINARIA PARA VICTIMAS DE VIOLENCIA,SER001,CENTRO EMERGENCIA MUJER,0.0,LIMA METROPOLITANA,LIMA,SAN MIGUEL,CEM242,SAN MIGUEL - LIMA,1,0.0,0.0,0.0,1.0,0.0,0.0,0.0,0.0,0.0,0.0,1.0,0.0
707,2020,ENE - DIC,15/01/2021,ENT001,PROGRAMA NACIONAL CONTRA LA VIOLENCIA FAMILIAR Y SEXUAL,LIN001,ATENCIï¿½N INTEGRAL Y MULTIDISCIPLINARIA PARA VICTIMAS DE VIOLENCIA,SER001,CENTRO EMERGENCIA MUJER,0.0,LIMA METROPOLITANA,LIMA,VILLA MARIA DEL TRIUNFO,COM005,VILLA MARIA DEL TRIUNFO,7,4.0,2.0,1.0,0.0,0.0,0.0,0.0,0.0,0.0,4.0,3.0,0.0
710,2020,ENE - DIC,15/01/2021,ENT001,PROGRAMA NACIONAL CONTRA LA VIOLENCIA FAMILIAR Y SEXUAL,LIN001,ATENCIï¿½N INTEGRAL Y MULTIDISCIPLINARIA PARA VICTIMAS DE VIOLENCIA,SER001,CENTRO EMERGENCIA MUJER,0.0,LIMA METROPOLITANA,LIMA,CHORRILLOS,COM008,CHORRILLOS,5,2.0,3.0,0.0,0.0,0.0,0.0,0.0,0.0,0.0,1.0,4.0,0.0
712,2020,ENE - DIC,15/01/2021,ENT001,PROGRAMA NACIONAL CONTRA LA VIOLENCIA FAMILIAR Y SEXUAL,LIN001,ATENCIï¿½N INTEGRAL Y MULTIDISCIPLINARIA PARA VICTIMAS DE VIOLENCIA,SER001,CENTRO EMERGENCIA MUJER,0.0,LIMA METROPOLITANA,LIMA,SANTIAGO DE SURCO,COM010,SAGITARIO,1,1.0,0.0,0.0,0.0,0.0,0.0,0.0,0.0,0.0,0.0,1.0,0.0
713,2020,ENE - DIC,15/01/2021,ENT001,PROGRAMA NACIONAL CONTRA LA VIOLENCIA FAMILIAR Y SEXUAL,LIN001,ATENCIï¿½N INTEGRAL Y MULTIDISCIPLINARIA PARA VICTIMAS DE VIOLENCIA,SER001,CENTRO EMERGENCIA MUJER,0.0,LIMA METROPOLITANA,LIMA,SAN JUAN DE LURIGANCHO,COM011,MARISCAL CACERES 1/,4,2.0,2.0,0.0,0.0,0.0,0.0,0.0,0.0,0.0,2.0,2.0,0.0
716,2020,ENE - DIC,15/01/2021,ENT001,PROGRAMA NACIONAL CONTRA LA VIOLENCIA FAMILIAR Y SEXUAL,LIN001,ATENCIï¿½N INTEGRAL Y MULTIDISCIPLINARIA PARA VICTIMAS DE VIOLENCIA,SER001,CENTRO EMERGENCIA MUJER,0.0,LIMA METROPOLITANA,LIMA,LOS OLIVOS,COM018,LAURA CALLER,1,0.0,1.0,0.0,0.0,0.0,0.0,0.0,0.0,0.0,0.0,1.0,0.0
717,2020,ENE - DIC,15/01/2021,ENT001,PROGRAMA NACIONAL CONTRA LA VIOLENCIA FAMILIAR Y SEXUAL,LIN001,ATENCIï¿½N INTEGRAL Y MULTIDISCIPLINARIA PARA VICTIMAS DE VIOLENCIA,SER001,CENTRO EMERGENCIA MUJER,0.0,LIMA METROPOLITANA,LIMA,SAN MARTIN DE PORRES,COM019,SAN MARTIN DE PORRES,1,0.0,1.0,0.0,0.0,0.0,0.0,0.0,0.0,0.0,1.0,0.0,0.0
720,2020,ENE - DIC,15/01/2021,ENT001,PROGRAMA NACIONAL CONTRA LA VIOLENCIA FAMILIAR Y SEXUAL,LIN001,ATENCIï¿½N INTEGRAL Y MULTIDISCIPLINARIA PARA VICTIMAS DE VIOLENCIA,SER001,CENTRO EMERGENCIA MUJER,0.0,LIMA METROPOLITANA,LIMA,SANTA ANITA,COM028,SANTA ANITA,6,5.0,1.0,0.0,0.0,0.0,0.0,0.0,0.0,0.0,3.0,3.0,0.0
725,2020,ENE - DIC,15/01/2021,ENT001,PROGRAMA NACIONAL CONTRA LA VIOLENCIA FAMILIAR Y SEXUAL,LIN001,ATENCIï¿½N INTEGRAL Y MULTIDISCIPLINARIA PARA VICTIMAS DE VIOLENCIA,SER001,CENTRO EMERGENCIA MUJER,0.0,LIMA METROPOLITANA,LIMA,PUEBLO LIBRE,COM034,PUEBLO LIBRE,2,2.0,0.0,0.0,0.0,0.0,0.0,0.0,0.0,0.0,1.0,1.0,0.0
726,2020,ENE - DIC,15/01/2021,ENT001,PROGRAMA NACIONAL CONTRA LA VIOLENCIA FAMILIAR Y SEXUAL,LIN001,ATENCIï¿½N INTEGRAL Y MULTIDISCIPLINARIA PARA VICTIMAS DE VIOLENCIA,SER001,CENTRO EMERGENCIA MUJER,0.0,LIMA METROPOLITANA,LIMA,LURIN,COM036,LURIN,1,0.0,1.0,0.0,0.0,0.0,0.0,0.0,0.0,0.0,0.0,1.0,0.0
727,2020,ENE - DIC,15/01/2021,ENT001,PROGRAMA NACIONAL CONTRA LA VIOLENCIA FAMILIAR Y SEXUAL,LIN001,ATENCIï¿½N INTEGRAL Y MULTIDISCIPLINARIA PARA VICTIMAS DE VIOLENCIA,SER001,CENTRO EMERGENCIA MUJER,0.0,LIMA METROPOLITANA,LIMA,SAN BORJA,COM037,SAN BORJA,1,0.0,1.0,0.0,0.0,0.0,0.0,0.0,0.0,0.0,0.0,1.0,0.0
731,2020,ENE - DIC,15/01/2021,ENT001,PROGRAMA NACIONAL CONTRA LA VIOLENCIA FAMILIAR Y SEXUAL,LIN001,ATENCIï¿½N INTEGRAL Y MULTIDISCIPLINARIA PARA VICTIMAS DE VIOLENCIA,SER001,CENTRO EMERGENCIA MUJER,0.0,LIMA METROPOLITANA,LIMA,ATE,COM043,VITARTE,3,0.0,1.0,0.0,2.0,0.0,0.0,0.0,0.0,0.0,2.0,1.0,0.0
733,2020,ENE - DIC,15/01/2021,ENT001,PROGRAMA NACIONAL CONTRA LA VIOLENCIA FAMILIAR Y SEXUAL,LIN001,ATENCIï¿½N INTEGRAL Y MULTIDISCIPLINARIA PARA VICTIMAS DE VIOLENCIA,SER001,CENTRO EMERGENCIA MUJER,0.0,LIMA METROPOLITANA,LIMA,SAN MARTIN DE PORRES,COM046,CONDEVILLA,1,1.0,0.0,0.0,0.0,0.0,0.0,0.0,0.0,0.0,0.0,1.0,0.0
734,2020,ENE - DIC,15/01/2021,ENT001,PROGRAMA NACIONAL CONTRA LA VIOLENCIA FAMILIAR Y SEXUAL,LIN001,ATENCIï¿½N INTEGRAL Y MULTIDISCIPLINARIA PARA VICTIMAS DE VIOLENCIA,SER001,CENTRO EMERGENCIA MUJER,0.0,LIMA PROVINCIA,HUAURA,HUACHO,COM047,HUACHO,2,1.0,1.0,0.0,0.0,0.0,0.0,0.0,0.0,0.0,2.0,0.0,0.0
735,2020,ENE - DIC,15/01/2021,ENT001,PROGRAMA NACIONAL CONTRA LA VIOLENCIA FAMILIAR Y SEXUAL,LIN001,ATENCIï¿½N INTEGRAL Y MULTIDISCIPLINARIA PARA VICTIMAS DE VIOLENCIA,SER001,CENTRO EMERGENCIA MUJER,0.0,LIMA PROVINCIA,BARRANCA,BARRANCA,COM052,BARRANCA,2,1.0,1.0,0.0,0.0,0.0,0.0,0.0,0.0,0.0,0.0,2.0,0.0
736,2020,ENE - DIC,15/01/2021,ENT001,PROGRAMA NACIONAL CONTRA LA VIOLENCIA FAMILIAR Y SEXUAL,LIN001,ATENCIï¿½N INTEGRAL Y MULTIDISCIPLINARIA PARA VICTIMAS DE VIOLENCIA,SER001,CENTRO EMERGENCIA MUJER,0.0,LIMA METROPOLITANA,LIMA,SAN JUAN DE LURIGANCHO,COM054,DE FAMILIA CANTO REY,2,1.0,0.0,1.0,0.0,0.0,0.0,0.0,0.0,0.0,1.0,1.0,0.0
739,2020,ENE - DIC,15/01/2021,ENT001,PROGRAMA NACIONAL CONTRA LA VIOLENCIA FAMILIAR Y SEXUAL,LIN001,ATENCIï¿½N INTEGRAL Y MULTIDISCIPLINARIA PARA VICTIMAS DE VIOLENCIA,SER001,CENTRO EMERGENCIA MUJER,0.0,LIMA METROPOLITANA,LIMA,LA VICTORIA,COM059,APOLO,10,2.0,5.0,3.0,0.0,0.0,0.0,0.0,0.0,0.0,5.0,5.0,0.0
743,2020,ENE - DIC,15/01/2021,ENT001,PROGRAMA NACIONAL CONTRA LA VIOLENCIA FAMILIAR Y SEXUAL,LIN001,ATENCIï¿½N INTEGRAL Y MULTIDISCIPLINARIA PARA VICTIMAS DE VIOLENCIA,SER001,CENTRO EMERGENCIA MUJER,0.0,LIMA METROPOLITANA,LIMA,PUENTE PIEDRA,COM063,PUENTE PIEDRA,3,3.0,0.0,0.0,0.0,0.0,0.0,0.0,0.0,0.0,0.0,3.0,0.0
745,2020,ENE - DIC,15/01/2021,ENT001,PROGRAMA NACIONAL CONTRA LA VIOLENCIA FAMILIAR Y SEXUAL,LIN001,ATENCIï¿½N INTEGRAL Y MULTIDISCIPLINARIA PARA VICTIMAS DE VIOLENCIA,SER001,CENTRO EMERGENCIA MUJER,0.0,LIMA METROPOLITANA,LIMA,SAN ISIDRO,COM069,SAN ISIDRO,3,2.0,1.0,0.0,0.0,0.0,0.0,0.0,0.0,0.0,0.0,2.0,1.0
748,2020,ENE - DIC,15/01/2021,ENT001,PROGRAMA NACIONAL CONTRA LA VIOLENCIA FAMILIAR Y SEXUAL,LIN001,ATENCIï¿½N INTEGRAL Y MULTIDISCIPLINARIA PARA VICTIMAS DE VIOLENCIA,SER001,CENTRO EMERGENCIA MUJER,0.0,LIMA METROPOLITANA,LIMA,BARRANCO,COM078,BARRANCO,1,1.0,0.0,0.0,0.0,0.0,0.0,0.0,0.0,0.0,1.0,0.0,0.0
757,2020,ENE - DIC,15/01/2021,ENT001,PROGRAMA NACIONAL CONTRA LA VIOLENCIA FAMILIAR Y SEXUAL,LIN001,ATENCIï¿½N INTEGRAL Y MULTIDISCIPLINARIA PARA VICTIMAS DE VIOLENCIA,SER001,CENTRO EMERGENCIA MUJER,0.0,LIMA METROPOLITANA,LIMA,LIMA,COM094,ALFONSO UGARTE,1,1.0,0.0,0.0,0.0,0.0,0.0,0.0,0.0,0.0,1.0,0.0,0.0
760,2020,ENE - DIC,15/01/2021,ENT001,PROGRAMA NACIONAL CONTRA LA VIOLENCIA FAMILIAR Y SEXUAL,LIN001,ATENCIï¿½N INTEGRAL Y MULTIDISCIPLINARIA PARA VICTIMAS DE VIOLENCIA,SER001,CENTRO EMERGENCIA MUJER,0.0,LIMA PROVINCIA,HUAURA,SAYAN,COM100,SAYAN,1,0.0,1.0,0.0,0.0,0.0,0.0,0.0,0.0,0.0,1.0,0.0,0.0
761,2020,ENE - DIC,15/01/2021,ENT001,PROGRAMA NACIONAL CONTRA LA VIOLENCIA FAMILIAR Y SEXUAL,LIN001,ATENCIï¿½N INTEGRAL Y MULTIDISCIPLINARIA PARA VICTIMAS DE VIOLENCIA,SER001,CENTRO EMERGENCIA MUJER,0.0,LIMA METROPOLITANA,LIMA,LOS OLIVOS,COM102,SOL DE ORO,1,1.0,0.0,0.0,0.0,0.0,0.0,0.0,0.0,0.0,0.0,1.0,0.0
762,2020,ENE - DIC,15/01/2021,ENT001,PROGRAMA NACIONAL CONTRA LA VIOLENCIA FAMILIAR Y SEXUAL,LIN001,ATENCIï¿½N INTEGRAL Y MULTIDISCIPLINARIA PARA VICTIMAS DE VIOLENCIA,SER001,CENTRO EMERGENCIA MUJER,0.0,LIMA METROPOLITANA,LIMA,SAN JUAN DE LURIGANCHO,COM106,CAJA DE AGUA,2,1.0,1.0,0.0,0.0,0.0,0.0,0.0,0.0,1.0,1.0,0.0,0.0
763,2020,ENE - DIC,15/01/2021,ENT001,PROGRAMA NACIONAL CONTRA LA VIOLENCIA FAMILIAR Y SEXUAL,LIN001,ATENCIï¿½N INTEGRAL Y MULTIDISCIPLINARIA PARA VICTIMAS DE VIOLENCIA,SER001,CENTRO EMERGENCIA MUJER,0.0,LIMA METROPOLITANA,LIMA,LURIN,COM108,VILLA ALEJANDRO,2,2.0,0.0,0.0,0.0,0.0,0.0,0.0,0.0,0.0,1.0,1.0,0.0
766,2020,ENE - DIC,15/01/2021,ENT001,PROGRAMA NACIONAL CONTRA LA VIOLENCIA FAMILIAR Y SEXUAL,LIN001,ATENCIï¿½N INTEGRAL Y MULTIDISCIPLINARIA PARA VICTIMAS DE VIOLENCIA,SER001,CENTRO EMERGENCIA MUJER,0.0,LIMA METROPOLITANA,LIMA,SAN JUAN DE MIRAFLORES,COM113,PAMPLONA II,1,0.0,1.0,0.0,0.0,0.0,0.0,0.0,0.0,0.0,0.0,1.0,0.0
768,2020,ENE - DIC,15/01/2021,ENT001,PROGRAMA NACIONAL CONTRA LA VIOLENCIA FAMILIAR Y SEXUAL,LIN001,ATENCIï¿½N INTEGRAL Y MULTIDISCIPLINARIA PARA VICTIMAS DE VIOLENCIA,SER001,CENTRO EMERGENCIA MUJER,0.0,LIMA METROPOLITANA,LIMA,LIMA,COM117,PALOMINO,1,0.0,0.0,1.0,0.0,0.0,0.0,0.0,0.0,0.0,0.0,1.0,0.0
773,2020,ENE - DIC,15/01/2021,ENT001,PROGRAMA NACIONAL CONTRA LA VIOLENCIA FAMILIAR Y SEXUAL,LIN001,ATENCIï¿½N INTEGRAL Y MULTIDISCIPLINARIA PARA VICTIMAS DE VIOLENCIA,SER001,CENTRO EMERGENCIA MUJER,0.0,LIMA METROPOLITANA,LIMA,SAN JUAN DE LURIGANCHO,COM126,BAYOVAR,1,1.0,0.0,0.0,0.0,0.0,0.0,0.0,0.0,0.0,1.0,0.0,0.0
776,2020,ENE - DIC,15/01/2021,ENT001,PROGRAMA NACIONAL CONTRA LA VIOLENCIA FAMILIAR Y SEXUAL,LIN001,ATENCIï¿½N INTEGRAL Y MULTIDISCIPLINARIA PARA VICTIMAS DE VIOLENCIA,SER001,CENTRO EMERGENCIA MUJER,0.0,LIMA PROVINCIA,HUAROCHIRI,SAN ANTONIO,COM131,JICAMARCA II,3,0.0,2.0,0.0,1.0,0.0,0.0,0.0,0.0,1.0,1.0,1.0,0.0
777,2020,ENE - DIC,15/01/2021,ENT001,PROGRAMA NACIONAL CONTRA LA VIOLENCIA FAMILIAR Y SEXUAL,LIN001,ATENCIï¿½N INTEGRAL Y MULTIDISCIPLINARIA PARA VICTIMAS DE VIOLENCIA,SER001,CENTRO EMERGENCIA MUJER,0.0,LIMA PROVINCIA,BARRANCA,PARAMONGA,COM132,PARAMONGA,1,0.0,1.0,0.0,0.0,0.0,0.0,0.0,0.0,0.0,1.0,0.0,0.0
784,2020,ENE - DIC,15/01/2021,ENT001,PROGRAMA NACIONAL CONTRA LA VIOLENCIA FAMILIAR Y SEXUAL,LIN001,ATENCIï¿½N INTEGRAL Y MULTIDISCIPLINARIA PARA VICTIMAS DE VIOLENCIA,SER001,CENTRO EMERGENCIA MUJER,0.0,LIMA METROPOLITANA,LIMA,RIMAC,COM144,CIUDAD Y CAMPO,2,0.0,1.0,1.0,0.0,0.0,0.0,0.0,0.0,1.0,1.0,0.0,0.0
789,2020,ENE - DIC,15/01/2021,ENT001,PROGRAMA NACIONAL CONTRA LA VIOLENCIA FAMILIAR Y SEXUAL,LIN001,ATENCIï¿½N INTEGRAL Y MULTIDISCIPLINARIA PARA VICTIMAS DE VIOLENCIA,SER001,CENTRO EMERGENCIA MUJER,0.0,LIMA METROPOLITANA,LIMA,INDEPENDENCIA,COM152,INDEPENDENCIA,1,0.0,1.0,0.0,0.0,0.0,0.0,0.0,0.0,0.0,1.0,0.0,0.0
808,2021,ENE - DIC,15/01/2022,ENT001,PROGRAMA NACIONAL CONTRA LA VIOLENCIA FAMILIAR Y SEXUAL,LIN001,ATENCIï¿½N INTEGRAL Y MULTIDISCIPLINARIA PARA VICTIMAS DE VIOLENCIA,SER001,CENTRO EMERGENCIA MUJER,0.0,LIMA METROPOLITANA,LIMA,LIMA,COM094,ALFONSO UGARTE,2,1.0,1.0,0.0,0.0,0.0,0.0,0.0,0.0,0.0,2.0,0.0,0.0
811,2021,ENE - DIC,15/01/2022,ENT001,PROGRAMA NACIONAL CONTRA LA VIOLENCIA FAMILIAR Y SEXUAL,LIN001,ATENCIï¿½N INTEGRAL Y MULTIDISCIPLINARIA PARA VICTIMAS DE VIOLENCIA,SER001,CENTRO EMERGENCIA MUJER,0.0,LIMA METROPOLITANA,LIMA,ANCON,COM110,ANCON,1,1.0,0.0,0.0,0.0,0.0,0.0,0.0,0.0,0.0,1.0,0.0,0.0
812,2021,ENE - DIC,15/01/2022,ENT001,PROGRAMA NACIONAL CONTRA LA VIOLENCIA FAMILIAR Y SEXUAL,LIN001,ATENCIï¿½N INTEGRAL Y MULTIDISCIPLINARIA PARA VICTIMAS DE VIOLENCIA,SER001,CENTRO EMERGENCIA MUJER,0.0,LIMA METROPOLITANA,LIMA,LA VICTORIA,COM059,APOLO,7,3.0,3.0,1.0,0.0,0.0,0.0,0.0,0.0,0.0,5.0,2.0,0.0
815,2021,ENE - DIC,15/01/2022,ENT001,PROGRAMA NACIONAL CONTRA LA VIOLENCIA FAMILIAR Y SEXUAL,LIN001,ATENCIï¿½N INTEGRAL Y MULTIDISCIPLINARIA PARA VICTIMAS DE VIOLENCIA,SER001,CENTRO EMERGENCIA MUJER,0.0,LIMA PROVINCIA,BARRANCA,BARRANCA,COM052,BARRANCA,1,1.0,0.0,0.0,0.0,0.0,0.0,0.0,0.0,0.0,1.0,0.0,0.0
817,2021,ENE - DIC,15/01/2022,ENT001,PROGRAMA NACIONAL CONTRA LA VIOLENCIA FAMILIAR Y SEXUAL,LIN001,ATENCIï¿½N INTEGRAL Y MULTIDISCIPLINARIA PARA VICTIMAS DE VIOLENCIA,SER001,CENTRO EMERGENCIA MUJER,0.0,LIMA METROPOLITANA,LIMA,SAN JUAN DE LURIGANCHO,COM106,CAJA DE AGUA,2,0.0,2.0,0.0,0.0,0.0,0.0,0.0,0.0,0.0,2.0,0.0,0.0
824,2021,ENE - DIC,15/01/2022,ENT001,PROGRAMA NACIONAL CONTRA LA VIOLENCIA FAMILIAR Y SEXUAL,LIN001,ATENCIï¿½N INTEGRAL Y MULTIDISCIPLINARIA PARA VICTIMAS DE VIOLENCIA,SER001,CENTRO EMERGENCIA MUJER,0.0,LIMA METROPOLITANA,LIMA,CHORRILLOS,COM008,CHORRILLOS,4,1.0,2.0,0.0,1.0,0.0,0.0,0.0,0.0,0.0,0.0,4.0,0.0
826,2021,ENE - DIC,15/01/2022,ENT001,PROGRAMA NACIONAL CONTRA LA VIOLENCIA FAMILIAR Y SEXUAL,LIN001,ATENCIï¿½N INTEGRAL Y MULTIDISCIPLINARIA PARA VICTIMAS DE VIOLENCIA,SER001,CENTRO EMERGENCIA MUJER,0.0,LIMA METROPOLITANA,LIMA,RIMAC,COM144,CIUDAD Y CAMPO,1,1.0,0.0,0.0,0.0,0.0,0.0,0.0,0.0,0.0,0.0,1.0,0.0
831,2021,ENE - DIC,15/01/2022,ENT001,PROGRAMA NACIONAL CONTRA LA VIOLENCIA FAMILIAR Y SEXUAL,LIN001,ATENCIï¿½N INTEGRAL Y MULTIDISCIPLINARIA PARA VICTIMAS DE VIOLENCIA,SER001,CENTRO EMERGENCIA MUJER,0.0,LIMA METROPOLITANA,LIMA,SAN JUAN DE LURIGANCHO,COM054,DE FAMILIA CANTO REY,1,0.0,1.0,0.0,0.0,0.0,0.0,0.0,0.0,0.0,1.0,0.0,0.0
840,2021,ENE - DIC,15/01/2022,ENT001,PROGRAMA NACIONAL CONTRA LA VIOLENCIA FAMILIAR Y SEXUAL,LIN001,ATENCIï¿½N INTEGRAL Y MULTIDISCIPLINARIA PARA VICTIMAS DE VIOLENCIA,SER001,CENTRO EMERGENCIA MUJER,0.0,LIMA METROPOLITANA,LIMA,LURIGANCHO,COM155,HUACHIPA,2,1.0,1.0,0.0,0.0,0.0,0.0,0.0,0.0,0.0,1.0,1.0,0.0
841,2021,ENE - DIC,15/01/2022,ENT001,PROGRAMA NACIONAL CONTRA LA VIOLENCIA FAMILIAR Y SEXUAL,LIN001,ATENCIï¿½N INTEGRAL Y MULTIDISCIPLINARIA PARA VICTIMAS DE VIOLENCIA,SER001,CENTRO EMERGENCIA MUJER,0.0,LIMA PROVINCIA,HUAURA,HUACHO,COM047,HUACHO,2,1.0,1.0,0.0,0.0,0.0,0.0,0.0,0.0,0.0,0.0,2.0,0.0
849,2021,ENE - DIC,15/01/2022,ENT001,PROGRAMA NACIONAL CONTRA LA VIOLENCIA FAMILIAR Y SEXUAL,LIN001,ATENCIï¿½N INTEGRAL Y MULTIDISCIPLINARIA PARA VICTIMAS DE VIOLENCIA,SER001,CENTRO EMERGENCIA MUJER,0.0,LIMA METROPOLITANA,LIMA,INDEPENDENCIA,COM152,INDEPENDENCIA,1,0.0,1.0,0.0,0.0,0.0,0.0,0.0,0.0,0.0,1.0,0.0,0.0
852,2021,ENE - DIC,15/01/2022,ENT001,PROGRAMA NACIONAL CONTRA LA VIOLENCIA FAMILIAR Y SEXUAL,LIN001,ATENCIï¿½N INTEGRAL Y MULTIDISCIPLINARIA PARA VICTIMAS DE VIOLENCIA,SER001,CENTRO EMERGENCIA MUJER,0.0,LIMA PROVINCIA,HUAROCHIRI,SAN ANTONIO,COM131,JICAMARCA II,3,1.0,2.0,0.0,0.0,0.0,0.0,0.0,0.0,0.0,0.0,3.0,0.0
856,2021,ENE - DIC,15/01/2022,ENT001,PROGRAMA NACIONAL CONTRA LA VIOLENCIA FAMILIAR Y SEXUAL,LIN001,ATENCIï¿½N INTEGRAL Y MULTIDISCIPLINARIA PARA VICTIMAS DE VIOLENCIA,SER001,CENTRO EMERGENCIA MUJER,0.0,LIMA METROPOLITANA,LIMA,LA MOLINA,COM058,LA MOLINA,2,1.0,0.0,0.0,1.0,0.0,0.0,0.0,0.0,0.0,0.0,2.0,0.0
858,2021,ENE - DIC,15/01/2022,ENT001,PROGRAMA NACIONAL CONTRA LA VIOLENCIA FAMILIAR Y SEXUAL,LIN001,ATENCIï¿½N INTEGRAL Y MULTIDISCIPLINARIA PARA VICTIMAS DE VIOLENCIA,SER001,CENTRO EMERGENCIA MUJER,0.0,LIMA METROPOLITANA,LIMA,LA MOLINA,COM118,LAS PRADERAS,1,0.0,1.0,0.0,0.0,0.0,0.0,0.0,0.0,0.0,1.0,0.0,0.0
859,2021,ENE - DIC,15/01/2022,ENT001,PROGRAMA NACIONAL CONTRA LA VIOLENCIA FAMILIAR Y SEXUAL,LIN001,ATENCIï¿½N INTEGRAL Y MULTIDISCIPLINARIA PARA VICTIMAS DE VIOLENCIA,SER001,CENTRO EMERGENCIA MUJER,0.0,LIMA METROPOLITANA,LIMA,LURIN,COM036,LURIN,3,1.0,2.0,0.0,0.0,0.0,0.0,0.0,0.0,0.0,2.0,1.0,0.0
860,2021,ENE - DIC,15/01/2022,ENT001,PROGRAMA NACIONAL CONTRA LA VIOLENCIA FAMILIAR Y SEXUAL,LIN001,ATENCIï¿½N INTEGRAL Y MULTIDISCIPLINARIA PARA VICTIMAS DE VIOLENCIA,SER001,CENTRO EMERGENCIA MUJER,0.0,LIMA METROPOLITANA,LIMA,SAN MIGUEL,COM151,MARANGA,1,0.0,0.0,1.0,0.0,0.0,0.0,0.0,0.0,0.0,0.0,1.0,0.0
861,2021,ENE - DIC,15/01/2022,ENT001,PROGRAMA NACIONAL CONTRA LA VIOLENCIA FAMILIAR Y SEXUAL,LIN001,ATENCIï¿½N INTEGRAL Y MULTIDISCIPLINARIA PARA VICTIMAS DE VIOLENCIA,SER001,CENTRO EMERGENCIA MUJER,0.0,LIMA METROPOLITANA,LIMA,SAN JUAN DE LURIGANCHO,COM011,MARISCAL CACERES,3,1.0,1.0,0.0,1.0,0.0,0.0,0.0,0.0,0.0,1.0,2.0,0.0
865,2021,ENE - DIC,15/01/2022,ENT001,PROGRAMA NACIONAL CONTRA LA VIOLENCIA FAMILIAR Y SEXUAL,LIN001,ATENCIï¿½N INTEGRAL Y MULTIDISCIPLINARIA PARA VICTIMAS DE VIOLENCIA,SER001,CENTRO EMERGENCIA MUJER,0.0,LIMA METROPOLITANA,LIMA,SAN JUAN DE MIRAFLORES,COM113,PAMPLONA II,4,0.0,2.0,1.0,1.0,0.0,0.0,0.0,0.0,0.0,2.0,2.0,0.0
866,2021,ENE - DIC,15/01/2022,ENT001,PROGRAMA NACIONAL CONTRA LA VIOLENCIA FAMILIAR Y SEXUAL,LIN001,ATENCIï¿½N INTEGRAL Y MULTIDISCIPLINARIA PARA VICTIMAS DE VIOLENCIA,SER001,CENTRO EMERGENCIA MUJER,0.0,LIMA METROPOLITANA,LIMA,PUEBLO LIBRE,COM034,PUEBLO LIBRE,1,0.0,1.0,0.0,0.0,0.0,0.0,0.0,0.0,0.0,1.0,0.0,0.0
867,2021,ENE - DIC,15/01/2022,ENT001,PROGRAMA NACIONAL CONTRA LA VIOLENCIA FAMILIAR Y SEXUAL,LIN001,ATENCIï¿½N INTEGRAL Y MULTIDISCIPLINARIA PARA VICTIMAS DE VIOLENCIA,SER001,CENTRO EMERGENCIA MUJER,0.0,LIMA METROPOLITANA,LIMA,PUENTE PIEDRA,COM063,PUENTE PIEDRA,6,3.0,3.0,0.0,0.0,0.0,0.0,0.0,0.0,0.0,5.0,1.0,0.0
870,2021,ENE - DIC,15/01/2022,ENT001,PROGRAMA NACIONAL CONTRA LA VIOLENCIA FAMILIAR Y SEXUAL,LIN001,ATENCIï¿½N INTEGRAL Y MULTIDISCIPLINARIA PARA VICTIMAS DE VIOLENCIA,SER001,CENTRO EMERGENCIA MUJER,0.0,LIMA METROPOLITANA,LIMA,SANTIAGO DE SURCO,COM010,SAGITARIO,2,0.0,2.0,0.0,0.0,0.0,0.0,0.0,0.0,0.0,0.0,2.0,0.0
873,2021,ENE - DIC,15/01/2022,ENT001,PROGRAMA NACIONAL CONTRA LA VIOLENCIA FAMILIAR Y SEXUAL,LIN001,ATENCIï¿½N INTEGRAL Y MULTIDISCIPLINARIA PARA VICTIMAS DE VIOLENCIA,SER001,CENTRO EMERGENCIA MUJER,0.0,LIMA PROVINCIA,CAï¿½ETE,SAN ANTONIO,COM083,SAN ANTONIO - CAï¿½ETE,2,1.0,1.0,0.0,0.0,0.0,0.0,0.0,0.0,0.0,1.0,1.0,0.0
874,2021,ENE - DIC,15/01/2022,ENT001,PROGRAMA NACIONAL CONTRA LA VIOLENCIA FAMILIAR Y SEXUAL,LIN001,ATENCIï¿½N INTEGRAL Y MULTIDISCIPLINARIA PARA VICTIMAS DE VIOLENCIA,SER001,CENTRO EMERGENCIA MUJER,0.0,LIMA METROPOLITANA,LIMA,SAN ISIDRO,COM069,SAN ISIDRO,1,0.0,0.0,0.0,1.0,0.0,0.0,0.0,0.0,0.0,0.0,1.0,0.0
878,2021,ENE - DIC,15/01/2022,ENT001,PROGRAMA NACIONAL CONTRA LA VIOLENCIA FAMILIAR Y SEXUAL,LIN001,ATENCIï¿½N INTEGRAL Y MULTIDISCIPLINARIA PARA VICTIMAS DE VIOLENCIA,SER001,CENTRO EMERGENCIA MUJER,0.0,LIMA METROPOLITANA,LIMA,CARABAYLLO,COM020,SAN PEDRO DE CARABAYLLO,1,1.0,0.0,0.0,0.0,0.0,0.0,0.0,0.0,0.0,1.0,0.0,0.0
880,2021,ENE - DIC,15/01/2022,ENT001,PROGRAMA NACIONAL CONTRA LA VIOLENCIA FAMILIAR Y SEXUAL,LIN001,ATENCIï¿½N INTEGRAL Y MULTIDISCIPLINARIA PARA VICTIMAS DE VIOLENCIA,SER001,CENTRO EMERGENCIA MUJER,0.0,LIMA PROVINCIA,CAï¿½ETE,SAN VICENTE DE CAï¿½ETE,COM085,SAN VICENTE DE CAï¿½ETE,3,3.0,0.0,0.0,0.0,0.0,0.0,0.0,0.0,0.0,1.0,2.0,0.0
881,2021,ENE - DIC,15/01/2022,ENT001,PROGRAMA NACIONAL CONTRA LA VIOLENCIA FAMILIAR Y SEXUAL,LIN001,ATENCIï¿½N INTEGRAL Y MULTIDISCIPLINARIA PARA VICTIMAS DE VIOLENCIA,SER001,CENTRO EMERGENCIA MUJER,0.0,LIMA METROPOLITANA,LIMA,SANTA ANITA,COM028,SANTA ANITA,3,1.0,2.0,0.0,0.0,0.0,0.0,0.0,0.0,0.0,1.0,2.0,0.0
883,2021,ENE - DIC,15/01/2022,ENT001,PROGRAMA NACIONAL CONTRA LA VIOLENCIA FAMILIAR Y SEXUAL,LIN001,ATENCIï¿½N INTEGRAL Y MULTIDISCIPLINARIA PARA VICTIMAS DE VIOLENCIA,SER001,CENTRO EMERGENCIA MUJER,0.0,LIMA METROPOLITANA,LIMA,ATE,COM050,SANTA CLARA,1,0.0,1.0,0.0,0.0,0.0,0.0,0.0,0.0,0.0,0.0,1.0,0.0
884,2021,ENE - DIC,15/01/2022,ENT001,PROGRAMA NACIONAL CONTRA LA VIOLENCIA FAMILIAR Y SEXUAL,LIN001,ATENCIï¿½N INTEGRAL Y MULTIDISCIPLINARIA PARA VICTIMAS DE VIOLENCIA,SER001,CENTRO EMERGENCIA MUJER,0.0,LIMA METROPOLITANA,LIMA,SAN JUAN DE LURIGANCHO,COM101,SANTA ELIZABETH,1,1.0,0.0,0.0,0.0,0.0,0.0,0.0,0.0,0.0,1.0,0.0,0.0
887,2021,ENE - DIC,15/01/2022,ENT001,PROGRAMA NACIONAL CONTRA LA VIOLENCIA FAMILIAR Y SEXUAL,LIN001,ATENCIï¿½N INTEGRAL Y MULTIDISCIPLINARIA PARA VICTIMAS DE VIOLENCIA,SER001,CENTRO EMERGENCIA MUJER,0.0,LIMA PROVINCIA,HUAURA,SAYAN,COM100,SAYAN,1,1.0,0.0,0.0,0.0,0.0,0.0,0.0,0.0,0.0,1.0,0.0,0.0
894,2021,ENE - DIC,15/01/2022,ENT001,PROGRAMA NACIONAL CONTRA LA VIOLENCIA FAMILIAR Y SEXUAL,LIN001,ATENCIï¿½N INTEGRAL Y MULTIDISCIPLINARIA PARA VICTIMAS DE VIOLENCIA,SER001,CENTRO EMERGENCIA MUJER,0.0,LIMA METROPOLITANA,LIMA,LOS OLIVOS,COM102,SOL DE ORO,1,0.0,1.0,0.0,0.0,0.0,0.0,0.0,0.0,0.0,0.0,1.0,0.0
895,2021,ENE - DIC,15/01/2022,ENT001,PROGRAMA NACIONAL CONTRA LA VIOLENCIA FAMILIAR Y SEXUAL,LIN001,ATENCIï¿½N INTEGRAL Y MULTIDISCIPLINARIA PARA VICTIMAS DE VIOLENCIA,SER001,CENTRO EMERGENCIA MUJER,0.0,LIMA METROPOLITANA,LIMA,LURIN,COM108,VILLA ALEJANDRO,2,1.0,1.0,0.0,0.0,0.0,0.0,0.0,0.0,0.0,1.0,1.0,0.0
896,2021,ENE - DIC,15/01/2022,ENT001,PROGRAMA NACIONAL CONTRA LA VIOLENCIA FAMILIAR Y SEXUAL,LIN001,ATENCIï¿½N INTEGRAL Y MULTIDISCIPLINARIA PARA VICTIMAS DE VIOLENCIA,SER001,CENTRO EMERGENCIA MUJER,0.0,LIMA METROPOLITANA,LIMA,VILLA MARIA DEL TRIUNFO,COM005,VILLA MARIA DEL TRIUNFO,8,3.0,5.0,0.0,0.0,0.0,0.0,0.0,0.0,0.0,4.0,4.0,0.0
906,2021,ENE - DIC,15/01/2022,ENT001,PROGRAMA NACIONAL CONTRA LA VIOLENCIA FAMILIAR Y SEXUAL,LIN001,ATENCIï¿½N INTEGRAL Y MULTIDISCIPLINARIA PARA VICTIMAS DE VIOLENCIA,SER001,CENTRO EMERGENCIA MUJER,0.0,LIMA PROVINCIA,HUARAL,HUARAL,CEM124,HUARAL,3,2.0,0.0,0.0,1.0,0.0,0.0,0.0,0.0,0.0,1.0,2.0,0.0
910,2021,ENE - DIC,15/01/2022,ENT001,PROGRAMA NACIONAL CONTRA LA VIOLENCIA FAMILIAR Y SEXUAL,LIN001,ATENCIï¿½N INTEGRAL Y MULTIDISCIPLINARIA PARA VICTIMAS DE VIOLENCIA,SER001,CENTRO EMERGENCIA MUJER,0.0,LIMA METROPOLITANA,LIMA,INDEPENDENCIA,CEM050,INDEPENDENCIA,3,0.0,1.0,2.0,0.0,0.0,0.0,0.0,0.0,0.0,1.0,0.0,2.0
914,2021,ENE - DIC,15/01/2022,ENT001,PROGRAMA NACIONAL CONTRA LA VIOLENCIA FAMILIAR Y SEXUAL,LIN001,ATENCIï¿½N INTEGRAL Y MULTIDISCIPLINARIA PARA VICTIMAS DE VIOLENCIA,SER001,CENTRO EMERGENCIA MUJER,0.0,LIMA METROPOLITANA,LIMA,LA MOLINA,CEM087,LA MOLINA,1,1.0,0.0,0.0,0.0,0.0,0.0,0.0,0.0,0.0,1.0,0.0,0.0
915,2021,ENE - DIC,15/01/2022,ENT001,PROGRAMA NACIONAL CONTRA LA VIOLENCIA FAMILIAR Y SEXUAL,LIN001,ATENCIï¿½N INTEGRAL Y MULTIDISCIPLINARIA PARA VICTIMAS DE VIOLENCIA,SER001,CENTRO EMERGENCIA MUJER,0.0,LIMA METROPOLITANA,LIMA,LA VICTORIA,CEM241,LA VICTORIA,3,0.0,3.0,0.0,0.0,0.0,0.0,0.0,0.0,0.0,1.0,2.0,0.0
918,2021,ENE - DIC,15/01/2022,ENT001,PROGRAMA NACIONAL CONTRA LA VIOLENCIA FAMILIAR Y SEXUAL,LIN001,ATENCIï¿½N INTEGRAL Y MULTIDISCIPLINARIA PARA VICTIMAS DE VIOLENCIA,SER001,CENTRO EMERGENCIA MUJER,0.0,LIMA METROPOLITANA,LIMA,MAGDALENA DEL MAR,CEM058,MAGDALENA DEL MAR,3,2.0,1.0,0.0,0.0,0.0,0.0,0.0,0.0,0.0,0.0,3.0,0.0
920,2021,ENE - DIC,15/01/2022,ENT001,PROGRAMA NACIONAL CONTRA LA VIOLENCIA FAMILIAR Y SEXUAL,LIN001,ATENCIï¿½N INTEGRAL Y MULTIDISCIPLINARIA PARA VICTIMAS DE VIOLENCIA,SER001,CENTRO EMERGENCIA MUJER,0.0,LIMA METROPOLITANA,LIMA,PACHACAMAC,CEM064,MANCHAY,2,1.0,0.0,1.0,0.0,0.0,0.0,0.0,0.0,0.0,2.0,0.0,0.0
930,2021,ENE - DIC,15/01/2022,ENT001,PROGRAMA NACIONAL CONTRA LA VIOLENCIA FAMILIAR Y SEXUAL,LIN001,ATENCIï¿½N INTEGRAL Y MULTIDISCIPLINARIA PARA VICTIMAS DE VIOLENCIA,SER001,CENTRO EMERGENCIA MUJER,0.0,LIMA METROPOLITANA,LIMA,PUENTE PIEDRA,CEM122,PUENTE PIEDRA,1,0.0,1.0,0.0,0.0,0.0,0.0,0.0,0.0,0.0,1.0,0.0,0.0
935,2021,ENE - DIC,15/01/2022,ENT001,PROGRAMA NACIONAL CONTRA LA VIOLENCIA FAMILIAR Y SEXUAL,LIN001,ATENCIï¿½N INTEGRAL Y MULTIDISCIPLINARIA PARA VICTIMAS DE VIOLENCIA,SER001,CENTRO EMERGENCIA MUJER,0.0,LIMA METROPOLITANA,LIMA,RIMAC,CEM145,RIMAC,2,0.0,2.0,0.0,0.0,0.0,0.0,0.0,0.0,0.0,1.0,1.0,0.0
937,2021,ENE - DIC,15/01/2022,ENT001,PROGRAMA NACIONAL CONTRA LA VIOLENCIA FAMILIAR Y SEXUAL,LIN001,ATENCIï¿½N INTEGRAL Y MULTIDISCIPLINARIA PARA VICTIMAS DE VIOLENCIA,SER001,CENTRO EMERGENCIA MUJER,0.0,LIMA METROPOLITANA,LIMA,SAN JUAN DE LURIGANCHO,CEM088,SAN JUAN DE LURIGANCHO,1,1.0,0.0,0.0,0.0,0.0,0.0,0.0,0.0,0.0,1.0,0.0,0.0
938,2021,ENE - DIC,15/01/2022,ENT001,PROGRAMA NACIONAL CONTRA LA VIOLENCIA FAMILIAR Y SEXUAL,LIN001,ATENCIï¿½N INTEGRAL Y MULTIDISCIPLINARIA PARA VICTIMAS DE VIOLENCIA,SER001,CENTRO EMERGENCIA MUJER,0.0,LIMA METROPOLITANA,LIMA,SAN JUAN DE MIRAFLORES,CEM076,SAN JUAN DE MIRAFLORES,2,1.0,0.0,0.0,1.0,0.0,0.0,0.0,0.0,0.0,0.0,2.0,0.0
939,2021,ENE - DIC,15/01/2022,ENT001,PROGRAMA NACIONAL CONTRA LA VIOLENCIA FAMILIAR Y SEXUAL,LIN001,ATENCIï¿½N INTEGRAL Y MULTIDISCIPLINARIA PARA VICTIMAS DE VIOLENCIA,SER001,CENTRO EMERGENCIA MUJER,0.0,LIMA METROPOLITANA,LIMA,SAN MARTIN DE PORRES,CEM089,SAN MARTIN DE PORRES,1,0.0,1.0,0.0,0.0,0.0,0.0,0.0,0.0,0.0,0.0,1.0,0.0
947,2021,ENE - DIC,15/01/2022,ENT001,PROGRAMA NACIONAL CONTRA LA VIOLENCIA FAMILIAR Y SEXUAL,LIN001,ATENCIï¿½N INTEGRAL Y MULTIDISCIPLINARIA PARA VICTIMAS DE VIOLENCIA,SER001,CENTRO EMERGENCIA MUJER,0.0,LIMA METROPOLITANA,LIMA,VILLA EL SALVADOR,CEM109,VILLA EL SALVADOR,3,2.0,1.0,0.0,0.0,0.0,0.0,0.0,0.0,0.0,1.0,2.0,0.0
948,2021,ENE - DIC,15/01/2022,ENT001,PROGRAMA NACIONAL CONTRA LA VIOLENCIA FAMILIAR Y SEXUAL,LIN001,ATENCIï¿½N INTEGRAL Y MULTIDISCIPLINARIA PARA VICTIMAS DE VIOLENCIA,SER001,CENTRO EMERGENCIA MUJER,0.0,LIMA METROPOLITANA,LIMA,VILLA MARIA DEL TRIUNFO,CEM110,VILLA MARIA DEL TRIUNFO,1,1.0,0.0,0.0,0.0,0.0,0.0,0.0,0.0,0.0,0.0,1.0,0.0
959,2022,ENE - DIC,15/01/2023,ENT001,PROGRAMA NACIONAL CONTRA LA VIOLENCIA FAMILIAR Y SEXUAL,LIN001,ATENCIï¿½N INTEGRAL Y MULTIDISCIPLINARIA PARA VICTIMAS DE VIOLENCIA,SER001,CENTRO EMERGENCIA MUJER,150110.0,LIMA METROPOLITANA,LIMA,COMAS,CEM029,COMAS,1,1.0,0.0,0.0,0.0,0.0,0.0,0.0,0.0,0.0,0.0,1.0,0.0
962,2022,ENE - DIC,15/01/2023,ENT001,PROGRAMA NACIONAL CONTRA LA VIOLENCIA FAMILIAR Y SEXUAL,LIN001,ATENCIï¿½N INTEGRAL Y MULTIDISCIPLINARIA PARA VICTIMAS DE VIOLENCIA,SER001,CENTRO EMERGENCIA MUJER,150111.0,LIMA METROPOLITANA,LIMA,EL AGUSTINO,CEM032,EL AGUSTINO,1,1.0,0.0,0.0,0.0,0.0,0.0,0.0,0.0,0.0,0.0,1.0,0.0
964,2022,ENE - DIC,15/01/2023,ENT001,PROGRAMA NACIONAL CONTRA LA VIOLENCIA FAMILIAR Y SEXUAL,LIN001,ATENCIï¿½N INTEGRAL Y MULTIDISCIPLINARIA PARA VICTIMAS DE VIOLENCIA,SER001,CENTRO EMERGENCIA MUJER,150112.0,LIMA METROPOLITANA,LIMA,INDEPENDENCIA,CEM050,INDEPENDENCIA,1,0.0,1.0,0.0,0.0,0.0,0.0,0.0,0.0,0.0,1.0,0.0,0.0
967,2022,ENE - DIC,15/01/2023,ENT001,PROGRAMA NACIONAL CONTRA LA VIOLENCIA FAMILIAR Y SEXUAL,LIN001,ATENCIï¿½N INTEGRAL Y MULTIDISCIPLINARIA PARA VICTIMAS DE VIOLENCIA,SER001,CENTRO EMERGENCIA MUJER,150120.0,LIMA METROPOLITANA,LIMA,MAGDALENA DEL MAR,CEM058,MAGDALENA DEL MAR,1,0.0,1.0,0.0,0.0,0.0,0.0,0.0,0.0,0.0,0.0,1.0,0.0
968,2022,ENE - DIC,15/01/2023,ENT001,PROGRAMA NACIONAL CONTRA LA VIOLENCIA FAMILIAR Y SEXUAL,LIN001,ATENCIï¿½N INTEGRAL Y MULTIDISCIPLINARIA PARA VICTIMAS DE VIOLENCIA,SER001,CENTRO EMERGENCIA MUJER,150101.0,LIMA METROPOLITANA,LIMA,LIMA,CEM060,LIMA,1,0.0,0.0,0.0,1.0,0.0,0.0,0.0,0.0,0.0,1.0,0.0,0.0
977,2022,ENE - DIC,15/01/2023,ENT001,PROGRAMA NACIONAL CONTRA LA VIOLENCIA FAMILIAR Y SEXUAL,LIN001,ATENCIï¿½N INTEGRAL Y MULTIDISCIPLINARIA PARA VICTIMAS DE VIOLENCIA,SER001,CENTRO EMERGENCIA MUJER,150114.0,LIMA METROPOLITANA,LIMA,LA MOLINA,CEM087,LA MOLINA,2,1.0,1.0,0.0,0.0,0.0,0.0,0.0,0.0,0.0,1.0,1.0,0.0
978,2022,ENE - DIC,15/01/2023,ENT001,PROGRAMA NACIONAL CONTRA LA VIOLENCIA FAMILIAR Y SEXUAL,LIN001,ATENCIï¿½N INTEGRAL Y MULTIDISCIPLINARIA PARA VICTIMAS DE VIOLENCIA,SER001,CENTRO EMERGENCIA MUJER,150135.0,LIMA METROPOLITANA,LIMA,SAN MARTIN DE PORRES,CEM089,SAN MARTIN DE PORRES,1,0.0,1.0,0.0,0.0,0.0,0.0,0.0,0.0,0.0,1.0,0.0,0.0
979,2022,ENE - DIC,15/01/2023,ENT001,PROGRAMA NACIONAL CONTRA LA VIOLENCIA FAMILIAR Y SEXUAL,LIN001,ATENCIï¿½N INTEGRAL Y MULTIDISCIPLINARIA PARA VICTIMAS DE VIOLENCIA,SER001,CENTRO EMERGENCIA MUJER,150141.0,LIMA METROPOLITANA,LIMA,SURQUILLO,CEM097,SURQUILLO,1,0.0,1.0,0.0,0.0,0.0,0.0,0.0,0.0,0.0,0.0,1.0,0.0
984,2022,ENE - DIC,15/01/2023,ENT001,PROGRAMA NACIONAL CONTRA LA VIOLENCIA FAMILIAR Y SEXUAL,LIN001,ATENCIï¿½N INTEGRAL Y MULTIDISCIPLINARIA PARA VICTIMAS DE VIOLENCIA,SER001,CENTRO EMERGENCIA MUJER,150142.0,LIMA METROPOLITANA,LIMA,VILLA EL SALVADOR,CEM109,VILLA EL SALVADOR,6,2.0,3.0,1.0,0.0,0.0,0.0,0.0,0.0,0.0,0.0,6.0,0.0
985,2022,ENE - DIC,15/01/2023,ENT001,PROGRAMA NACIONAL CONTRA LA VIOLENCIA FAMILIAR Y SEXUAL,LIN001,ATENCIï¿½N INTEGRAL Y MULTIDISCIPLINARIA PARA VICTIMAS DE VIOLENCIA,SER001,CENTRO EMERGENCIA MUJER,150125.0,LIMA METROPOLITANA,LIMA,PUENTE PIEDRA,CEM122,PUENTE PIEDRA,1,0.0,0.0,0.0,1.0,0.0,0.0,0.0,0.0,1.0,0.0,0.0,0.0
986,2022,ENE - DIC,15/01/2023,ENT001,PROGRAMA NACIONAL CONTRA LA VIOLENCIA FAMILIAR Y SEXUAL,LIN001,ATENCIï¿½N INTEGRAL Y MULTIDISCIPLINARIA PARA VICTIMAS DE VIOLENCIA,SER001,CENTRO EMERGENCIA MUJER,150601.0,LIMA PROVINCIA,HUARAL,HUARAL,CEM124,HUARAL,1,0.0,1.0,0.0,0.0,0.0,0.0,0.0,0.0,0.0,0.0,1.0,0.0
1008,2022,ENE - DIC,15/01/2023,ENT001,PROGRAMA NACIONAL CONTRA LA VIOLENCIA FAMILIAR Y SEXUAL,LIN001,ATENCIï¿½N INTEGRAL Y MULTIDISCIPLINARIA PARA VICTIMAS DE VIOLENCIA,SER001,CENTRO EMERGENCIA MUJER,150901.0,LIMA PROVINCIA,OYON,OYON,CEM207,OYON,1,0.0,1.0,0.0,0.0,0.0,0.0,0.0,0.0,0.0,0.0,1.0,0.0
1012,2022,ENE - DIC,15/01/2023,ENT001,PROGRAMA NACIONAL CONTRA LA VIOLENCIA FAMILIAR Y SEXUAL,LIN001,ATENCIï¿½N INTEGRAL Y MULTIDISCIPLINARIA PARA VICTIMAS DE VIOLENCIA,SER001,CENTRO EMERGENCIA MUJER,150115.0,LIMA METROPOLITANA,LIMA,LA VICTORIA,CEM241,LA VICTORIA,2,0.0,2.0,0.0,0.0,0.0,0.0,0.0,0.0,0.0,1.0,1.0,0.0
1016,2022,ENE - DIC,15/01/2023,ENT001,PROGRAMA NACIONAL CONTRA LA VIOLENCIA FAMILIAR Y SEXUAL,LIN001,ATENCIï¿½N INTEGRAL Y MULTIDISCIPLINARIA PARA VICTIMAS DE VIOLENCIA,SER001,CENTRO EMERGENCIA MUJER,150143.0,LIMA METROPOLITANA,LIMA,VILLA MARIA DEL TRIUNFO,COM005,VILLA MARIA DEL TRIUNFO,1,1.0,0.0,0.0,0.0,0.0,0.0,0.0,0.0,1.0,0.0,0.0,0.0
1018,2022,ENE - DIC,15/01/2023,ENT001,PROGRAMA NACIONAL CONTRA LA VIOLENCIA FAMILIAR Y SEXUAL,LIN001,ATENCIï¿½N INTEGRAL Y MULTIDISCIPLINARIA PARA VICTIMAS DE VIOLENCIA,SER001,CENTRO EMERGENCIA MUJER,150108.0,LIMA METROPOLITANA,LIMA,CHORRILLOS,COM008,CHORRILLOS,2,0.0,2.0,0.0,0.0,0.0,0.0,0.0,0.0,0.0,1.0,1.0,0.0
1020,2022,ENE - DIC,15/01/2023,ENT001,PROGRAMA NACIONAL CONTRA LA VIOLENCIA FAMILIAR Y SEXUAL,LIN001,ATENCIï¿½N INTEGRAL Y MULTIDISCIPLINARIA PARA VICTIMAS DE VIOLENCIA,SER001,CENTRO EMERGENCIA MUJER,150132.0,LIMA METROPOLITANA,LIMA,SAN JUAN DE LURIGANCHO,COM011,MARISCAL CACERES,1,0.0,1.0,0.0,0.0,0.0,0.0,0.0,0.0,0.0,0.0,1.0,0.0
1021,2022,ENE - DIC,15/01/2023,ENT001,PROGRAMA NACIONAL CONTRA LA VIOLENCIA FAMILIAR Y SEXUAL,LIN001,ATENCIï¿½N INTEGRAL Y MULTIDISCIPLINARIA PARA VICTIMAS DE VIOLENCIA,SER001,CENTRO EMERGENCIA MUJER,150111.0,LIMA METROPOLITANA,LIMA,EL AGUSTINO,COM015,DE FAMILIA EL AGUSTINO,3,1.0,2.0,0.0,0.0,0.0,0.0,0.0,0.0,0.0,1.0,2.0,0.0
1024,2022,ENE - DIC,15/01/2023,ENT001,PROGRAMA NACIONAL CONTRA LA VIOLENCIA FAMILIAR Y SEXUAL,LIN001,ATENCIï¿½N INTEGRAL Y MULTIDISCIPLINARIA PARA VICTIMAS DE VIOLENCIA,SER001,CENTRO EMERGENCIA MUJER,150110.0,LIMA METROPOLITANA,LIMA,COMAS,COM022,DE FAMILIA COLLIQUE,1,1.0,0.0,0.0,0.0,0.0,0.0,0.0,0.0,0.0,1.0,0.0,0.0
1032,2022,ENE - DIC,15/01/2023,ENT001,PROGRAMA NACIONAL CONTRA LA VIOLENCIA FAMILIAR Y SEXUAL,LIN001,ATENCIï¿½N INTEGRAL Y MULTIDISCIPLINARIA PARA VICTIMAS DE VIOLENCIA,SER001,CENTRO EMERGENCIA MUJER,150119.0,LIMA METROPOLITANA,LIMA,LURIN,COM036,LURIN,1,0.0,1.0,0.0,0.0,0.0,0.0,0.0,0.0,0.0,0.0,1.0,0.0
1034,2022,ENE - DIC,15/01/2023,ENT001,PROGRAMA NACIONAL CONTRA LA VIOLENCIA FAMILIAR Y SEXUAL,LIN001,ATENCIï¿½N INTEGRAL Y MULTIDISCIPLINARIA PARA VICTIMAS DE VIOLENCIA,SER001,CENTRO EMERGENCIA MUJER,150605.0,LIMA PROVINCIA,HUARAL,CHANCAY,COM039,CHANCAY,1,0.0,1.0,0.0,0.0,0.0,0.0,0.0,0.0,0.0,1.0,0.0,0.0
1036,2022,ENE - DIC,15/01/2023,ENT001,PROGRAMA NACIONAL CONTRA LA VIOLENCIA FAMILIAR Y SEXUAL,LIN001,ATENCIï¿½N INTEGRAL Y MULTIDISCIPLINARIA PARA VICTIMAS DE VIOLENCIA,SER001,CENTRO EMERGENCIA MUJER,150135.0,LIMA METROPOLITANA,LIMA,SAN MARTIN DE PORRES,COM046,CONDEVILLA,1,1.0,0.0,0.0,0.0,0.0,0.0,0.0,0.0,0.0,0.0,1.0,0.0
1038,2022,ENE - DIC,15/01/2023,ENT001,PROGRAMA NACIONAL CONTRA LA VIOLENCIA FAMILIAR Y SEXUAL,LIN001,ATENCIï¿½N INTEGRAL Y MULTIDISCIPLINARIA PARA VICTIMAS DE VIOLENCIA,SER001,CENTRO EMERGENCIA MUJER,150132.0,LIMA METROPOLITANA,LIMA,SAN JUAN DE LURIGANCHO,COM054,DE FAMILIA CANTO REY,2,0.0,1.0,0.0,1.0,0.0,0.0,0.0,0.0,0.0,0.0,2.0,0.0
1039,2022,ENE - DIC,15/01/2023,ENT001,PROGRAMA NACIONAL CONTRA LA VIOLENCIA FAMILIAR Y SEXUAL,LIN001,ATENCIï¿½N INTEGRAL Y MULTIDISCIPLINARIA PARA VICTIMAS DE VIOLENCIA,SER001,CENTRO EMERGENCIA MUJER,150115.0,LIMA METROPOLITANA,LIMA,LA VICTORIA,COM059,APOLO,7,2.0,5.0,0.0,0.0,0.0,0.0,0.0,0.0,0.0,5.0,2.0,0.0
1041,2022,ENE - DIC,15/01/2023,ENT001,PROGRAMA NACIONAL CONTRA LA VIOLENCIA FAMILIAR Y SEXUAL,LIN001,ATENCIï¿½N INTEGRAL Y MULTIDISCIPLINARIA PARA VICTIMAS DE VIOLENCIA,SER001,CENTRO EMERGENCIA MUJER,150125.0,LIMA METROPOLITANA,LIMA,PUENTE PIEDRA,COM063,PUENTE PIEDRA,3,0.0,3.0,0.0,0.0,0.0,0.0,0.0,0.0,0.0,3.0,0.0,0.0
1048,2022,ENE - DIC,15/01/2023,ENT001,PROGRAMA NACIONAL CONTRA LA VIOLENCIA FAMILIAR Y SEXUAL,LIN001,ATENCIï¿½N INTEGRAL Y MULTIDISCIPLINARIA PARA VICTIMAS DE VIOLENCIA,SER001,CENTRO EMERGENCIA MUJER,150513.0,LIMA PROVINCIA,CAï¿½ETE,SAN ANTONIO,COM083,SAN ANTONIO - CAï¿½ETE,2,1.0,1.0,0.0,0.0,0.0,0.0,0.0,0.0,0.0,1.0,1.0,0.0
1051,2022,ENE - DIC,15/01/2023,ENT001,PROGRAMA NACIONAL CONTRA LA VIOLENCIA FAMILIAR Y SEXUAL,LIN001,ATENCIï¿½N INTEGRAL Y MULTIDISCIPLINARIA PARA VICTIMAS DE VIOLENCIA,SER001,CENTRO EMERGENCIA MUJER,150134.0,LIMA METROPOLITANA,LIMA,SAN LUIS,COM092,SAN LUIS,2,1.0,1.0,0.0,0.0,0.0,0.0,0.0,0.0,0.0,0.0,2.0,0.0
1052,2022,ENE - DIC,15/01/2023,ENT001,PROGRAMA NACIONAL CONTRA LA VIOLENCIA FAMILIAR Y SEXUAL,LIN001,ATENCIï¿½N INTEGRAL Y MULTIDISCIPLINARIA PARA VICTIMAS DE VIOLENCIA,SER001,CENTRO EMERGENCIA MUJER,150101.0,LIMA METROPOLITANA,LIMA,LIMA,COM094,ALFONSO UGARTE,2,2.0,0.0,0.0,0.0,0.0,0.0,0.0,0.0,0.0,0.0,2.0,0.0
1054,2022,ENE - DIC,15/01/2023,ENT001,PROGRAMA NACIONAL CONTRA LA VIOLENCIA FAMILIAR Y SEXUAL,LIN001,ATENCIï¿½N INTEGRAL Y MULTIDISCIPLINARIA PARA VICTIMAS DE VIOLENCIA,SER001,CENTRO EMERGENCIA MUJER,150132.0,LIMA METROPOLITANA,LIMA,SAN JUAN DE LURIGANCHO,COM101,SANTA ELIZABETH,1,0.0,1.0,0.0,0.0,0.0,0.0,0.0,0.0,0.0,1.0,0.0,0.0
1055,2022,ENE - DIC,15/01/2023,ENT001,PROGRAMA NACIONAL CONTRA LA VIOLENCIA FAMILIAR Y SEXUAL,LIN001,ATENCIï¿½N INTEGRAL Y MULTIDISCIPLINARIA PARA VICTIMAS DE VIOLENCIA,SER001,CENTRO EMERGENCIA MUJER,150117.0,LIMA METROPOLITANA,LIMA,LOS OLIVOS,COM102,SOL DE ORO,5,2.0,3.0,0.0,0.0,0.0,0.0,0.0,0.0,0.0,3.0,2.0,0.0
1056,2022,ENE - DIC,15/01/2023,ENT001,PROGRAMA NACIONAL CONTRA LA VIOLENCIA FAMILIAR Y SEXUAL,LIN001,ATENCIï¿½N INTEGRAL Y MULTIDISCIPLINARIA PARA VICTIMAS DE VIOLENCIA,SER001,CENTRO EMERGENCIA MUJER,150132.0,LIMA METROPOLITANA,LIMA,SAN JUAN DE LURIGANCHO,COM106,CAJA DE AGUA,5,0.0,4.0,1.0,0.0,0.0,0.0,0.0,0.0,1.0,2.0,2.0,0.0
1059,2022,ENE - DIC,15/01/2023,ENT001,PROGRAMA NACIONAL CONTRA LA VIOLENCIA FAMILIAR Y SEXUAL,LIN001,ATENCIï¿½N INTEGRAL Y MULTIDISCIPLINARIA PARA VICTIMAS DE VIOLENCIA,SER001,CENTRO EMERGENCIA MUJER,150133.0,LIMA METROPOLITANA,LIMA,SAN JUAN DE MIRAFLORES,COM113,PAMPLONA II,4,3.0,1.0,0.0,0.0,0.0,0.0,0.0,0.0,0.0,2.0,2.0,0.0
1061,2022,ENE - DIC,15/01/2023,ENT001,PROGRAMA NACIONAL CONTRA LA VIOLENCIA FAMILIAR Y SEXUAL,LIN001,ATENCIï¿½N INTEGRAL Y MULTIDISCIPLINARIA PARA VICTIMAS DE VIOLENCIA,SER001,CENTRO EMERGENCIA MUJER,150114.0,LIMA METROPOLITANA,LIMA,LA MOLINA,COM118,LAS PRADERAS,1,1.0,0.0,0.0,0.0,0.0,0.0,0.0,0.0,0.0,0.0,1.0,0.0
1066,2022,ENE - DIC,15/01/2023,ENT001,PROGRAMA NACIONAL CONTRA LA VIOLENCIA FAMILIAR Y SEXUAL,LIN001,ATENCIï¿½N INTEGRAL Y MULTIDISCIPLINARIA PARA VICTIMAS DE VIOLENCIA,SER001,CENTRO EMERGENCIA MUJER,150132.0,LIMA METROPOLITANA,LIMA,SAN JUAN DE LURIGANCHO,COM126,BAYOVAR,1,0.0,1.0,0.0,0.0,0.0,0.0,0.0,0.0,0.0,1.0,0.0,0.0
1075,2022,ENE - DIC,15/01/2023,ENT001,PROGRAMA NACIONAL CONTRA LA VIOLENCIA FAMILIAR Y SEXUAL,LIN001,ATENCIï¿½N INTEGRAL Y MULTIDISCIPLINARIA PARA VICTIMAS DE VIOLENCIA,SER001,CENTRO EMERGENCIA MUJER,150112.0,LIMA METROPOLITANA,LIMA,INDEPENDENCIA,COM152,INDEPENDENCIA,2,1.0,1.0,0.0,0.0,0.0,0.0,0.0,0.0,0.0,0.0,2.0,0.0
1077,2022,ENE - DIC,15/01/2023,ENT001,PROGRAMA NACIONAL CONTRA LA VIOLENCIA FAMILIAR Y SEXUAL,LIN001,ATENCIï¿½N INTEGRAL Y MULTIDISCIPLINARIA PARA VICTIMAS DE VIOLENCIA,SER001,CENTRO EMERGENCIA MUJER,150118.0,LIMA METROPOLITANA,LIMA,LURIGANCHO,COM155,HUACHIPA,2,1.0,1.0,0.0,0.0,0.0,0.0,0.0,0.0,0.0,1.0,1.0,0.0
1091,2023,ENE - JUL,15/08/2023,ENT001,PROGRAMA NACIONAL CONTRA LA VIOLENCIA FAMILIAR Y SEXUAL,LIN001,ATENCIï¿½N INTEGRAL Y MULTIDISCIPLINARIA PARA VICTIMAS DE VIOLENCIA,SER001,CENTRO EMERGENCIA MUJER,150106.0,LIMA METROPOLITANA,LIMA,CARABAYLLO,CEM014,CARABAYLLO,1,1.0,0.0,0.0,0.0,0.0,0.0,0.0,0.0,0.0,0.0,1.0,0.0
1094,2023,ENE - JUL,15/08/2023,ENT001,PROGRAMA NACIONAL CONTRA LA VIOLENCIA FAMILIAR Y SEXUAL,LIN001,ATENCIï¿½N INTEGRAL Y MULTIDISCIPLINARIA PARA VICTIMAS DE VIOLENCIA,SER001,CENTRO EMERGENCIA MUJER,150110.0,LIMA METROPOLITANA,LIMA,COMAS,CEM029,COMAS,1,0.0,1.0,0.0,0.0,0.0,0.0,0.0,0.0,0.0,0.0,1.0,0.0
1095,2023,ENE - JUL,15/08/2023,ENT001,PROGRAMA NACIONAL CONTRA LA VIOLENCIA FAMILIAR Y SEXUAL,LIN001,ATENCIï¿½N INTEGRAL Y MULTIDISCIPLINARIA PARA VICTIMAS DE VIOLENCIA,SER001,CENTRO EMERGENCIA MUJER,150111.0,LIMA METROPOLITANA,LIMA,EL AGUSTINO,CEM032,EL AGUSTINO,4,0.0,3.0,0.0,1.0,0.0,0.0,0.0,0.0,0.0,4.0,0.0,0.0
1096,2023,ENE - JUL,15/08/2023,ENT001,PROGRAMA NACIONAL CONTRA LA VIOLENCIA FAMILIAR Y SEXUAL,LIN001,ATENCIï¿½N INTEGRAL Y MULTIDISCIPLINARIA PARA VICTIMAS DE VIOLENCIA,SER001,CENTRO EMERGENCIA MUJER,150801.0,LIMA PROVINCIA,HUAURA,HUACHO,CEM035,HUACHO,3,1.0,2.0,0.0,0.0,0.0,0.0,0.0,0.0,0.0,2.0,1.0,0.0
1099,2023,ENE - JUL,15/08/2023,ENT001,PROGRAMA NACIONAL CONTRA LA VIOLENCIA FAMILIAR Y SEXUAL,LIN001,ATENCIï¿½N INTEGRAL Y MULTIDISCIPLINARIA PARA VICTIMAS DE VIOLENCIA,SER001,CENTRO EMERGENCIA MUJER,150112.0,LIMA METROPOLITANA,LIMA,INDEPENDENCIA,CEM050,INDEPENDENCIA,1,0.0,1.0,0.0,0.0,0.0,0.0,0.0,0.0,0.0,0.0,1.0,0.0
1101,2023,ENE - JUL,15/08/2023,ENT001,PROGRAMA NACIONAL CONTRA LA VIOLENCIA FAMILIAR Y SEXUAL,LIN001,ATENCIï¿½N INTEGRAL Y MULTIDISCIPLINARIA PARA VICTIMAS DE VIOLENCIA,SER001,CENTRO EMERGENCIA MUJER,150120.0,LIMA METROPOLITANA,LIMA,MAGDALENA DEL MAR,CEM058,MAGDALENA DEL MAR,1,1.0,0.0,0.0,0.0,0.0,0.0,0.0,0.0,0.0,0.0,1.0,0.0
1102,2023,ENE - JUL,15/08/2023,ENT001,PROGRAMA NACIONAL CONTRA LA VIOLENCIA FAMILIAR Y SEXUAL,LIN001,ATENCIï¿½N INTEGRAL Y MULTIDISCIPLINARIA PARA VICTIMAS DE VIOLENCIA,SER001,CENTRO EMERGENCIA MUJER,150101.0,LIMA METROPOLITANA,LIMA,LIMA,CEM060,LIMA,3,0.0,2.0,1.0,0.0,0.0,0.0,0.0,0.0,0.0,1.0,2.0,0.0
1103,2023,ENE - JUL,15/08/2023,ENT001,PROGRAMA NACIONAL CONTRA LA VIOLENCIA FAMILIAR Y SEXUAL,LIN001,ATENCIï¿½N INTEGRAL Y MULTIDISCIPLINARIA PARA VICTIMAS DE VIOLENCIA,SER001,CENTRO EMERGENCIA MUJER,150123.0,LIMA METROPOLITANA,LIMA,PACHACAMAC,CEM064,MANCHAY,1,0.0,1.0,0.0,0.0,0.0,0.0,0.0,0.0,0.0,1.0,0.0,0.0
1105,2023,ENE - JUL,15/08/2023,ENT001,PROGRAMA NACIONAL CONTRA LA VIOLENCIA FAMILIAR Y SEXUAL,LIN001,ATENCIï¿½N INTEGRAL Y MULTIDISCIPLINARIA PARA VICTIMAS DE VIOLENCIA,SER001,CENTRO EMERGENCIA MUJER,150133.0,LIMA METROPOLITANA,LIMA,SAN JUAN DE MIRAFLORES,CEM076,SAN JUAN DE MIRAFLORES,1,0.0,1.0,0.0,0.0,0.0,0.0,0.0,0.0,0.0,0.0,1.0,0.0
1109,2023,ENE - JUL,15/08/2023,ENT001,PROGRAMA NACIONAL CONTRA LA VIOLENCIA FAMILIAR Y SEXUAL,LIN001,ATENCIï¿½N INTEGRAL Y MULTIDISCIPLINARIA PARA VICTIMAS DE VIOLENCIA,SER001,CENTRO EMERGENCIA MUJER,150135.0,LIMA METROPOLITANA,LIMA,SAN MARTIN DE PORRES,CEM089,SAN MARTIN DE PORRES,1,1.0,0.0,0.0,0.0,0.0,0.0,0.0,0.0,0.0,0.0,1.0,0.0
1112,2023,ENE - JUL,15/08/2023,ENT001,PROGRAMA NACIONAL CONTRA LA VIOLENCIA FAMILIAR Y SEXUAL,LIN001,ATENCIï¿½N INTEGRAL Y MULTIDISCIPLINARIA PARA VICTIMAS DE VIOLENCIA,SER001,CENTRO EMERGENCIA MUJER,150140.0,LIMA METROPOLITANA,LIMA,SANTIAGO DE SURCO,CEM096,SURCO,2,0.0,1.0,1.0,0.0,0.0,0.0,0.0,0.0,1.0,0.0,1.0,0.0
1114,2023,ENE - JUL,15/08/2023,ENT001,PROGRAMA NACIONAL CONTRA LA VIOLENCIA FAMILIAR Y SEXUAL,LIN001,ATENCIï¿½N INTEGRAL Y MULTIDISCIPLINARIA PARA VICTIMAS DE VIOLENCIA,SER001,CENTRO EMERGENCIA MUJER,150142.0,LIMA METROPOLITANA,LIMA,VILLA EL SALVADOR,CEM109,VILLA EL SALVADOR,1,0.0,1.0,0.0,0.0,0.0,0.0,0.0,0.0,0.0,1.0,0.0,0.0
1116,2023,ENE - JUL,15/08/2023,ENT001,PROGRAMA NACIONAL CONTRA LA VIOLENCIA FAMILIAR Y SEXUAL,LIN001,ATENCIï¿½N INTEGRAL Y MULTIDISCIPLINARIA PARA VICTIMAS DE VIOLENCIA,SER001,CENTRO EMERGENCIA MUJER,150125.0,LIMA METROPOLITANA,LIMA,PUENTE PIEDRA,CEM122,PUENTE PIEDRA,1,1.0,0.0,0.0,0.0,0.0,0.0,0.0,0.0,0.0,0.0,1.0,0.0
1117,2023,ENE - JUL,15/08/2023,ENT001,PROGRAMA NACIONAL CONTRA LA VIOLENCIA FAMILIAR Y SEXUAL,LIN001,ATENCIï¿½N INTEGRAL Y MULTIDISCIPLINARIA PARA VICTIMAS DE VIOLENCIA,SER001,CENTRO EMERGENCIA MUJER,150601.0,LIMA PROVINCIA,HUARAL,HUARAL,CEM124,HUARAL,3,1.0,2.0,0.0,0.0,0.0,0.0,0.0,0.0,0.0,2.0,1.0,0.0
1123,2023,ENE - JUL,15/08/2023,ENT001,PROGRAMA NACIONAL CONTRA LA VIOLENCIA FAMILIAR Y SEXUAL,LIN001,ATENCIï¿½N INTEGRAL Y MULTIDISCIPLINARIA PARA VICTIMAS DE VIOLENCIA,SER001,CENTRO EMERGENCIA MUJER,150101.0,LIMA METROPOLITANA,LIMA,LIMA,CEM236,MONSERRAT,1,0.0,0.0,0.0,0.0,1.0,0.0,0.0,0.0,0.0,1.0,0.0,0.0
1125,2023,ENE - JUL,15/08/2023,ENT001,PROGRAMA NACIONAL CONTRA LA VIOLENCIA FAMILIAR Y SEXUAL,LIN001,ATENCIï¿½N INTEGRAL Y MULTIDISCIPLINARIA PARA VICTIMAS DE VIOLENCIA,SER001,CENTRO EMERGENCIA MUJER,150115.0,LIMA METROPOLITANA,LIMA,LA VICTORIA,CEM241,LA VICTORIA,2,1.0,0.0,1.0,0.0,0.0,0.0,0.0,0.0,0.0,1.0,1.0,0.0
1127,2023,ENE - JUL,15/08/2023,ENT001,PROGRAMA NACIONAL CONTRA LA VIOLENCIA FAMILIAR Y SEXUAL,LIN001,ATENCIï¿½N INTEGRAL Y MULTIDISCIPLINARIA PARA VICTIMAS DE VIOLENCIA,SER001,CENTRO EMERGENCIA MUJER,150143.0,LIMA METROPOLITANA,LIMA,VILLA MARIA DEL TRIUNFO,COM005,VILLA MARIA DEL TRIUNFO,1,0.0,1.0,0.0,0.0,0.0,0.0,0.0,0.0,0.0,1.0,0.0,0.0
1129,2023,ENE - JUL,15/08/2023,ENT001,PROGRAMA NACIONAL CONTRA LA VIOLENCIA FAMILIAR Y SEXUAL,LIN001,ATENCIï¿½N INTEGRAL Y MULTIDISCIPLINARIA PARA VICTIMAS DE VIOLENCIA,SER001,CENTRO EMERGENCIA MUJER,150108.0,LIMA METROPOLITANA,LIMA,CHORRILLOS,COM008,CHORRILLOS,5,2.0,1.0,2.0,0.0,0.0,0.0,0.0,0.0,0.0,1.0,4.0,0.0
1132,2023,ENE - JUL,15/08/2023,ENT001,PROGRAMA NACIONAL CONTRA LA VIOLENCIA FAMILIAR Y SEXUAL,LIN001,ATENCIï¿½N INTEGRAL Y MULTIDISCIPLINARIA PARA VICTIMAS DE VIOLENCIA,SER001,CENTRO EMERGENCIA MUJER,150135.0,LIMA METROPOLITANA,LIMA,SAN MARTIN DE PORRES,COM019,SAN MARTIN DE PORRES,2,1.0,1.0,0.0,0.0,0.0,0.0,0.0,0.0,0.0,1.0,1.0,0.0
1133,2023,ENE - JUL,15/08/2023,ENT001,PROGRAMA NACIONAL CONTRA LA VIOLENCIA FAMILIAR Y SEXUAL,LIN001,ATENCIï¿½N INTEGRAL Y MULTIDISCIPLINARIA PARA VICTIMAS DE VIOLENCIA,SER001,CENTRO EMERGENCIA MUJER,150110.0,LIMA METROPOLITANA,LIMA,COMAS,COM022,DE FAMILIA COLLIQUE,1,1.0,0.0,0.0,0.0,0.0,0.0,0.0,0.0,0.0,0.0,1.0,0.0
1136,2023,ENE - JUL,15/08/2023,ENT001,PROGRAMA NACIONAL CONTRA LA VIOLENCIA FAMILIAR Y SEXUAL,LIN001,ATENCIï¿½N INTEGRAL Y MULTIDISCIPLINARIA PARA VICTIMAS DE VIOLENCIA,SER001,CENTRO EMERGENCIA MUJER,150137.0,LIMA METROPOLITANA,LIMA,SANTA ANITA,COM028,SANTA ANITA,2,1.0,1.0,0.0,0.0,0.0,0.0,0.0,0.0,0.0,1.0,1.0,0.0
1140,2023,ENE - JUL,15/08/2023,ENT001,PROGRAMA NACIONAL CONTRA LA VIOLENCIA FAMILIAR Y SEXUAL,LIN001,ATENCIï¿½N INTEGRAL Y MULTIDISCIPLINARIA PARA VICTIMAS DE VIOLENCIA,SER001,CENTRO EMERGENCIA MUJER,150121.0,LIMA METROPOLITANA,LIMA,PUEBLO LIBRE,COM034,PUEBLO LIBRE,1,0.0,1.0,0.0,0.0,0.0,0.0,0.0,0.0,0.0,1.0,0.0,0.0
1144,2023,ENE - JUL,15/08/2023,ENT001,PROGRAMA NACIONAL CONTRA LA VIOLENCIA FAMILIAR Y SEXUAL,LIN001,ATENCIï¿½N INTEGRAL Y MULTIDISCIPLINARIA PARA VICTIMAS DE VIOLENCIA,SER001,CENTRO EMERGENCIA MUJER,150135.0,LIMA METROPOLITANA,LIMA,SAN MARTIN DE PORRES,COM046,CONDEVILLA,3,1.0,1.0,1.0,0.0,0.0,0.0,0.0,0.0,1.0,1.0,1.0,0.0
1145,2023,ENE - JUL,15/08/2023,ENT001,PROGRAMA NACIONAL CONTRA LA VIOLENCIA FAMILIAR Y SEXUAL,LIN001,ATENCIï¿½N INTEGRAL Y MULTIDISCIPLINARIA PARA VICTIMAS DE VIOLENCIA,SER001,CENTRO EMERGENCIA MUJER,150716.0,LIMA PROVINCIA,HUAROCHIRI,SAN ANTONIO,COM048,JICAMARCA,1,0.0,1.0,0.0,0.0,0.0,0.0,0.0,0.0,0.0,1.0,0.0,0.0
1146,2023,ENE - JUL,15/08/2023,ENT001,PROGRAMA NACIONAL CONTRA LA VIOLENCIA FAMILIAR Y SEXUAL,LIN001,ATENCIï¿½N INTEGRAL Y MULTIDISCIPLINARIA PARA VICTIMAS DE VIOLENCIA,SER001,CENTRO EMERGENCIA MUJER,150103.0,LIMA METROPOLITANA,LIMA,ATE,COM050,SANTA CLARA,1,0.0,1.0,0.0,0.0,0.0,0.0,0.0,0.0,0.0,1.0,0.0,0.0
1147,2023,ENE - JUL,15/08/2023,ENT001,PROGRAMA NACIONAL CONTRA LA VIOLENCIA FAMILIAR Y SEXUAL,LIN001,ATENCIï¿½N INTEGRAL Y MULTIDISCIPLINARIA PARA VICTIMAS DE VIOLENCIA,SER001,CENTRO EMERGENCIA MUJER,150115.0,LIMA METROPOLITANA,LIMA,LA VICTORIA,COM059,APOLO,2,0.0,1.0,0.0,0.0,1.0,0.0,0.0,0.0,0.0,1.0,1.0,0.0
1149,2023,ENE - JUL,15/08/2023,ENT001,PROGRAMA NACIONAL CONTRA LA VIOLENCIA FAMILIAR Y SEXUAL,LIN001,ATENCIï¿½N INTEGRAL Y MULTIDISCIPLINARIA PARA VICTIMAS DE VIOLENCIA,SER001,CENTRO EMERGENCIA MUJER,150125.0,LIMA METROPOLITANA,LIMA,PUENTE PIEDRA,COM063,PUENTE PIEDRA,3,0.0,3.0,0.0,0.0,0.0,0.0,0.0,0.0,0.0,2.0,1.0,0.0
1150,2023,ENE - JUL,15/08/2023,ENT001,PROGRAMA NACIONAL CONTRA LA VIOLENCIA FAMILIAR Y SEXUAL,LIN001,ATENCIï¿½N INTEGRAL Y MULTIDISCIPLINARIA PARA VICTIMAS DE VIOLENCIA,SER001,CENTRO EMERGENCIA MUJER,150131.0,LIMA METROPOLITANA,LIMA,SAN ISIDRO,COM069,SAN ISIDRO,1,0.0,1.0,0.0,0.0,0.0,0.0,0.0,0.0,0.0,0.0,1.0,0.0
1156,2023,ENE - JUL,15/08/2023,ENT001,PROGRAMA NACIONAL CONTRA LA VIOLENCIA FAMILIAR Y SEXUAL,LIN001,ATENCIï¿½N INTEGRAL Y MULTIDISCIPLINARIA PARA VICTIMAS DE VIOLENCIA,SER001,CENTRO EMERGENCIA MUJER,150513.0,LIMA PROVINCIA,CAï¿½ETE,SAN ANTONIO,COM083,SAN ANTONIO - CAï¿½ETE,1,1.0,0.0,0.0,0.0,0.0,0.0,0.0,0.0,0.0,0.0,1.0,0.0
1162,2023,ENE - JUL,15/08/2023,ENT001,PROGRAMA NACIONAL CONTRA LA VIOLENCIA FAMILIAR Y SEXUAL,LIN001,ATENCIï¿½N INTEGRAL Y MULTIDISCIPLINARIA PARA VICTIMAS DE VIOLENCIA,SER001,CENTRO EMERGENCIA MUJER,150134.0,LIMA METROPOLITANA,LIMA,SAN LUIS,COM092,SAN LUIS,2,1.0,1.0,0.0,0.0,0.0,0.0,0.0,0.0,0.0,1.0,1.0,0.0
1163,2023,ENE - JUL,15/08/2023,ENT001,PROGRAMA NACIONAL CONTRA LA VIOLENCIA FAMILIAR Y SEXUAL,LIN001,ATENCIï¿½N INTEGRAL Y MULTIDISCIPLINARIA PARA VICTIMAS DE VIOLENCIA,SER001,CENTRO EMERGENCIA MUJER,150132.0,LIMA METROPOLITANA,LIMA,SAN JUAN DE LURIGANCHO,COM101,SANTA ELIZABETH,1,0.0,1.0,0.0,0.0,0.0,0.0,0.0,0.0,0.0,0.0,1.0,0.0
1165,2023,ENE - JUL,15/08/2023,ENT001,PROGRAMA NACIONAL CONTRA LA VIOLENCIA FAMILIAR Y SEXUAL,LIN001,ATENCIï¿½N INTEGRAL Y MULTIDISCIPLINARIA PARA VICTIMAS DE VIOLENCIA,SER001,CENTRO EMERGENCIA MUJER,150132.0,LIMA METROPOLITANA,LIMA,SAN JUAN DE LURIGANCHO,COM106,CAJA DE AGUA,5,0.0,5.0,0.0,0.0,0.0,0.0,0.0,0.0,0.0,3.0,2.0,0.0
1166,2023,ENE - JUL,15/08/2023,ENT001,PROGRAMA NACIONAL CONTRA LA VIOLENCIA FAMILIAR Y SEXUAL,LIN001,ATENCIï¿½N INTEGRAL Y MULTIDISCIPLINARIA PARA VICTIMAS DE VIOLENCIA,SER001,CENTRO EMERGENCIA MUJER,150103.0,LIMA METROPOLITANA,LIMA,ATE,COM107,HUAYCAN,1,0.0,1.0,0.0,0.0,0.0,0.0,0.0,0.0,0.0,1.0,0.0,0.0
1168,2023,ENE - JUL,15/08/2023,ENT001,PROGRAMA NACIONAL CONTRA LA VIOLENCIA FAMILIAR Y SEXUAL,LIN001,ATENCIï¿½N INTEGRAL Y MULTIDISCIPLINARIA PARA VICTIMAS DE VIOLENCIA,SER001,CENTRO EMERGENCIA MUJER,150133.0,LIMA METROPOLITANA,LIMA,SAN JUAN DE MIRAFLORES,COM113,PAMPLONA II,3,1.0,0.0,2.0,0.0,0.0,0.0,0.0,0.0,0.0,2.0,1.0,0.0
1173,2023,ENE - JUL,15/08/2023,ENT001,PROGRAMA NACIONAL CONTRA LA VIOLENCIA FAMILIAR Y SEXUAL,LIN001,ATENCIï¿½N INTEGRAL Y MULTIDISCIPLINARIA PARA VICTIMAS DE VIOLENCIA,SER001,CENTRO EMERGENCIA MUJER,150202.0,LIMA PROVINCIA,BARRANCA,PARAMONGA,COM132,PARAMONGA,1,1.0,0.0,0.0,0.0,0.0,0.0,0.0,0.0,0.0,1.0,0.0,0.0
1181,2023,ENE - JUL,15/08/2023,ENT001,PROGRAMA NACIONAL CONTRA LA VIOLENCIA FAMILIAR Y SEXUAL,LIN001,ATENCIï¿½N INTEGRAL Y MULTIDISCIPLINARIA PARA VICTIMAS DE VIOLENCIA,SER001,CENTRO EMERGENCIA MUJER,150112.0,LIMA METROPOLITANA,LIMA,INDEPENDENCIA,COM152,INDEPENDENCIA,1,0.0,1.0,0.0,0.0,0.0,0.0,0.0,0.0,0.0,1.0,0.0,0.0
