,YEAR,PERIOD,SEND DATE,ENTITY CODE,ENTITY,LINE CODE,INTERVENTION LINE,SERVICE CODE,SERVICE NAME,DEPARTMENT,PROVINCE,DISTRICT,CENTER_CODE,NAME OF CARE CENTER,Total_number of cases,NO OF FEMICIDE CASES - 0_5 - WOMEN,NO OF FEMICIDE CASES - 6_11 - WOMEN,NO OF FEMICIDE CASES - 12_17 - WOMEN,NO OF FEMICIDE CASES - 18_29 - WOMEN,NO OF FEMICIDE CASES - 30_59 - WOMEN,NO OF FEMICIDE CASES - 60_MORE - WOMEN,NO CASES - RELATIONAL BOND - COUPLE,NO CASES - RELATIONAL LINK - EX PARTNER,NO CASES - RELATIONAL BOND - FAMILY,NO CASES - RELATIONAL LINK - KNOWN,NO CASES - RELATIONAL LINK - UNKNOWN,NO CASES - RELATIONAL LINK - OTHERS
14,2012,ENE - DIC,05/01/2014,ENT001,PROGRAMA NACIONAL CONTRA LA VIOLENCIA FAMILIAR Y SEXUAL,LIN001,ATENCIÃN INTEGRAL Y MULTIDISCIPLINARIA PARA VICTIMAS DE VIOLENCIA,SER005,REGISTRO DE FEMINICIDIO,LIMA DEPARTAMENTO,,,,,27,0.0,0.0,0.0,0.0,0.0,0.0,0.0,0.0,0.0,0.0,0.0,0.0
37,2013,ENE - DIC,05/01/2014,ENT001,PROGRAMA NACIONAL CONTRA LA VIOLENCIA FAMILIAR Y SEXUAL,LIN001,ATENCIÃN INTEGRAL Y MULTIDISCIPLINARIA PARA VICTIMAS DE VIOLENCIA,SER005,REGISTRO DE FEMINICIDIO,LIMA DEPARTAMENTO,,,,,56,0.0,0.0,0.0,0.0,0.0,0.0,0.0,0.0,0.0,0.0,0.0,0.0
62,2014,ENE - DIC,10/01/2015,ENT001,PROGRAMA NACIONAL CONTRA LA VIOLENCIA FAMILIAR Y SEXUAL,LIN001,ATENCIÃN INTEGRAL Y MULTIDISCIPLINARIA PARA VICTIMAS DE VIOLENCIA,SER005,REGISTRO DE FEMINICIDIO,LIMA DEPARTAMENTO,,,,,41,0.0,0.0,0.0,0.0,0.0,0.0,0.0,0.0,0.0,0.0,0.0,0.0
87,2015,ENE - DIC,11/01/2016,ENT001,PROGRAMA NACIONAL CONTRA LA VIOLENCIA FAMILIAR Y SEXUAL,LIN001,ATENCIÃN INTEGRAL Y MULTIDISCIPLINARIA PARA VICTIMAS DE VIOLENCIA,SER005,REGISTRO DE FEMINICIDIO,LIMA DEPARTAMENTO,,,,,31,0.0,0.0,0.0,0.0,0.0,0.0,0.0,0.0,0.0,0.0,0.0,0.0
104,2016,ENE - DIC,13/01/2017,ENT001,PROGRAMA NACIONAL CONTRA LA VIOLENCIA FAMILIAR Y SEXUAL,LIN001,ATENCIÃN INTEGRAL Y MULTIDISCIPLINARIA PARA VICTIMAS DE VIOLENCIA,SER005,REGISTRO DE FEMINICIDIO,LIMA PROVINCIA,CAÃETE,IMPERIAL,CEM013,IMPERIAL,3,0.0,0.0,0.0,0.0,0.0,0.0,2.0,0.0,0.0,0.0,1.0,0.0
105,2016,ENE - DIC,13/01/2017,ENT001,PROGRAMA NACIONAL CONTRA LA VIOLENCIA FAMILIAR Y SEXUAL,LIN001,ATENCIÃN INTEGRAL Y MULTIDISCIPLINARIA PARA VICTIMAS DE VIOLENCIA,SER005,REGISTRO DE FEMINICIDIO,LIMA METROPOLITANA,LIMA,CARABAYLLO,CEM014,CARABAYLLO,2,0.0,0.0,0.0,0.0,0.0,0.0,1.0,1.0,0.0,0.0,0.0,0.0
110,2016,ENE - DIC,13/01/2017,ENT001,PROGRAMA NACIONAL CONTRA LA VIOLENCIA FAMILIAR Y SEXUAL,LIN001,ATENCIÃN INTEGRAL Y MULTIDISCIPLINARIA PARA VICTIMAS DE VIOLENCIA,SER005,REGISTRO DE FEMINICIDIO,LIMA METROPOLITANA,LIMA,EL AGUSTINO,CEM032,EL AGUSTINO,2,0.0,0.0,0.0,0.0,0.0,0.0,1.0,1.0,0.0,0.0,0.0,0.0
114,2016,ENE - DIC,13/01/2017,ENT001,PROGRAMA NACIONAL CONTRA LA VIOLENCIA FAMILIAR Y SEXUAL,LIN001,ATENCIÃN INTEGRAL Y MULTIDISCIPLINARIA PARA VICTIMAS DE VIOLENCIA,SER005,REGISTRO DE FEMINICIDIO,LIMA METROPOLITANA,LIMA,ATE,CEM045,HUAYCAN,4,0.0,0.0,0.0,0.0,0.0,0.0,4.0,0.0,0.0,0.0,0.0,0.0
119,2016,ENE - DIC,13/01/2017,ENT001,PROGRAMA NACIONAL CONTRA LA VIOLENCIA FAMILIAR Y SEXUAL,LIN001,ATENCIÃN INTEGRAL Y MULTIDISCIPLINARIA PARA VICTIMAS DE VIOLENCIA,SER005,REGISTRO DE FEMINICIDIO,LIMA METROPOLITANA,LIMA,LIMA,CEM060,LIMA,2,0.0,0.0,0.0,0.0,0.0,0.0,1.0,0.0,0.0,0.0,1.0,0.0
120,2016,ENE - DIC,13/01/2017,ENT001,PROGRAMA NACIONAL CONTRA LA VIOLENCIA FAMILIAR Y SEXUAL,LIN001,ATENCIÃN INTEGRAL Y MULTIDISCIPLINARIA PARA VICTIMAS DE VIOLENCIA,SER005,REGISTRO DE FEMINICIDIO,LIMA METROPOLITANA,LIMA,LOS OLIVOS,CEM061,LOS OLIVOS,1,0.0,0.0,0.0,0.0,0.0,0.0,1.0,0.0,0.0,0.0,0.0,0.0
128,2016,ENE - DIC,13/01/2017,ENT001,PROGRAMA NACIONAL CONTRA LA VIOLENCIA FAMILIAR Y SEXUAL,LIN001,ATENCIÃN INTEGRAL Y MULTIDISCIPLINARIA PARA VICTIMAS DE VIOLENCIA,SER005,REGISTRO DE FEMINICIDIO,LIMA METROPOLITANA,LIMA,SAN JUAN DE MIRAFLORES,CEM076,SAN JUAN DE MIRAFLORES,1,0.0,0.0,0.0,0.0,0.0,0.0,0.0,0.0,1.0,0.0,0.0,0.0
134,2016,ENE - DIC,13/01/2017,ENT001,PROGRAMA NACIONAL CONTRA LA VIOLENCIA FAMILIAR Y SEXUAL,LIN001,ATENCIÃN INTEGRAL Y MULTIDISCIPLINARIA PARA VICTIMAS DE VIOLENCIA,SER005,REGISTRO DE FEMINICIDIO,LIMA METROPOLITANA,LIMA,LA MOLINA,CEM087,LA MOLINA,2,0.0,0.0,0.0,0.0,0.0,0.0,2.0,0.0,0.0,0.0,0.0,0.0
135,2016,ENE - DIC,13/01/2017,ENT001,PROGRAMA NACIONAL CONTRA LA VIOLENCIA FAMILIAR Y SEXUAL,LIN001,ATENCIÃN INTEGRAL Y MULTIDISCIPLINARIA PARA VICTIMAS DE VIOLENCIA,SER005,REGISTRO DE FEMINICIDIO,LIMA METROPOLITANA,LIMA,SAN JUAN DE LURIGANCHO,CEM088,SAN JUAN DE LURIGANCHO,6,0.0,0.0,0.0,0.0,0.0,0.0,4.0,1.0,0.0,0.0,0.0,1.0
136,2016,ENE - DIC,13/01/2017,ENT001,PROGRAMA NACIONAL CONTRA LA VIOLENCIA FAMILIAR Y SEXUAL,LIN001,ATENCIÃN INTEGRAL Y MULTIDISCIPLINARIA PARA VICTIMAS DE VIOLENCIA,SER005,REGISTRO DE FEMINICIDIO,LIMA METROPOLITANA,LIMA,SAN MARTIN DE PORRES,CEM089,SAN MARTIN DE PORRES,4,0.0,0.0,0.0,0.0,0.0,0.0,3.0,0.0,0.0,0.0,1.0,0.0
140,2016,ENE - DIC,13/01/2017,ENT001,PROGRAMA NACIONAL CONTRA LA VIOLENCIA FAMILIAR Y SEXUAL,LIN001,ATENCIÃN INTEGRAL Y MULTIDISCIPLINARIA PARA VICTIMAS DE VIOLENCIA,SER005,REGISTRO DE FEMINICIDIO,LIMA METROPOLITANA,LIMA,SURQUILLO,CEM097,SURQUILLO,3,0.0,0.0,0.0,0.0,0.0,0.0,1.0,0.0,0.0,0.0,0.0,2.0
146,2016,ENE - DIC,13/01/2017,ENT001,PROGRAMA NACIONAL CONTRA LA VIOLENCIA FAMILIAR Y SEXUAL,LIN001,ATENCIÃN INTEGRAL Y MULTIDISCIPLINARIA PARA VICTIMAS DE VIOLENCIA,SER005,REGISTRO DE FEMINICIDIO,LIMA METROPOLITANA,LIMA,VILLA EL SALVADOR,CEM109,VILLA EL SALVADOR,3,0.0,0.0,0.0,0.0,0.0,0.0,2.0,1.0,0.0,0.0,0.0,0.0
147,2016,ENE - DIC,13/01/2017,ENT001,PROGRAMA NACIONAL CONTRA LA VIOLENCIA FAMILIAR Y SEXUAL,LIN001,ATENCIÃN INTEGRAL Y MULTIDISCIPLINARIA PARA VICTIMAS DE VIOLENCIA,SER005,REGISTRO DE FEMINICIDIO,LIMA METROPOLITANA,LIMA,VILLA MARIA DEL TRIUNFO,CEM110,VILLA MARIA DEL TRIUNFO,1,0.0,0.0,0.0,0.0,0.0,0.0,0.0,0.0,0.0,0.0,1.0,0.0
150,2016,ENE - DIC,13/01/2017,ENT001,PROGRAMA NACIONAL CONTRA LA VIOLENCIA FAMILIAR Y SEXUAL,LIN001,ATENCIÃN INTEGRAL Y MULTIDISCIPLINARIA PARA VICTIMAS DE VIOLENCIA,SER005,REGISTRO DE FEMINICIDIO,LIMA METROPOLITANA,LIMA,PUENTE PIEDRA,CEM122,PUENTE PIEDRA,2,0.0,0.0,0.0,0.0,0.0,0.0,1.0,0.0,0.0,0.0,0.0,1.0
151,2016,ENE - DIC,13/01/2017,ENT001,PROGRAMA NACIONAL CONTRA LA VIOLENCIA FAMILIAR Y SEXUAL,LIN001,ATENCIÃN INTEGRAL Y MULTIDISCIPLINARIA PARA VICTIMAS DE VIOLENCIA,SER005,REGISTRO DE FEMINICIDIO,LIMA PROVINCIA,HUARAL,HUARAL,CEM124,HUARAL,1,0.0,0.0,0.0,0.0,0.0,0.0,1.0,0.0,0.0,0.0,0.0,0.0
162,2016,ENE - DIC,13/01/2017,ENT001,PROGRAMA NACIONAL CONTRA LA VIOLENCIA FAMILIAR Y SEXUAL,LIN001,ATENCIÃN INTEGRAL Y MULTIDISCIPLINARIA PARA VICTIMAS DE VIOLENCIA,SER005,REGISTRO DE FEMINICIDIO,LIMA PROVINCIA,BARRANCA,BARRANCA,CEM155,BARRANCA,1,0.0,0.0,0.0,0.0,0.0,0.0,1.0,0.0,0.0,0.0,0.0,0.0
169,2016,ENE - DIC,13/01/2017,ENT001,PROGRAMA NACIONAL CONTRA LA VIOLENCIA FAMILIAR Y SEXUAL,LIN001,ATENCIÃN INTEGRAL Y MULTIDISCIPLINARIA PARA VICTIMAS DE VIOLENCIA,SER005,REGISTRO DE FEMINICIDIO,LIMA METROPOLITANA,LIMA,LURIGANCHO,CEM223,CHOSICA,3,0.0,0.0,0.0,0.0,0.0,0.0,1.0,1.0,0.0,0.0,0.0,1.0
171,2016,ENE - DIC,13/01/2017,ENT001,PROGRAMA NACIONAL CONTRA LA VIOLENCIA FAMILIAR Y SEXUAL,LIN001,ATENCIÃN INTEGRAL Y MULTIDISCIPLINARIA PARA VICTIMAS DE VIOLENCIA,SER005,REGISTRO DE FEMINICIDIO,LIMA METROPOLITANA,LIMA,SAN JUAN DE LURIGANCHO,CEM236,ZARATE,2,0.0,0.0,0.0,0.0,0.0,0.0,2.0,0.0,0.0,0.0,0.0,0.0
173,2016,ENE - DIC,13/01/2017,ENT001,PROGRAMA NACIONAL CONTRA LA VIOLENCIA FAMILIAR Y SEXUAL,LIN001,ATENCIÃN INTEGRAL Y MULTIDISCIPLINARIA PARA VICTIMAS DE VIOLENCIA,SER005,REGISTRO DE FEMINICIDIO,LIMA METROPOLITANA,LIMA,LA VICTORIA,CEM241,LA VICTORIA,1,0.0,0.0,0.0,0.0,0.0,0.0,0.0,0.0,0.0,0.0,0.0,1.0
182,2017,ENE - DIC,16/01/2018,ENT001,PROGRAMA NACIONAL CONTRA LA VIOLENCIA FAMILIAR Y SEXUAL,LIN001,ATENCIÃN INTEGRAL Y MULTIDISCIPLINARIA PARA VICTIMAS DE VIOLENCIA,SER005,REGISTRO DE FEMINICIDIO,LIMA PROVINCIA,CAÃETE,IMPERIAL,CEM013,IMPERIAL,1,0.0,0.0,0.0,0.0,0.0,0.0,1.0,0.0,0.0,0.0,0.0,0.0
183,2017,ENE - DIC,16/01/2018,ENT001,PROGRAMA NACIONAL CONTRA LA VIOLENCIA FAMILIAR Y SEXUAL,LIN001,ATENCIÃN INTEGRAL Y MULTIDISCIPLINARIA PARA VICTIMAS DE VIOLENCIA,SER005,REGISTRO DE FEMINICIDIO,LIMA METROPOLITANA,LIMA,CARABAYLLO,CEM014,CARABAYLLO,1,0.0,0.0,0.0,0.0,0.0,0.0,1.0,0.0,0.0,0.0,0.0,0.0
190,2017,ENE - DIC,16/01/2018,ENT001,PROGRAMA NACIONAL CONTRA LA VIOLENCIA FAMILIAR Y SEXUAL,LIN001,ATENCIÃN INTEGRAL Y MULTIDISCIPLINARIA PARA VICTIMAS DE VIOLENCIA,SER005,REGISTRO DE FEMINICIDIO,LIMA METROPOLITANA,LIMA,COMAS,CEM029,COMAS,1,0.0,0.0,0.0,0.0,0.0,0.0,0.0,1.0,0.0,0.0,0.0,0.0
192,2017,ENE - DIC,16/01/2018,ENT001,PROGRAMA NACIONAL CONTRA LA VIOLENCIA FAMILIAR Y SEXUAL,LIN001,ATENCIÃN INTEGRAL Y MULTIDISCIPLINARIA PARA VICTIMAS DE VIOLENCIA,SER005,REGISTRO DE FEMINICIDIO,LIMA METROPOLITANA,LIMA,EL AGUSTINO,CEM032,EL AGUSTINO,4,0.0,0.0,0.0,0.0,0.0,0.0,3.0,1.0,0.0,0.0,0.0,0.0
198,2017,ENE - DIC,16/01/2018,ENT001,PROGRAMA NACIONAL CONTRA LA VIOLENCIA FAMILIAR Y SEXUAL,LIN001,ATENCIÃN INTEGRAL Y MULTIDISCIPLINARIA PARA VICTIMAS DE VIOLENCIA,SER005,REGISTRO DE FEMINICIDIO,LIMA METROPOLITANA,LIMA,INDEPENDENCIA,CEM050,INDEPENDENCIA,1,0.0,0.0,0.0,0.0,0.0,0.0,0.0,1.0,0.0,0.0,0.0,0.0
204,2017,ENE - DIC,16/01/2018,ENT001,PROGRAMA NACIONAL CONTRA LA VIOLENCIA FAMILIAR Y SEXUAL,LIN001,ATENCIÃN INTEGRAL Y MULTIDISCIPLINARIA PARA VICTIMAS DE VIOLENCIA,SER005,REGISTRO DE FEMINICIDIO,LIMA METROPOLITANA,LIMA,SAN LUIS,CEM058,SAN LUIS,1,0.0,0.0,0.0,0.0,0.0,0.0,0.0,0.0,0.0,0.0,0.0,1.0
212,2017,ENE - DIC,16/01/2018,ENT001,PROGRAMA NACIONAL CONTRA LA VIOLENCIA FAMILIAR Y SEXUAL,LIN001,ATENCIÃN INTEGRAL Y MULTIDISCIPLINARIA PARA VICTIMAS DE VIOLENCIA,SER005,REGISTRO DE FEMINICIDIO,LIMA METROPOLITANA,LIMA,SAN JUAN DE MIRAFLORES,CEM076,SAN JUAN DE MIRAFLORES,1,0.0,0.0,0.0,0.0,0.0,0.0,1.0,0.0,0.0,0.0,0.0,0.0
215,2017,ENE - DIC,16/01/2018,ENT001,PROGRAMA NACIONAL CONTRA LA VIOLENCIA FAMILIAR Y SEXUAL,LIN001,ATENCIÃN INTEGRAL Y MULTIDISCIPLINARIA PARA VICTIMAS DE VIOLENCIA,SER005,REGISTRO DE FEMINICIDIO,LIMA METROPOLITANA,LIMA,LA MOLINA,CEM087,LA MOLINA,2,0.0,0.0,0.0,0.0,0.0,0.0,2.0,0.0,0.0,0.0,0.0,0.0
216,2017,ENE - DIC,16/01/2018,ENT001,PROGRAMA NACIONAL CONTRA LA VIOLENCIA FAMILIAR Y SEXUAL,LIN001,ATENCIÃN INTEGRAL Y MULTIDISCIPLINARIA PARA VICTIMAS DE VIOLENCIA,SER005,REGISTRO DE FEMINICIDIO,LIMA METROPOLITANA,LIMA,SAN JUAN DE LURIGANCHO,CEM088,SAN JUAN DE LURIGANCHO,3,0.0,0.0,0.0,0.0,0.0,0.0,0.0,3.0,0.0,0.0,0.0,0.0
217,2017,ENE - DIC,16/01/2018,ENT001,PROGRAMA NACIONAL CONTRA LA VIOLENCIA FAMILIAR Y SEXUAL,LIN001,ATENCIÃN INTEGRAL Y MULTIDISCIPLINARIA PARA VICTIMAS DE VIOLENCIA,SER005,REGISTRO DE FEMINICIDIO,LIMA METROPOLITANA,LIMA,SANTIAGO DE SURCO,CEM096,SURCO,1,0.0,0.0,0.0,0.0,0.0,0.0,1.0,0.0,0.0,0.0,0.0,0.0
218,2017,ENE - DIC,16/01/2018,ENT001,PROGRAMA NACIONAL CONTRA LA VIOLENCIA FAMILIAR Y SEXUAL,LIN001,ATENCIÃN INTEGRAL Y MULTIDISCIPLINARIA PARA VICTIMAS DE VIOLENCIA,SER005,REGISTRO DE FEMINICIDIO,LIMA METROPOLITANA,LIMA,SURQUILLO,CEM097,SURQUILLO,1,0.0,0.0,0.0,0.0,0.0,0.0,1.0,0.0,0.0,0.0,0.0,0.0
224,2017,ENE - DIC,16/01/2018,ENT001,PROGRAMA NACIONAL CONTRA LA VIOLENCIA FAMILIAR Y SEXUAL,LIN001,ATENCIÃN INTEGRAL Y MULTIDISCIPLINARIA PARA VICTIMAS DE VIOLENCIA,SER005,REGISTRO DE FEMINICIDIO,LIMA METROPOLITANA,LIMA,VILLA EL SALVADOR,CEM109,VILLA EL SALVADOR,5,0.0,0.0,0.0,0.0,0.0,0.0,3.0,1.0,0.0,0.0,0.0,1.0
225,2017,ENE - DIC,16/01/2018,ENT001,PROGRAMA NACIONAL CONTRA LA VIOLENCIA FAMILIAR Y SEXUAL,LIN001,ATENCIÃN INTEGRAL Y MULTIDISCIPLINARIA PARA VICTIMAS DE VIOLENCIA,SER005,REGISTRO DE FEMINICIDIO,LIMA METROPOLITANA,LIMA,VILLA MARIA DEL TRIUNFO,CEM110,VILLA MARIA DEL TRIUNFO,2,0.0,0.0,0.0,0.0,0.0,0.0,1.0,1.0,0.0,0.0,0.0,0.0
229,2017,ENE - DIC,16/01/2018,ENT001,PROGRAMA NACIONAL CONTRA LA VIOLENCIA FAMILIAR Y SEXUAL,LIN001,ATENCIÃN INTEGRAL Y MULTIDISCIPLINARIA PARA VICTIMAS DE VIOLENCIA,SER005,REGISTRO DE FEMINICIDIO,LIMA METROPOLITANA,LIMA,PUENTE PIEDRA,CEM122,PUENTE PIEDRA,1,0.0,0.0,0.0,0.0,0.0,0.0,0.0,1.0,0.0,0.0,0.0,0.0
231,2017,ENE - DIC,16/01/2018,ENT001,PROGRAMA NACIONAL CONTRA LA VIOLENCIA FAMILIAR Y SEXUAL,LIN001,ATENCIÃN INTEGRAL Y MULTIDISCIPLINARIA PARA VICTIMAS DE VIOLENCIA,SER005,REGISTRO DE FEMINICIDIO,LIMA PROVINCIA,HUARAL,HUARAL,CEM124,HUARAL,1,0.0,0.0,0.0,0.0,0.0,0.0,0.0,1.0,0.0,0.0,0.0,0.0
239,2017,ENE - DIC,16/01/2018,ENT001,PROGRAMA NACIONAL CONTRA LA VIOLENCIA FAMILIAR Y SEXUAL,LIN001,ATENCIÃN INTEGRAL Y MULTIDISCIPLINARIA PARA VICTIMAS DE VIOLENCIA,SER005,REGISTRO DE FEMINICIDIO,LIMA METROPOLITANA,LIMA,RIMAC,CEM145,RIMAC,1,0.0,0.0,0.0,0.0,0.0,0.0,1.0,0.0,0.0,0.0,0.0,0.0
247,2017,ENE - DIC,16/01/2018,ENT001,PROGRAMA NACIONAL CONTRA LA VIOLENCIA FAMILIAR Y SEXUAL,LIN001,ATENCIÃN INTEGRAL Y MULTIDISCIPLINARIA PARA VICTIMAS DE VIOLENCIA,SER005,REGISTRO DE FEMINICIDIO,LIMA METROPOLITANA,LIMA,SANTA ROSA,CEM210,SANTA ROSA,1,0.0,0.0,0.0,0.0,0.0,0.0,0.0,1.0,0.0,0.0,0.0,0.0
251,2017,ENE - DIC,16/01/2018,ENT001,PROGRAMA NACIONAL CONTRA LA VIOLENCIA FAMILIAR Y SEXUAL,LIN001,ATENCIÃN INTEGRAL Y MULTIDISCIPLINARIA PARA VICTIMAS DE VIOLENCIA,SER005,REGISTRO DE FEMINICIDIO,LIMA METROPOLITANA,LIMA,LURIGANCHO,CEM223,CHOSICA,2,0.0,0.0,0.0,0.0,0.0,0.0,1.0,0.0,0.0,0.0,0.0,1.0
257,2017,ENE - DIC,16/01/2018,ENT001,PROGRAMA NACIONAL CONTRA LA VIOLENCIA FAMILIAR Y SEXUAL,LIN001,ATENCIÃN INTEGRAL Y MULTIDISCIPLINARIA PARA VICTIMAS DE VIOLENCIA,SER005,REGISTRO DE FEMINICIDIO,LIMA METROPOLITANA,LIMA,LA VICTORIA,CEM241,LA VICTORIA,2,0.0,0.0,0.0,0.0,0.0,0.0,2.0,0.0,0.0,0.0,0.0,0.0
259,2017,ENE - DIC,16/01/2018,ENT001,PROGRAMA NACIONAL CONTRA LA VIOLENCIA FAMILIAR Y SEXUAL,LIN001,ATENCIÃN INTEGRAL Y MULTIDISCIPLINARIA PARA VICTIMAS DE VIOLENCIA,SER005,REGISTRO DE FEMINICIDIO,LIMA METROPOLITANA,LIMA,CHORRILLOS,COM008,COMISARIA CHORRILLOS,1,0.0,0.0,0.0,0.0,0.0,0.0,1.0,0.0,0.0,0.0,0.0,0.0
265,2018,ENE - DIC,31/12/2018,ENT001,PROGRAMA NACIONAL CONTRA LA VIOLENCIA FAMILIAR Y SEXUAL,LIN001,ATENCIÃN INTEGRAL Y MULTIDISCIPLINARIA PARA VICTIMAS DE VIOLENCIA,SER005,REGISTRO DE FEMINICIDIO,LIMA PROVINCIA,CAÃETE,IMPERIAL,CEM013,IMPERIAL,2,0.0,0.0,0.0,1.0,1.0,0.0,2.0,0.0,0.0,0.0,0.0,0.0
268,2018,ENE - DIC,31/12/2018,ENT001,PROGRAMA NACIONAL CONTRA LA VIOLENCIA FAMILIAR Y SEXUAL,LIN001,ATENCIÃN INTEGRAL Y MULTIDISCIPLINARIA PARA VICTIMAS DE VIOLENCIA,SER005,REGISTRO DE FEMINICIDIO,LIMA METROPOLITANA,LIMA,COMAS,CEM029,COMAS,2,0.0,0.0,0.0,2.0,0.0,0.0,2.0,0.0,0.0,0.0,0.0,0.0
271,2018,ENE - DIC,31/12/2018,ENT001,PROGRAMA NACIONAL CONTRA LA VIOLENCIA FAMILIAR Y SEXUAL,LIN001,ATENCIÃN INTEGRAL Y MULTIDISCIPLINARIA PARA VICTIMAS DE VIOLENCIA,SER005,REGISTRO DE FEMINICIDIO,LIMA METROPOLITANA,LIMA,EL AGUSTINO,CEM032,EL AGUSTINO,2,0.0,0.0,0.0,0.0,2.0,0.0,0.0,1.0,0.0,0.0,0.0,1.0
275,2018,ENE - DIC,31/12/2018,ENT001,PROGRAMA NACIONAL CONTRA LA VIOLENCIA FAMILIAR Y SEXUAL,LIN001,ATENCIÃN INTEGRAL Y MULTIDISCIPLINARIA PARA VICTIMAS DE VIOLENCIA,SER005,REGISTRO DE FEMINICIDIO,LIMA METROPOLITANA,LIMA,ATE,CEM045,HUAYCAN,1,0.0,0.0,0.0,0.0,1.0,0.0,1.0,0.0,0.0,0.0,0.0,0.0
277,2018,ENE - DIC,31/12/2018,ENT001,PROGRAMA NACIONAL CONTRA LA VIOLENCIA FAMILIAR Y SEXUAL,LIN001,ATENCIÃN INTEGRAL Y MULTIDISCIPLINARIA PARA VICTIMAS DE VIOLENCIA,SER005,REGISTRO DE FEMINICIDIO,LIMA METROPOLITANA,LIMA,INDEPENDENCIA,CEM050,INDEPENDENCIA,3,0.0,0.0,0.0,2.0,1.0,0.0,3.0,0.0,0.0,0.0,0.0,0.0
282,2018,ENE - DIC,31/12/2018,ENT001,PROGRAMA NACIONAL CONTRA LA VIOLENCIA FAMILIAR Y SEXUAL,LIN001,ATENCIÃN INTEGRAL Y MULTIDISCIPLINARIA PARA VICTIMAS DE VIOLENCIA,SER005,REGISTRO DE FEMINICIDIO,LIMA METROPOLITANA,LIMA,LIMA,CEM060,LIMA,1,0.0,0.0,0.0,0.0,1.0,0.0,0.0,0.0,0.0,0.0,1.0,0.0
289,2018,ENE - DIC,31/12/2018,ENT001,PROGRAMA NACIONAL CONTRA LA VIOLENCIA FAMILIAR Y SEXUAL,LIN001,ATENCIÃN INTEGRAL Y MULTIDISCIPLINARIA PARA VICTIMAS DE VIOLENCIA,SER005,REGISTRO DE FEMINICIDIO,LIMA METROPOLITANA,LIMA,LA MOLINA,CEM087,LA MOLINA,1,0.0,0.0,0.0,1.0,0.0,0.0,0.0,0.0,0.0,0.0,0.0,1.0
290,2018,ENE - DIC,31/12/2018,ENT001,PROGRAMA NACIONAL CONTRA LA VIOLENCIA FAMILIAR Y SEXUAL,LIN001,ATENCIÃN INTEGRAL Y MULTIDISCIPLINARIA PARA VICTIMAS DE VIOLENCIA,SER005,REGISTRO DE FEMINICIDIO,LIMA METROPOLITANA,LIMA,SAN JUAN DE LURIGANCHO,CEM088,SAN JUAN DE LURIGANCHO,2,0.0,0.0,0.0,0.0,2.0,0.0,1.0,1.0,0.0,0.0,0.0,0.0
291,2018,ENE - DIC,31/12/2018,ENT001,PROGRAMA NACIONAL CONTRA LA VIOLENCIA FAMILIAR Y SEXUAL,LIN001,ATENCIÃN INTEGRAL Y MULTIDISCIPLINARIA PARA VICTIMAS DE VIOLENCIA,SER005,REGISTRO DE FEMINICIDIO,LIMA METROPOLITANA,LIMA,SAN MARTIN DE PORRES,CEM089,SAN MARTIN DE PORRES,5,0.0,0.0,0.0,2.0,3.0,0.0,3.0,1.0,0.0,0.0,1.0,0.0
299,2018,ENE - DIC,31/12/2018,ENT001,PROGRAMA NACIONAL CONTRA LA VIOLENCIA FAMILIAR Y SEXUAL,LIN001,ATENCIÃN INTEGRAL Y MULTIDISCIPLINARIA PARA VICTIMAS DE VIOLENCIA,SER005,REGISTRO DE FEMINICIDIO,LIMA METROPOLITANA,LIMA,VILLA EL SALVADOR,CEM109,VILLA EL SALVADOR,1,0.0,0.0,0.0,1.0,0.0,0.0,0.0,1.0,0.0,0.0,0.0,0.0
303,2018,ENE - DIC,31/12/2018,ENT001,PROGRAMA NACIONAL CONTRA LA VIOLENCIA FAMILIAR Y SEXUAL,LIN001,ATENCIÃN INTEGRAL Y MULTIDISCIPLINARIA PARA VICTIMAS DE VIOLENCIA,SER005,REGISTRO DE FEMINICIDIO,LIMA PROVINCIA,HUARAL,HUARAL,CEM124,HUARAL,2,0.0,0.0,0.0,0.0,2.0,0.0,0.0,2.0,0.0,0.0,0.0,0.0
309,2018,ENE - DIC,31/12/2018,ENT001,PROGRAMA NACIONAL CONTRA LA VIOLENCIA FAMILIAR Y SEXUAL,LIN001,ATENCIÃN INTEGRAL Y MULTIDISCIPLINARIA PARA VICTIMAS DE VIOLENCIA,SER005,REGISTRO DE FEMINICIDIO,LIMA METROPOLITANA,LIMA,RIMAC,CEM145,RIMAC,2,0.0,0.0,0.0,1.0,1.0,0.0,2.0,0.0,0.0,0.0,0.0,0.0
313,2018,ENE - DIC,31/12/2018,ENT001,PROGRAMA NACIONAL CONTRA LA VIOLENCIA FAMILIAR Y SEXUAL,LIN001,ATENCIÃN INTEGRAL Y MULTIDISCIPLINARIA PARA VICTIMAS DE VIOLENCIA,SER005,REGISTRO DE FEMINICIDIO,LIMA PROVINCIA,BARRANCA,BARRANCA,CEM155,BARRANCA,2,0.0,0.0,0.0,1.0,1.0,0.0,0.0,1.0,0.0,0.0,0.0,1.0
331,2018,ENE - DIC,31/12/2018,ENT001,PROGRAMA NACIONAL CONTRA LA VIOLENCIA FAMILIAR Y SEXUAL,LIN001,ATENCIÃN INTEGRAL Y MULTIDISCIPLINARIA PARA VICTIMAS DE VIOLENCIA,SER005,REGISTRO DE FEMINICIDIO,LIMA METROPOLITANA,LIMA,SAN JUAN DE LURIGANCHO,CEM236,ZARATE,3,0.0,0.0,1.0,1.0,1.0,0.0,3.0,0.0,0.0,0.0,0.0,0.0
332,2018,ENE - DIC,31/12/2018,ENT001,PROGRAMA NACIONAL CONTRA LA VIOLENCIA FAMILIAR Y SEXUAL,LIN001,ATENCIÃN INTEGRAL Y MULTIDISCIPLINARIA PARA VICTIMAS DE VIOLENCIA,SER005,REGISTRO DE FEMINICIDIO,LIMA METROPOLITANA,LIMA,LA VICTORIA,CEM241,LA VICTORIA,1,0.0,0.0,0.0,1.0,0.0,0.0,1.0,0.0,0.0,0.0,0.0,0.0
333,2018,ENE - DIC,31/12/2018,ENT001,PROGRAMA NACIONAL CONTRA LA VIOLENCIA FAMILIAR Y SEXUAL,LIN001,ATENCIÃN INTEGRAL Y MULTIDISCIPLINARIA PARA VICTIMAS DE VIOLENCIA,SER005,REGISTRO DE FEMINICIDIO,LIMA METROPOLITANA,LIMA,SAN MIGUEL,CEM242,SAN MIGUEL - LIMA,1,0.0,0.0,0.0,1.0,0.0,0.0,1.0,0.0,0.0,0.0,0.0,0.0
338,2018,ENE - DIC,31/12/2018,ENT001,PROGRAMA NACIONAL CONTRA LA VIOLENCIA FAMILIAR Y SEXUAL,LIN001,ATENCIÃN INTEGRAL Y MULTIDISCIPLINARIA PARA VICTIMAS DE VIOLENCIA,SER005,REGISTRO DE FEMINICIDIO,LIMA METROPOLITANA,LIMA,CHORRILLOS,COM008,CHORRILLOS,3,0.0,0.0,0.0,3.0,0.0,0.0,3.0,0.0,0.0,0.0,0.0,0.0
340,2018,ENE - DIC,31/12/2018,ENT001,PROGRAMA NACIONAL CONTRA LA VIOLENCIA FAMILIAR Y SEXUAL,LIN001,ATENCIÃN INTEGRAL Y MULTIDISCIPLINARIA PARA VICTIMAS DE VIOLENCIA,SER005,REGISTRO DE FEMINICIDIO,LIMA METROPOLITANA,LIMA,SAN JUAN DE LURIGANCHO,COM011,CANTO REY,1,0.0,0.0,0.0,1.0,0.0,0.0,0.0,1.0,0.0,0.0,0.0,0.0
343,2018,ENE - DIC,31/12/2018,ENT001,PROGRAMA NACIONAL CONTRA LA VIOLENCIA FAMILIAR Y SEXUAL,LIN001,ATENCIÃN INTEGRAL Y MULTIDISCIPLINARIA PARA VICTIMAS DE VIOLENCIA,SER005,REGISTRO DE FEMINICIDIO,LIMA METROPOLITANA,LIMA,SAN MARTIN DE PORRES,COM019,SAN MARTIN DE PORRES,1,0.0,0.0,0.0,0.0,1.0,0.0,1.0,0.0,0.0,0.0,0.0,0.0
346,2018,ENE - DIC,31/12/2018,ENT001,PROGRAMA NACIONAL CONTRA LA VIOLENCIA FAMILIAR Y SEXUAL,LIN001,ATENCIÃN INTEGRAL Y MULTIDISCIPLINARIA PARA VICTIMAS DE VIOLENCIA,SER005,REGISTRO DE FEMINICIDIO,LIMA METROPOLITANA,LIMA,SANTA ANITA,COM028,SANTA ANITA,2,0.0,0.0,0.0,1.0,1.0,0.0,1.0,1.0,0.0,0.0,0.0,0.0
349,2018,ENE - DIC,31/12/2018,ENT001,PROGRAMA NACIONAL CONTRA LA VIOLENCIA FAMILIAR Y SEXUAL,LIN001,ATENCIÃN INTEGRAL Y MULTIDISCIPLINARIA PARA VICTIMAS DE VIOLENCIA,SER005,REGISTRO DE FEMINICIDIO,LIMA METROPOLITANA,LIMA,SAN BORJA,COM037,SAN BORJA,1,0.0,0.0,0.0,1.0,0.0,0.0,0.0,0.0,0.0,1.0,0.0,0.0
352,2018,ENE - DIC,31/12/2018,ENT001,PROGRAMA NACIONAL CONTRA LA VIOLENCIA FAMILIAR Y SEXUAL,LIN001,ATENCIÃN INTEGRAL Y MULTIDISCIPLINARIA PARA VICTIMAS DE VIOLENCIA,SER005,REGISTRO DE FEMINICIDIO,LIMA METROPOLITANA,LIMA,ATE,COM043,VITARTE,1,0.0,0.0,0.0,1.0,0.0,0.0,1.0,0.0,0.0,0.0,0.0,0.0
354,2018,ENE - DIC,31/12/2018,ENT001,PROGRAMA NACIONAL CONTRA LA VIOLENCIA FAMILIAR Y SEXUAL,LIN001,ATENCIÃN INTEGRAL Y MULTIDISCIPLINARIA PARA VICTIMAS DE VIOLENCIA,SER005,REGISTRO DE FEMINICIDIO,LIMA PROVINCIA,HUAURA,HUACHO,COM047,HUACHO,1,0.0,0.0,0.0,0.0,1.0,0.0,0.0,0.0,0.0,0.0,1.0,0.0
355,2018,ENE - DIC,31/12/2018,ENT001,PROGRAMA NACIONAL CONTRA LA VIOLENCIA FAMILIAR Y SEXUAL,LIN001,ATENCIÃN INTEGRAL Y MULTIDISCIPLINARIA PARA VICTIMAS DE VIOLENCIA,SER005,REGISTRO DE FEMINICIDIO,LIMA PROVINCIA,HUAROCHIRI,SAN ANTONIO,COM048,JICAMARCA,1,0.0,0.0,1.0,0.0,0.0,0.0,0.0,0.0,0.0,0.0,0.0,1.0
356,2018,ENE - DIC,31/12/2018,ENT001,PROGRAMA NACIONAL CONTRA LA VIOLENCIA FAMILIAR Y SEXUAL,LIN001,ATENCIÃN INTEGRAL Y MULTIDISCIPLINARIA PARA VICTIMAS DE VIOLENCIA,SER005,REGISTRO DE FEMINICIDIO,LIMA METROPOLITANA,LIMA,ATE,COM050,SANTA CLARA,1,0.0,0.0,0.0,0.0,1.0,0.0,0.0,1.0,0.0,0.0,0.0,0.0
357,2018,ENE - DIC,31/12/2018,ENT001,PROGRAMA NACIONAL CONTRA LA VIOLENCIA FAMILIAR Y SEXUAL,LIN001,ATENCIÃN INTEGRAL Y MULTIDISCIPLINARIA PARA VICTIMAS DE VIOLENCIA,SER005,REGISTRO DE FEMINICIDIO,LIMA PROVINCIA,BARRANCA,BARRANCA,COM052,BARRANCA,1,0.0,1.0,0.0,0.0,0.0,0.0,0.0,0.0,0.0,0.0,1.0,0.0
359,2018,ENE - DIC,31/12/2018,ENT001,PROGRAMA NACIONAL CONTRA LA VIOLENCIA FAMILIAR Y SEXUAL,LIN001,ATENCIÃN INTEGRAL Y MULTIDISCIPLINARIA PARA VICTIMAS DE VIOLENCIA,SER005,REGISTRO DE FEMINICIDIO,LIMA METROPOLITANA,LIMA,PUENTE PIEDRA,COM063,PUENTE PIEDRA,1,0.0,0.0,0.0,0.0,1.0,0.0,1.0,0.0,0.0,0.0,0.0,0.0
365,2019,ENE - DIC,14/01/2020,ENT001,PROGRAMA NACIONAL CONTRA LA VIOLENCIA FAMILIAR Y SEXUAL,LIN001,ATENCIÃN INTEGRAL Y MULTIDISCIPLINARIA PARA VICTIMAS DE VIOLENCIA,SER001,CENTRO EMERGENCIA MUJER,LIMA PROVINCIA,CAÃETE,IMPERIAL,CEM013,IMPERIAL,1,0.0,0.0,0.0,0.0,1.0,0.0,1.0,0.0,0.0,0.0,0.0,0.0
372,2019,ENE - DIC,14/01/2020,ENT001,PROGRAMA NACIONAL CONTRA LA VIOLENCIA FAMILIAR Y SEXUAL,LIN001,ATENCIÃN INTEGRAL Y MULTIDISCIPLINARIA PARA VICTIMAS DE VIOLENCIA,SER001,CENTRO EMERGENCIA MUJER,LIMA METROPOLITANA,LIMA,COMAS,CEM029,COMAS,1,0.0,0.0,0.0,1.0,0.0,0.0,0.0,1.0,0.0,0.0,0.0,0.0
374,2019,ENE - DIC,14/01/2020,ENT001,PROGRAMA NACIONAL CONTRA LA VIOLENCIA FAMILIAR Y SEXUAL,LIN001,ATENCIÃN INTEGRAL Y MULTIDISCIPLINARIA PARA VICTIMAS DE VIOLENCIA,SER001,CENTRO EMERGENCIA MUJER,LIMA METROPOLITANA,LIMA,EL AGUSTINO,CEM032,EL AGUSTINO,2,0.0,0.0,0.0,1.0,1.0,0.0,2.0,0.0,0.0,0.0,0.0,0.0
378,2019,ENE - DIC,14/01/2020,ENT001,PROGRAMA NACIONAL CONTRA LA VIOLENCIA FAMILIAR Y SEXUAL,LIN001,ATENCIÃN INTEGRAL Y MULTIDISCIPLINARIA PARA VICTIMAS DE VIOLENCIA,SER001,CENTRO EMERGENCIA MUJER,LIMA METROPOLITANA,LIMA,INDEPENDENCIA,CEM050,INDEPENDENCIA,2,0.0,0.0,0.0,1.0,1.0,0.0,1.0,1.0,0.0,0.0,0.0,0.0
382,2019,ENE - DIC,14/01/2020,ENT001,PROGRAMA NACIONAL CONTRA LA VIOLENCIA FAMILIAR Y SEXUAL,LIN001,ATENCIÃN INTEGRAL Y MULTIDISCIPLINARIA PARA VICTIMAS DE VIOLENCIA,SER001,CENTRO EMERGENCIA MUJER,LIMA METROPOLITANA,LIMA,LIMA,CEM060,LIMA,1,0.0,0.0,0.0,0.0,1.0,0.0,0.0,1.0,0.0,0.0,0.0,0.0
383,2019,ENE - DIC,14/01/2020,ENT001,PROGRAMA NACIONAL CONTRA LA VIOLENCIA FAMILIAR Y SEXUAL,LIN001,ATENCIÃN INTEGRAL Y MULTIDISCIPLINARIA PARA VICTIMAS DE VIOLENCIA,SER001,CENTRO EMERGENCIA MUJER,LIMA METROPOLITANA,LIMA,LOS OLIVOS,CEM061,LOS OLIVOS,1,0.0,0.0,0.0,0.0,1.0,0.0,1.0,0.0,0.0,0.0,0.0,0.0
384,2019,ENE - DIC,14/01/2020,ENT001,PROGRAMA NACIONAL CONTRA LA VIOLENCIA FAMILIAR Y SEXUAL,LIN001,ATENCIÃN INTEGRAL Y MULTIDISCIPLINARIA PARA VICTIMAS DE VIOLENCIA,SER001,CENTRO EMERGENCIA MUJER,LIMA METROPOLITANA,LIMA,PACHACAMAC,CEM064,MANCHAY,1,0.0,0.0,0.0,0.0,1.0,0.0,0.0,1.0,0.0,0.0,0.0,0.0
390,2019,ENE - DIC,14/01/2020,ENT001,PROGRAMA NACIONAL CONTRA LA VIOLENCIA FAMILIAR Y SEXUAL,LIN001,ATENCIÃN INTEGRAL Y MULTIDISCIPLINARIA PARA VICTIMAS DE VIOLENCIA,SER001,CENTRO EMERGENCIA MUJER,LIMA METROPOLITANA,LIMA,SAN JUAN DE MIRAFLORES,CEM076,SAN JUAN DE MIRAFLORES,2,0.0,0.0,0.0,1.0,1.0,0.0,1.0,1.0,0.0,0.0,0.0,0.0
397,2019,ENE - DIC,14/01/2020,ENT001,PROGRAMA NACIONAL CONTRA LA VIOLENCIA FAMILIAR Y SEXUAL,LIN001,ATENCIÃN INTEGRAL Y MULTIDISCIPLINARIA PARA VICTIMAS DE VIOLENCIA,SER001,CENTRO EMERGENCIA MUJER,LIMA METROPOLITANA,LIMA,LA MOLINA,CEM087,LA MOLINA,2,0.0,0.0,0.0,2.0,0.0,0.0,0.0,0.0,0.0,1.0,1.0,0.0
398,2019,ENE - DIC,14/01/2020,ENT001,PROGRAMA NACIONAL CONTRA LA VIOLENCIA FAMILIAR Y SEXUAL,LIN001,ATENCIÃN INTEGRAL Y MULTIDISCIPLINARIA PARA VICTIMAS DE VIOLENCIA,SER001,CENTRO EMERGENCIA MUJER,LIMA METROPOLITANA,LIMA,SAN JUAN DE LURIGANCHO,CEM088,SAN JUAN DE LURIGANCHO,2,0.0,0.0,0.0,0.0,2.0,0.0,1.0,0.0,1.0,0.0,0.0,0.0
399,2019,ENE - DIC,14/01/2020,ENT001,PROGRAMA NACIONAL CONTRA LA VIOLENCIA FAMILIAR Y SEXUAL,LIN001,ATENCIÃN INTEGRAL Y MULTIDISCIPLINARIA PARA VICTIMAS DE VIOLENCIA,SER001,CENTRO EMERGENCIA MUJER,LIMA METROPOLITANA,LIMA,SAN MARTIN DE PORRES,CEM089,SAN MARTIN DE PORRES,1,0.0,0.0,0.0,1.0,0.0,0.0,1.0,0.0,0.0,0.0,0.0,0.0
406,2019,ENE - DIC,14/01/2020,ENT001,PROGRAMA NACIONAL CONTRA LA VIOLENCIA FAMILIAR Y SEXUAL,LIN001,ATENCIÃN INTEGRAL Y MULTIDISCIPLINARIA PARA VICTIMAS DE VIOLENCIA,SER001,CENTRO EMERGENCIA MUJER,LIMA METROPOLITANA,LIMA,VILLA EL SALVADOR,CEM109,VILLA EL SALVADOR,1,0.0,0.0,0.0,1.0,0.0,0.0,0.0,0.0,0.0,0.0,1.0,0.0
411,2019,ENE - DIC,14/01/2020,ENT001,PROGRAMA NACIONAL CONTRA LA VIOLENCIA FAMILIAR Y SEXUAL,LIN001,ATENCIÃN INTEGRAL Y MULTIDISCIPLINARIA PARA VICTIMAS DE VIOLENCIA,SER001,CENTRO EMERGENCIA MUJER,LIMA PROVINCIA,HUARAL,HUARAL,CEM124,HUARAL,1,0.0,0.0,0.0,1.0,0.0,0.0,1.0,0.0,0.0,0.0,0.0,0.0
437,2019,ENE - DIC,14/01/2020,ENT001,PROGRAMA NACIONAL CONTRA LA VIOLENCIA FAMILIAR Y SEXUAL,LIN001,ATENCIÃN INTEGRAL Y MULTIDISCIPLINARIA PARA VICTIMAS DE VIOLENCIA,SER001,CENTRO EMERGENCIA MUJER,LIMA METROPOLITANA,LIMA,LURIGANCHO,CEM223,CHOSICA,1,0.0,0.0,0.0,1.0,0.0,0.0,0.0,1.0,0.0,0.0,0.0,0.0
442,2019,ENE - DIC,14/01/2020,ENT001,PROGRAMA NACIONAL CONTRA LA VIOLENCIA FAMILIAR Y SEXUAL,LIN001,ATENCIÃN INTEGRAL Y MULTIDISCIPLINARIA PARA VICTIMAS DE VIOLENCIA,SER001,CENTRO EMERGENCIA MUJER,LIMA METROPOLITANA,LIMA,LA VICTORIA,CEM241,LA VICTORIA,1,0.0,0.0,0.0,1.0,0.0,0.0,1.0,0.0,0.0,0.0,0.0,0.0
446,2019,ENE - DIC,14/01/2020,ENT001,PROGRAMA NACIONAL CONTRA LA VIOLENCIA FAMILIAR Y SEXUAL,LIN001,ATENCIÃN INTEGRAL Y MULTIDISCIPLINARIA PARA VICTIMAS DE VIOLENCIA,SER001,CENTRO EMERGENCIA MUJER,LIMA PROVINCIA,CAÃETE,IMPERIAL,COM004,IMPERIAL,1,0.0,0.0,0.0,1.0,0.0,0.0,1.0,0.0,0.0,0.0,0.0,0.0
447,2019,ENE - DIC,14/01/2020,ENT001,PROGRAMA NACIONAL CONTRA LA VIOLENCIA FAMILIAR Y SEXUAL,LIN001,ATENCIÃN INTEGRAL Y MULTIDISCIPLINARIA PARA VICTIMAS DE VIOLENCIA,SER001,CENTRO EMERGENCIA MUJER,LIMA METROPOLITANA,LIMA,VILLA MARIA DEL TRIUNFO,COM005,VILLA MARIA DEL TRIUNFO,1,0.0,0.0,0.0,0.0,1.0,0.0,0.0,0.0,0.0,0.0,1.0,0.0
449,2019,ENE - DIC,14/01/2020,ENT001,PROGRAMA NACIONAL CONTRA LA VIOLENCIA FAMILIAR Y SEXUAL,LIN001,ATENCIÃN INTEGRAL Y MULTIDISCIPLINARIA PARA VICTIMAS DE VIOLENCIA,SER001,CENTRO EMERGENCIA MUJER,LIMA METROPOLITANA,LIMA,CHORRILLOS,COM008,CHORRILLOS,2,0.0,0.0,1.0,1.0,0.0,0.0,1.0,0.0,0.0,0.0,1.0,0.0
451,2019,ENE - DIC,14/01/2020,ENT001,PROGRAMA NACIONAL CONTRA LA VIOLENCIA FAMILIAR Y SEXUAL,LIN001,ATENCIÃN INTEGRAL Y MULTIDISCIPLINARIA PARA VICTIMAS DE VIOLENCIA,SER001,CENTRO EMERGENCIA MUJER,LIMA METROPOLITANA,LIMA,SAN JUAN DE LURIGANCHO,COM011,CANTO REY,2,0.0,0.0,0.0,0.0,2.0,0.0,1.0,0.0,1.0,0.0,0.0,0.0
453,2019,ENE - DIC,14/01/2020,ENT001,PROGRAMA NACIONAL CONTRA LA VIOLENCIA FAMILIAR Y SEXUAL,LIN001,ATENCIÃN INTEGRAL Y MULTIDISCIPLINARIA PARA VICTIMAS DE VIOLENCIA,SER001,CENTRO EMERGENCIA MUJER,LIMA METROPOLITANA,LIMA,EL AGUSTINO,COM015,DE FAMILIA EL AGUSTINO,1,0.0,0.0,0.0,1.0,0.0,0.0,1.0,0.0,0.0,0.0,0.0,0.0
454,2019,ENE - DIC,14/01/2020,ENT001,PROGRAMA NACIONAL CONTRA LA VIOLENCIA FAMILIAR Y SEXUAL,LIN001,ATENCIÃN INTEGRAL Y MULTIDISCIPLINARIA PARA VICTIMAS DE VIOLENCIA,SER001,CENTRO EMERGENCIA MUJER,LIMA METROPOLITANA,LIMA,LOS OLIVOS,COM018,LAURA CALLER,1,0.0,0.0,0.0,1.0,0.0,0.0,0.0,1.0,0.0,0.0,0.0,0.0
455,2019,ENE - DIC,14/01/2020,ENT001,PROGRAMA NACIONAL CONTRA LA VIOLENCIA FAMILIAR Y SEXUAL,LIN001,ATENCIÃN INTEGRAL Y MULTIDISCIPLINARIA PARA VICTIMAS DE VIOLENCIA,SER001,CENTRO EMERGENCIA MUJER,LIMA METROPOLITANA,LIMA,CARABAYLLO,COM020,SAN PEDRO DE CARABAYLLO,1,0.0,0.0,0.0,1.0,0.0,0.0,0.0,1.0,0.0,0.0,0.0,0.0
456,2019,ENE - DIC,14/01/2020,ENT001,PROGRAMA NACIONAL CONTRA LA VIOLENCIA FAMILIAR Y SEXUAL,LIN001,ATENCIÃN INTEGRAL Y MULTIDISCIPLINARIA PARA VICTIMAS DE VIOLENCIA,SER001,CENTRO EMERGENCIA MUJER,LIMA METROPOLITANA,LIMA,COMAS,COM022,DE FAMILIA COLLIQUE,2,0.0,0.0,0.0,1.0,1.0,0.0,1.0,0.0,0.0,1.0,0.0,0.0
459,2019,ENE - DIC,14/01/2020,ENT001,PROGRAMA NACIONAL CONTRA LA VIOLENCIA FAMILIAR Y SEXUAL,LIN001,ATENCIÃN INTEGRAL Y MULTIDISCIPLINARIA PARA VICTIMAS DE VIOLENCIA,SER001,CENTRO EMERGENCIA MUJER,LIMA METROPOLITANA,LIMA,SANTA ANITA,COM028,SANTA ANITA,3,0.0,0.0,0.0,1.0,2.0,0.0,0.0,3.0,0.0,0.0,0.0,0.0
462,2019,ENE - DIC,14/01/2020,ENT001,PROGRAMA NACIONAL CONTRA LA VIOLENCIA FAMILIAR Y SEXUAL,LIN001,ATENCIÃN INTEGRAL Y MULTIDISCIPLINARIA PARA VICTIMAS DE VIOLENCIA,SER001,CENTRO EMERGENCIA MUJER,LIMA METROPOLITANA,LIMA,PUEBLO LIBRE,COM034,PUEBLO LIBRE,1,0.0,0.0,0.0,1.0,0.0,0.0,1.0,0.0,0.0,0.0,0.0,0.0
464,2019,ENE - DIC,14/01/2020,ENT001,PROGRAMA NACIONAL CONTRA LA VIOLENCIA FAMILIAR Y SEXUAL,LIN001,ATENCIÃN INTEGRAL Y MULTIDISCIPLINARIA PARA VICTIMAS DE VIOLENCIA,SER001,CENTRO EMERGENCIA MUJER,LIMA METROPOLITANA,LIMA,SAN BORJA,COM037,SAN BORJA,1,0.0,0.0,0.0,0.0,1.0,0.0,1.0,0.0,0.0,0.0,0.0,0.0
466,2019,ENE - DIC,14/01/2020,ENT001,PROGRAMA NACIONAL CONTRA LA VIOLENCIA FAMILIAR Y SEXUAL,LIN001,ATENCIÃN INTEGRAL Y MULTIDISCIPLINARIA PARA VICTIMAS DE VIOLENCIA,SER001,CENTRO EMERGENCIA MUJER,LIMA PROVINCIA,HUARAL,CHANCAY,COM039,CHANCAY,1,0.0,0.0,0.0,0.0,1.0,0.0,1.0,0.0,0.0,0.0,0.0,0.0
470,2019,ENE - DIC,14/01/2020,ENT001,PROGRAMA NACIONAL CONTRA LA VIOLENCIA FAMILIAR Y SEXUAL,LIN001,ATENCIÃN INTEGRAL Y MULTIDISCIPLINARIA PARA VICTIMAS DE VIOLENCIA,SER001,CENTRO EMERGENCIA MUJER,LIMA METROPOLITANA,LIMA,SAN MARTIN DE PORRES,COM046,CONDEVILLA,1,0.0,0.0,0.0,1.0,0.0,0.0,0.0,0.0,0.0,0.0,1.0,0.0
471,2019,ENE - DIC,14/01/2020,ENT001,PROGRAMA NACIONAL CONTRA LA VIOLENCIA FAMILIAR Y SEXUAL,LIN001,ATENCIÃN INTEGRAL Y MULTIDISCIPLINARIA PARA VICTIMAS DE VIOLENCIA,SER001,CENTRO EMERGENCIA MUJER,LIMA PROVINCIA,HUAURA,HUACHO,COM047,HUACHO,1,0.0,0.0,0.0,0.0,1.0,0.0,0.0,1.0,0.0,0.0,0.0,0.0
472,2019,ENE - DIC,14/01/2020,ENT001,PROGRAMA NACIONAL CONTRA LA VIOLENCIA FAMILIAR Y SEXUAL,LIN001,ATENCIÃN INTEGRAL Y MULTIDISCIPLINARIA PARA VICTIMAS DE VIOLENCIA,SER001,CENTRO EMERGENCIA MUJER,LIMA PROVINCIA,BARRANCA,BARRANCA,COM052,BARRANCA,1,0.0,0.0,0.0,0.0,0.0,1.0,0.0,0.0,1.0,0.0,0.0,0.0
473,2019,ENE - DIC,14/01/2020,ENT001,PROGRAMA NACIONAL CONTRA LA VIOLENCIA FAMILIAR Y SEXUAL,LIN001,ATENCIÃN INTEGRAL Y MULTIDISCIPLINARIA PARA VICTIMAS DE VIOLENCIA,SER001,CENTRO EMERGENCIA MUJER,LIMA METROPOLITANA,LIMA,SAN JUAN DE LURIGANCHO,COM054,DE FAMILIA CANTO REY,1,0.0,0.0,0.0,1.0,0.0,0.0,1.0,0.0,0.0,0.0,0.0,0.0
476,2019,ENE - DIC,14/01/2020,ENT001,PROGRAMA NACIONAL CONTRA LA VIOLENCIA FAMILIAR Y SEXUAL,LIN001,ATENCIÃN INTEGRAL Y MULTIDISCIPLINARIA PARA VICTIMAS DE VIOLENCIA,SER001,CENTRO EMERGENCIA MUJER,LIMA METROPOLITANA,LIMA,PUENTE PIEDRA,COM063,PUENTE PIEDRA,1,0.0,0.0,0.0,1.0,0.0,0.0,1.0,0.0,0.0,0.0,0.0,0.0
479,2019,ENE - DIC,14/01/2020,ENT001,PROGRAMA NACIONAL CONTRA LA VIOLENCIA FAMILIAR Y SEXUAL,LIN001,ATENCIÃN INTEGRAL Y MULTIDISCIPLINARIA PARA VICTIMAS DE VIOLENCIA,SER001,CENTRO EMERGENCIA MUJER,LIMA PROVINCIA,CAÃETE,SAN ANTONIO,COM083,SAN ANTONIO - CAÃETE,2,0.0,0.0,0.0,2.0,0.0,0.0,2.0,0.0,0.0,0.0,0.0,0.0
484,2019,ENE - DIC,14/01/2020,ENT001,PROGRAMA NACIONAL CONTRA LA VIOLENCIA FAMILIAR Y SEXUAL,LIN001,ATENCIÃN INTEGRAL Y MULTIDISCIPLINARIA PARA VICTIMAS DE VIOLENCIA,SER001,CENTRO EMERGENCIA MUJER,LIMA METROPOLITANA,LIMA,LIMA,COM094,ALFONSO UGARTE,2,0.0,0.0,0.0,0.0,2.0,0.0,0.0,1.0,1.0,0.0,0.0,0.0
528,2020,ENE -DIC,15/01/2021,ENT001,PROGRAMA NACIONAL CONTRA LA VIOLENCIA FAMILIAR Y SEXUAL,LIN001,ATENCIÃN INTEGRAL Y MULTIDISCIPLINARIA PARA VICTIMAS DE VIOLENCIA,SER001,CENTRO EMERGENCIA MUJER,LIMA METROPOLITANA,LIMA,LIMA,COM094,COMISARIA ALFONSO UGARTE,1,0.0,0.0,0.0,1.0,0.0,0.0,1.0,0.0,0.0,0.0,0.0,0.0
529,2020,ENE -DIC,15/01/2021,ENT001,PROGRAMA NACIONAL CONTRA LA VIOLENCIA FAMILIAR Y SEXUAL,LIN001,ATENCIÃN INTEGRAL Y MULTIDISCIPLINARIA PARA VICTIMAS DE VIOLENCIA,SER001,CENTRO EMERGENCIA MUJER,LIMA METROPOLITANA,LIMA,ATE,COM043,COMISARIA VITARTE,1,0.0,0.0,0.0,1.0,0.0,0.0,0.0,1.0,0.0,0.0,0.0,0.0
530,2020,ENE -DIC,15/01/2021,ENT001,PROGRAMA NACIONAL CONTRA LA VIOLENCIA FAMILIAR Y SEXUAL,LIN001,ATENCIÃN INTEGRAL Y MULTIDISCIPLINARIA PARA VICTIMAS DE VIOLENCIA,SER001,CENTRO EMERGENCIA MUJER,LIMA METROPOLITANA,LIMA,CARABAYLLO,COM020,COMISARIA SAN PEDRO DE CARABAYLLO,1,0.0,0.0,0.0,0.0,1.0,0.0,1.0,0.0,0.0,0.0,0.0,0.0
531,2020,ENE -DIC,15/01/2021,ENT001,PROGRAMA NACIONAL CONTRA LA VIOLENCIA FAMILIAR Y SEXUAL,LIN001,ATENCIÃN INTEGRAL Y MULTIDISCIPLINARIA PARA VICTIMAS DE VIOLENCIA,SER001,CENTRO EMERGENCIA MUJER,LIMA METROPOLITANA,LIMA,CHORRILLOS,COM008,COMISARIA CHORRILLOS,3,0.0,0.0,0.0,3.0,0.0,0.0,1.0,2.0,0.0,0.0,0.0,0.0
532,2020,ENE -DIC,15/01/2021,ENT001,PROGRAMA NACIONAL CONTRA LA VIOLENCIA FAMILIAR Y SEXUAL,LIN001,ATENCIÃN INTEGRAL Y MULTIDISCIPLINARIA PARA VICTIMAS DE VIOLENCIA,SER001,CENTRO EMERGENCIA MUJER,LIMA METROPOLITANA,LIMA,COMAS,COM022,COMISARIA DE FAMILIA COLLIQUE,1,0.0,0.0,1.0,0.0,0.0,0.0,1.0,0.0,0.0,0.0,0.0,0.0
533,2020,ENE -DIC,15/01/2021,ENT001,PROGRAMA NACIONAL CONTRA LA VIOLENCIA FAMILIAR Y SEXUAL,LIN001,ATENCIÃN INTEGRAL Y MULTIDISCIPLINARIA PARA VICTIMAS DE VIOLENCIA,SER001,CENTRO EMERGENCIA MUJER,LIMA METROPOLITANA,LIMA,INDEPENDENCIA,CEM050,INDEPENDENCIA,1,1.0,0.0,0.0,0.0,0.0,0.0,0.0,0.0,0.0,0.0,1.0,0.0
534,2020,ENE -DIC,15/01/2021,ENT001,PROGRAMA NACIONAL CONTRA LA VIOLENCIA FAMILIAR Y SEXUAL,LIN001,ATENCIÃN INTEGRAL Y MULTIDISCIPLINARIA PARA VICTIMAS DE VIOLENCIA,SER001,CENTRO EMERGENCIA MUJER,LIMA METROPOLITANA,LIMA,LA VICTORIA,CEM241,LA VICTORIA,1,0.0,0.0,0.0,1.0,0.0,0.0,0.0,1.0,0.0,0.0,0.0,0.0
535,2020,ENE -DIC,15/01/2021,ENT001,PROGRAMA NACIONAL CONTRA LA VIOLENCIA FAMILIAR Y SEXUAL,LIN001,ATENCIÃN INTEGRAL Y MULTIDISCIPLINARIA PARA VICTIMAS DE VIOLENCIA,SER001,CENTRO EMERGENCIA MUJER,LIMA METROPOLITANA,LIMA,LA VICTORIA,COM059,COMISARIA APOLO,1,0.0,0.0,0.0,0.0,1.0,0.0,0.0,1.0,0.0,0.0,0.0,0.0
536,2020,ENE -DIC,15/01/2021,ENT001,PROGRAMA NACIONAL CONTRA LA VIOLENCIA FAMILIAR Y SEXUAL,LIN001,ATENCIÃN INTEGRAL Y MULTIDISCIPLINARIA PARA VICTIMAS DE VIOLENCIA,SER001,CENTRO EMERGENCIA MUJER,LIMA METROPOLITANA,LIMA,LOS OLIVOS,CEM061,LOS OLIVOS,1,0.0,0.0,0.0,0.0,1.0,0.0,0.0,1.0,0.0,0.0,0.0,0.0
537,2020,ENE -DIC,15/01/2021,ENT001,PROGRAMA NACIONAL CONTRA LA VIOLENCIA FAMILIAR Y SEXUAL,LIN001,ATENCIÃN INTEGRAL Y MULTIDISCIPLINARIA PARA VICTIMAS DE VIOLENCIA,SER001,CENTRO EMERGENCIA MUJER,LIMA METROPOLITANA,LIMA,LOS OLIVOS,COM018,COMISARIA LAURA CALLER,1,0.0,0.0,0.0,0.0,1.0,0.0,1.0,0.0,0.0,0.0,0.0,0.0
538,2020,ENE -DIC,15/01/2021,ENT001,PROGRAMA NACIONAL CONTRA LA VIOLENCIA FAMILIAR Y SEXUAL,LIN001,ATENCIÃN INTEGRAL Y MULTIDISCIPLINARIA PARA VICTIMAS DE VIOLENCIA,SER001,CENTRO EMERGENCIA MUJER,LIMA METROPOLITANA,LIMA,PACHACAMAC,CEM064,MANCHAY,1,0.0,0.0,0.0,1.0,0.0,0.0,1.0,0.0,0.0,0.0,0.0,0.0
539,2020,ENE -DIC,15/01/2021,ENT001,PROGRAMA NACIONAL CONTRA LA VIOLENCIA FAMILIAR Y SEXUAL,LIN001,ATENCIÃN INTEGRAL Y MULTIDISCIPLINARIA PARA VICTIMAS DE VIOLENCIA,SER001,CENTRO EMERGENCIA MUJER,LIMA METROPOLITANA,LIMA,PUENTE PIEDRA,COM063,COMISARIA PUENTE PIEDRA,1,0.0,0.0,0.0,1.0,0.0,0.0,1.0,0.0,0.0,0.0,0.0,0.0
540,2020,ENE -DIC,15/01/2021,ENT001,PROGRAMA NACIONAL CONTRA LA VIOLENCIA FAMILIAR Y SEXUAL,LIN001,ATENCIÃN INTEGRAL Y MULTIDISCIPLINARIA PARA VICTIMAS DE VIOLENCIA,SER001,CENTRO EMERGENCIA MUJER,LIMA METROPOLITANA,LIMA,SAN JUAN DE LURIGANCHO,COM101,COMISARIA SANTA ELIZABETH,2,0.0,0.0,0.0,2.0,0.0,0.0,1.0,1.0,0.0,0.0,0.0,0.0
541,2020,ENE -DIC,15/01/2021,ENT001,PROGRAMA NACIONAL CONTRA LA VIOLENCIA FAMILIAR Y SEXUAL,LIN001,ATENCIÃN INTEGRAL Y MULTIDISCIPLINARIA PARA VICTIMAS DE VIOLENCIA,SER001,CENTRO EMERGENCIA MUJER,LIMA METROPOLITANA,LIMA,SAN JUAN DE MIRAFLORES,COM113,COMISARIA PAMPLONA II,1,0.0,0.0,1.0,0.0,0.0,0.0,1.0,0.0,0.0,0.0,0.0,0.0
542,2020,ENE -DIC,15/01/2021,ENT001,PROGRAMA NACIONAL CONTRA LA VIOLENCIA FAMILIAR Y SEXUAL,LIN001,ATENCIÃN INTEGRAL Y MULTIDISCIPLINARIA PARA VICTIMAS DE VIOLENCIA,SER001,CENTRO EMERGENCIA MUJER,LIMA PROVINCIA,CANTA,CANTA,CEM214,CANTA,1,0.0,0.0,0.0,0.0,1.0,0.0,1.0,0.0,0.0,0.0,0.0,0.0
543,2020,ENE -DIC,15/01/2021,ENT001,PROGRAMA NACIONAL CONTRA LA VIOLENCIA FAMILIAR Y SEXUAL,LIN001,ATENCIÃN INTEGRAL Y MULTIDISCIPLINARIA PARA VICTIMAS DE VIOLENCIA,SER001,CENTRO EMERGENCIA MUJER,LIMA PROVINCIA,CAÃETE,IMPERIAL,CEM013,IMPERIAL,1,0.0,0.0,0.0,1.0,0.0,0.0,1.0,0.0,0.0,0.0,0.0,0.0
544,2020,ENE -DIC,15/01/2021,ENT001,PROGRAMA NACIONAL CONTRA LA VIOLENCIA FAMILIAR Y SEXUAL,LIN001,ATENCIÃN INTEGRAL Y MULTIDISCIPLINARIA PARA VICTIMAS DE VIOLENCIA,SER001,CENTRO EMERGENCIA MUJER,LIMA PROVINCIA,CAÃETE,SAN ANTONIO,COM083,COMISARIA SAN ANTONIO - CAÃETE,1,0.0,0.0,1.0,0.0,0.0,0.0,0.0,1.0,0.0,0.0,0.0,0.0
545,2020,ENE -DIC,15/01/2021,ENT001,PROGRAMA NACIONAL CONTRA LA VIOLENCIA FAMILIAR Y SEXUAL,LIN001,ATENCIÃN INTEGRAL Y MULTIDISCIPLINARIA PARA VICTIMAS DE VIOLENCIA,SER001,CENTRO EMERGENCIA MUJER,LIMA PROVINCIA,HUARAL,CHANCAY,COM039,COMISARIA CHANCAY,2,0.0,0.0,0.0,1.0,1.0,0.0,1.0,1.0,0.0,0.0,0.0,0.0
546,2020,ENE -DIC,15/01/2021,ENT001,PROGRAMA NACIONAL CONTRA LA VIOLENCIA FAMILIAR Y SEXUAL,LIN001,ATENCIÃN INTEGRAL Y MULTIDISCIPLINARIA PARA VICTIMAS DE VIOLENCIA,SER001,CENTRO EMERGENCIA MUJER,LIMA PROVINCIA,HUAURA,HUACHO,COM047,COMISARIA HUACHO,2,0.0,0.0,0.0,0.0,2.0,0.0,1.0,1.0,0.0,0.0,0.0,0.0
581,2020,ENE -DIC,15/01/2021,ENT001,PROGRAMA NACIONAL CONTRA LA VIOLENCIA FAMILIAR Y SEXUAL,LIN001,ATENCIÃN INTEGRAL Y MULTIDISCIPLINARIA PARA VICTIMAS DE VIOLENCIA,SER001,CENTRO EMERGENCIA MUJER,LIMA METROPOLITANA,,,,,4,0.0,0.0,0.0,1.0,3.0,0.0,4.0,0.0,0.0,0.0,0.0,0.0
593,2021,ENE - DIC,15/01/2022,ENT001,PROGRAMA NACIONAL CONTRA LA VIOLENCIA FAMILIAR Y SEXUAL,LIN001,ATENCIÃN INTEGRAL Y MULTIDISCIPLINARIA PARA VICTIMAS DE VIOLENCIA,SER001,CENTRO EMERGENCIA MUJER,LIMA METROPOLITANA,LIMA,SAN JUAN DE LURIGANCHO,COM054,DE FAMILIA CANTO REY,1,0.0,0.0,0.0,1.0,0.0,0.0,1.0,0.0,0.0,0.0,0.0,0.0
594,2021,ENE - DIC,15/01/2022,ENT001,PROGRAMA NACIONAL CONTRA LA VIOLENCIA FAMILIAR Y SEXUAL,LIN001,ATENCIÃN INTEGRAL Y MULTIDISCIPLINARIA PARA VICTIMAS DE VIOLENCIA,SER001,CENTRO EMERGENCIA MUJER,LIMA METROPOLITANA,LIMA,SAN JUAN DE MIRAFLORES,CEM076,SAN JUAN DE MIRAFLORES,2,0.0,0.0,0.0,1.0,1.0,0.0,2.0,0.0,0.0,0.0,0.0,0.0
595,2021,ENE - DIC,15/01/2022,ENT001,PROGRAMA NACIONAL CONTRA LA VIOLENCIA FAMILIAR Y SEXUAL,LIN001,ATENCIÃN INTEGRAL Y MULTIDISCIPLINARIA PARA VICTIMAS DE VIOLENCIA,SER001,CENTRO EMERGENCIA MUJER,LIMA METROPOLITANA,LIMA,SAN MARTIN DE PORRES,CEM089,SAN MARTIN DE PORRES,1,0.0,0.0,0.0,0.0,1.0,0.0,1.0,0.0,0.0,0.0,0.0,0.0
596,2021,ENE - DIC,15/01/2022,ENT001,PROGRAMA NACIONAL CONTRA LA VIOLENCIA FAMILIAR Y SEXUAL,LIN001,ATENCIÃN INTEGRAL Y MULTIDISCIPLINARIA PARA VICTIMAS DE VIOLENCIA,SER001,CENTRO EMERGENCIA MUJER,LIMA PROVINCIA,HUAROCHIRI,MATUCANA,CEM044,HUAROCHIRI,1,0.0,0.0,0.0,0.0,1.0,0.0,1.0,0.0,0.0,0.0,0.0,0.0
601,2021,ENE - DIC,15/01/2022,ENT001,PROGRAMA NACIONAL CONTRA LA VIOLENCIA FAMILIAR Y SEXUAL,LIN001,ATENCIÃN INTEGRAL Y MULTIDISCIPLINARIA PARA VICTIMAS DE VIOLENCIA,SER001,CENTRO EMERGENCIA MUJER,LIMA METROPOLITANA,LIMA,ATE,COM043,VITARTE,2,0.0,0.0,0.0,1.0,1.0,0.0,0.0,1.0,1.0,0.0,0.0,0.0
602,2021,ENE - DIC,15/01/2022,ENT001,PROGRAMA NACIONAL CONTRA LA VIOLENCIA FAMILIAR Y SEXUAL,LIN001,ATENCIÃN INTEGRAL Y MULTIDISCIPLINARIA PARA VICTIMAS DE VIOLENCIA,SER001,CENTRO EMERGENCIA MUJER,LIMA METROPOLITANA,LIMA,LOS OLIVOS,COM102,SOL DE ORO,3,0.0,0.0,0.0,3.0,0.0,0.0,1.0,0.0,0.0,1.0,1.0,0.0
605,2021,ENE - DIC,15/01/2022,ENT001,PROGRAMA NACIONAL CONTRA LA VIOLENCIA FAMILIAR Y SEXUAL,LIN001,ATENCIÃN INTEGRAL Y MULTIDISCIPLINARIA PARA VICTIMAS DE VIOLENCIA,SER001,CENTRO EMERGENCIA MUJER,LIMA METROPOLITANA,LIMA,PUENTE PIEDRA,COM063,PUENTE PIEDRA,3,0.0,0.0,0.0,1.0,2.0,0.0,3.0,0.0,0.0,0.0,0.0,0.0
612,2021,ENE - DIC,15/01/2022,ENT001,PROGRAMA NACIONAL CONTRA LA VIOLENCIA FAMILIAR Y SEXUAL,LIN001,ATENCIÃN INTEGRAL Y MULTIDISCIPLINARIA PARA VICTIMAS DE VIOLENCIA,SER001,CENTRO EMERGENCIA MUJER,LIMA PROVINCIA,BARRANCA,BARRANCA,COM052,BARRANCA,1,0.0,0.0,0.0,1.0,0.0,0.0,0.0,1.0,0.0,0.0,0.0,0.0
617,2021,ENE - DIC,15/01/2022,ENT001,PROGRAMA NACIONAL CONTRA LA VIOLENCIA FAMILIAR Y SEXUAL,LIN001,ATENCIÃN INTEGRAL Y MULTIDISCIPLINARIA PARA VICTIMAS DE VIOLENCIA,SER001,CENTRO EMERGENCIA MUJER,LIMA METROPOLITANA,LIMA,SANTIAGO DE SURCO,CEM096,SURCO,1,0.0,0.0,0.0,0.0,1.0,0.0,1.0,0.0,0.0,0.0,0.0,0.0
626,2021,ENE - DIC,15/01/2022,ENT001,PROGRAMA NACIONAL CONTRA LA VIOLENCIA FAMILIAR Y SEXUAL,LIN001,ATENCIÃN INTEGRAL Y MULTIDISCIPLINARIA PARA VICTIMAS DE VIOLENCIA,SER001,CENTRO EMERGENCIA MUJER,LIMA METROPOLITANA,LIMA,SAN BORJA,COM037,SAN BORJA,1,0.0,0.0,0.0,1.0,0.0,0.0,1.0,0.0,0.0,0.0,0.0,0.0
632,2021,ENE - DIC,15/01/2022,ENT001,PROGRAMA NACIONAL CONTRA LA VIOLENCIA FAMILIAR Y SEXUAL,LIN001,ATENCIÃN INTEGRAL Y MULTIDISCIPLINARIA PARA VICTIMAS DE VIOLENCIA,SER001,CENTRO EMERGENCIA MUJER,LIMA METROPOLITANA,LIMA,CARABAYLLO,CEM014,CARABAYLLO,1,0.0,0.0,0.0,0.0,1.0,0.0,1.0,0.0,0.0,0.0,0.0,0.0
633,2021,ENE - DIC,15/01/2022,ENT001,PROGRAMA NACIONAL CONTRA LA VIOLENCIA FAMILIAR Y SEXUAL,LIN001,ATENCIÃN INTEGRAL Y MULTIDISCIPLINARIA PARA VICTIMAS DE VIOLENCIA,SER001,CENTRO EMERGENCIA MUJER,LIMA PROVINCIA,CAÃETE,SAN ANTONIO,COM083,SAN ANTONIO - CAÃETE,1,0.0,0.0,0.0,1.0,0.0,0.0,0.0,0.0,0.0,1.0,0.0,0.0
635,2021,ENE - DIC,15/01/2022,ENT001,PROGRAMA NACIONAL CONTRA LA VIOLENCIA FAMILIAR Y SEXUAL,LIN001,ATENCIÃN INTEGRAL Y MULTIDISCIPLINARIA PARA VICTIMAS DE VIOLENCIA,SER001,CENTRO EMERGENCIA MUJER,LIMA METROPOLITANA,LIMA,ATE,COM107,HUAYCAN,1,0.0,0.0,0.0,1.0,0.0,0.0,1.0,0.0,0.0,0.0,0.0,0.0
636,2021,ENE - DIC,15/01/2022,ENT001,PROGRAMA NACIONAL CONTRA LA VIOLENCIA FAMILIAR Y SEXUAL,LIN001,ATENCIÃN INTEGRAL Y MULTIDISCIPLINARIA PARA VICTIMAS DE VIOLENCIA,SER001,CENTRO EMERGENCIA MUJER,LIMA METROPOLITANA,LIMA,PACHACAMAC,CEM064,MANCHAY,1,0.0,0.0,0.0,1.0,0.0,0.0,1.0,0.0,0.0,0.0,0.0,0.0
639,2021,ENE - DIC,15/01/2022,ENT001,PROGRAMA NACIONAL CONTRA LA VIOLENCIA FAMILIAR Y SEXUAL,LIN001,ATENCIÃN INTEGRAL Y MULTIDISCIPLINARIA PARA VICTIMAS DE VIOLENCIA,SER001,CENTRO EMERGENCIA MUJER,LIMA METROPOLITANA,LIMA,SANTA ROSA,CEM210,SANTA ROSA,1,0.0,0.0,0.0,1.0,0.0,0.0,1.0,0.0,0.0,0.0,0.0,0.0
649,2021,ENE - DIC,15/01/2022,ENT001,PROGRAMA NACIONAL CONTRA LA VIOLENCIA FAMILIAR Y SEXUAL,LIN001,ATENCIÃN INTEGRAL Y MULTIDISCIPLINARIA PARA VICTIMAS DE VIOLENCIA,SER001,CENTRO EMERGENCIA MUJER,LIMA PROVINCIA,HUAROCHIRI,SAN ANTONIO,COM131,JICAMARCA II,2,0.0,0.0,2.0,0.0,0.0,0.0,0.0,2.0,0.0,0.0,0.0,0.0
651,2021,ENE - DIC,15/01/2022,ENT001,PROGRAMA NACIONAL CONTRA LA VIOLENCIA FAMILIAR Y SEXUAL,LIN001,ATENCIÃN INTEGRAL Y MULTIDISCIPLINARIA PARA VICTIMAS DE VIOLENCIA,SER001,CENTRO EMERGENCIA MUJER,LIMA METROPOLITANA,LIMA,CHORRILLOS,COM008,CHORRILLOS,2,0.0,0.0,0.0,2.0,0.0,0.0,2.0,0.0,0.0,0.0,0.0,0.0
654,2021,ENE - DIC,15/01/2022,ENT001,PROGRAMA NACIONAL CONTRA LA VIOLENCIA FAMILIAR Y SEXUAL,LIN001,ATENCIÃN INTEGRAL Y MULTIDISCIPLINARIA PARA VICTIMAS DE VIOLENCIA,SER001,CENTRO EMERGENCIA MUJER,LIMA METROPOLITANA,LIMA,VILLA MARIA DEL TRIUNFO,COM005,VILLA MARIA DEL TRIUNFO,1,0.0,0.0,0.0,0.0,1.0,0.0,0.0,1.0,0.0,0.0,0.0,0.0
664,2021,ENE - DIC,15/01/2022,ENT001,PROGRAMA NACIONAL CONTRA LA VIOLENCIA FAMILIAR Y SEXUAL,LIN001,ATENCIÃN INTEGRAL Y MULTIDISCIPLINARIA PARA VICTIMAS DE VIOLENCIA,SER001,CENTRO EMERGENCIA MUJER,LIMA METROPOLITANA,LIMA,COMAS,COM022,DE FAMILIA COLLIQUE,2,0.0,0.0,0.0,2.0,0.0,0.0,1.0,1.0,0.0,0.0,0.0,0.0
672,2021,ENE - DIC,15/01/2022,ENT001,PROGRAMA NACIONAL CONTRA LA VIOLENCIA FAMILIAR Y SEXUAL,LIN001,ATENCIÃN INTEGRAL Y MULTIDISCIPLINARIA PARA VICTIMAS DE VIOLENCIA,SER001,CENTRO EMERGENCIA MUJER,LIMA PROVINCIA,BARRANCA,BARRANCA,CEM155,BARRANCA,1,0.0,0.0,0.0,0.0,1.0,0.0,1.0,0.0,0.0,0.0,0.0,0.0
676,2021,ENE - DIC,15/01/2022,ENT001,PROGRAMA NACIONAL CONTRA LA VIOLENCIA FAMILIAR Y SEXUAL,LIN001,ATENCIÃN INTEGRAL Y MULTIDISCIPLINARIA PARA VICTIMAS DE VIOLENCIA,SER001,CENTRO EMERGENCIA MUJER,LIMA METROPOLITANA,LIMA,INDEPENDENCIA,CEM050,INDEPENDENCIA,1,0.0,0.0,0.0,1.0,0.0,0.0,1.0,0.0,0.0,0.0,0.0,0.0
678,2021,ENE - DIC,15/01/2022,ENT001,PROGRAMA NACIONAL CONTRA LA VIOLENCIA FAMILIAR Y SEXUAL,LIN001,ATENCIÃN INTEGRAL Y MULTIDISCIPLINARIA PARA VICTIMAS DE VIOLENCIA,SER001,CENTRO EMERGENCIA MUJER,LIMA METROPOLITANA,LIMA,VILLA MARIA DEL TRIUNFO,CEM110,VILLA MARIA DEL TRIUNFO,1,0.0,0.0,0.0,0.0,1.0,0.0,1.0,0.0,0.0,0.0,0.0,0.0
687,2021,ENE - DIC,15/01/2022,ENT001,PROGRAMA NACIONAL CONTRA LA VIOLENCIA FAMILIAR Y SEXUAL,LIN001,ATENCIÃN INTEGRAL Y MULTIDISCIPLINARIA PARA VICTIMAS DE VIOLENCIA,SER001,CENTRO EMERGENCIA MUJER,LIMA PROVINCIA,HUAURA,HUACHO,COM047,COMISARIA HUACHO,1,0.0,0.0,0.0,1.0,0.0,0.0,0.0,1.0,0.0,0.0,0.0,0.0
751,2022,ENE - DIC,15/01/2023,ENT001,PROGRAMA NACIONAL CONTRA LA VIOLENCIA FAMILIAR Y SEXUAL,LIN001,ATENCIÃN INTEGRAL Y MULTIDISCIPLINARIA PARA VICTIMAS DE VIOLENCIA,SER001,CENTRO EMERGENCIA MUJER,LIMA METROPOLITANA,LIMA,LIMA,CEM060,LIMA,1,0.0,0.0,1.0,0.0,0.0,0.0,1.0,0.0,0.0,0.0,0.0,0.0
752,2022,ENE - DIC,15/01/2023,ENT001,PROGRAMA NACIONAL CONTRA LA VIOLENCIA FAMILIAR Y SEXUAL,LIN001,ATENCIÃN INTEGRAL Y MULTIDISCIPLINARIA PARA VICTIMAS DE VIOLENCIA,SER001,CENTRO EMERGENCIA MUJER,LIMA METROPOLITANA,LIMA,LIMA,COM094,COMISARIA ALFONSO UGARTE,1,0.0,0.0,0.0,0.0,1.0,0.0,1.0,0.0,0.0,0.0,0.0,0.0
753,2022,ENE - DIC,15/01/2023,ENT001,PROGRAMA NACIONAL CONTRA LA VIOLENCIA FAMILIAR Y SEXUAL,LIN001,ATENCIÃN INTEGRAL Y MULTIDISCIPLINARIA PARA VICTIMAS DE VIOLENCIA,SER001,CENTRO EMERGENCIA MUJER,LIMA METROPOLITANA,LIMA,CARABAYLLO,CEM014,CARABAYLLO,1,0.0,0.0,0.0,0.0,1.0,0.0,1.0,0.0,0.0,0.0,0.0,0.0
754,2022,ENE - DIC,15/01/2023,ENT001,PROGRAMA NACIONAL CONTRA LA VIOLENCIA FAMILIAR Y SEXUAL,LIN001,ATENCIÃN INTEGRAL Y MULTIDISCIPLINARIA PARA VICTIMAS DE VIOLENCIA,SER001,CENTRO EMERGENCIA MUJER,LIMA METROPOLITANA,LIMA,CARABAYLLO,COM020,COMISARIA SAN PEDRO DE CARABAYLLO,1,0.0,0.0,0.0,0.0,1.0,0.0,0.0,1.0,0.0,0.0,0.0,0.0
755,2022,ENE - DIC,15/01/2023,ENT001,PROGRAMA NACIONAL CONTRA LA VIOLENCIA FAMILIAR Y SEXUAL,LIN001,ATENCIÃN INTEGRAL Y MULTIDISCIPLINARIA PARA VICTIMAS DE VIOLENCIA,SER001,CENTRO EMERGENCIA MUJER,LIMA METROPOLITANA,LIMA,COMAS,CEM029,COMAS,1,0.0,0.0,0.0,1.0,0.0,0.0,0.0,1.0,0.0,0.0,0.0,0.0
756,2022,ENE - DIC,15/01/2023,ENT001,PROGRAMA NACIONAL CONTRA LA VIOLENCIA FAMILIAR Y SEXUAL,LIN001,ATENCIÃN INTEGRAL Y MULTIDISCIPLINARIA PARA VICTIMAS DE VIOLENCIA,SER001,CENTRO EMERGENCIA MUJER,LIMA METROPOLITANA,LIMA,COMAS,COM022,COMISARIA DE FAMILIA COLLIQUE,1,0.0,0.0,0.0,0.0,1.0,0.0,0.0,1.0,0.0,0.0,0.0,0.0
757,2022,ENE - DIC,15/01/2023,ENT001,PROGRAMA NACIONAL CONTRA LA VIOLENCIA FAMILIAR Y SEXUAL,LIN001,ATENCIÃN INTEGRAL Y MULTIDISCIPLINARIA PARA VICTIMAS DE VIOLENCIA,SER001,CENTRO EMERGENCIA MUJER,LIMA METROPOLITANA,LIMA,EL AGUSTINO,COM015,COMISARIA DE FAMILIA EL AGUSTINO,1,0.0,0.0,0.0,0.0,1.0,0.0,1.0,0.0,0.0,0.0,0.0,0.0
758,2022,ENE - DIC,15/01/2023,ENT001,PROGRAMA NACIONAL CONTRA LA VIOLENCIA FAMILIAR Y SEXUAL,LIN001,ATENCIÃN INTEGRAL Y MULTIDISCIPLINARIA PARA VICTIMAS DE VIOLENCIA,SER001,CENTRO EMERGENCIA MUJER,LIMA METROPOLITANA,LIMA,INDEPENDENCIA,COM152,COMISARIA INDEPENDENCIA,1,0.0,0.0,0.0,1.0,0.0,0.0,0.0,1.0,0.0,0.0,0.0,0.0
759,2022,ENE - DIC,15/01/2023,ENT001,PROGRAMA NACIONAL CONTRA LA VIOLENCIA FAMILIAR Y SEXUAL,LIN001,ATENCIÃN INTEGRAL Y MULTIDISCIPLINARIA PARA VICTIMAS DE VIOLENCIA,SER001,CENTRO EMERGENCIA MUJER,LIMA METROPOLITANA,LIMA,LA MOLINA,COM058,COMISARIA LA MOLINA,1,0.0,0.0,0.0,0.0,1.0,0.0,1.0,0.0,0.0,0.0,0.0,0.0
760,2022,ENE - DIC,15/01/2023,ENT001,PROGRAMA NACIONAL CONTRA LA VIOLENCIA FAMILIAR Y SEXUAL,LIN001,ATENCIÃN INTEGRAL Y MULTIDISCIPLINARIA PARA VICTIMAS DE VIOLENCIA,SER001,CENTRO EMERGENCIA MUJER,LIMA METROPOLITANA,LIMA,LA VICTORIA,CEM241,LA VICTORIA,1,0.0,0.0,0.0,0.0,1.0,0.0,1.0,0.0,0.0,0.0,0.0,0.0
761,2022,ENE - DIC,15/01/2023,ENT001,PROGRAMA NACIONAL CONTRA LA VIOLENCIA FAMILIAR Y SEXUAL,LIN001,ATENCIÃN INTEGRAL Y MULTIDISCIPLINARIA PARA VICTIMAS DE VIOLENCIA,SER001,CENTRO EMERGENCIA MUJER,LIMA METROPOLITANA,LIMA,LOS OLIVOS,COM102,COMISARIA SOL DE ORO,2,0.0,0.0,0.0,1.0,1.0,0.0,1.0,1.0,0.0,0.0,0.0,0.0
762,2022,ENE - DIC,15/01/2023,ENT001,PROGRAMA NACIONAL CONTRA LA VIOLENCIA FAMILIAR Y SEXUAL,LIN001,ATENCIÃN INTEGRAL Y MULTIDISCIPLINARIA PARA VICTIMAS DE VIOLENCIA,SER001,CENTRO EMERGENCIA MUJER,LIMA METROPOLITANA,LIMA,LURIN,COM036,COMISARIA LURIN,1,0.0,0.0,0.0,0.0,1.0,0.0,1.0,0.0,0.0,0.0,0.0,0.0
763,2022,ENE - DIC,15/01/2023,ENT001,PROGRAMA NACIONAL CONTRA LA VIOLENCIA FAMILIAR Y SEXUAL,LIN001,ATENCIÃN INTEGRAL Y MULTIDISCIPLINARIA PARA VICTIMAS DE VIOLENCIA,SER001,CENTRO EMERGENCIA MUJER,LIMA METROPOLITANA,LIMA,PUEBLO LIBRE,SAU001,LIMA,6,0.0,0.0,0.0,5.0,0.0,1.0,1.0,3.0,0.0,1.0,1.0,0.0
764,2022,ENE - DIC,15/01/2023,ENT001,PROGRAMA NACIONAL CONTRA LA VIOLENCIA FAMILIAR Y SEXUAL,LIN001,ATENCIÃN INTEGRAL Y MULTIDISCIPLINARIA PARA VICTIMAS DE VIOLENCIA,SER001,CENTRO EMERGENCIA MUJER,LIMA METROPOLITANA,LIMA,RIMAC,CEM145,RIMAC,2,0.0,0.0,0.0,2.0,0.0,0.0,2.0,0.0,0.0,0.0,0.0,0.0
765,2022,ENE - DIC,15/01/2023,ENT001,PROGRAMA NACIONAL CONTRA LA VIOLENCIA FAMILIAR Y SEXUAL,LIN001,ATENCIÃN INTEGRAL Y MULTIDISCIPLINARIA PARA VICTIMAS DE VIOLENCIA,SER001,CENTRO EMERGENCIA MUJER,LIMA METROPOLITANA,LIMA,SAN JUAN DE LURIGANCHO,COM106,COMISARIA CAJA DE AGUA,2,0.0,0.0,0.0,2.0,0.0,0.0,1.0,1.0,0.0,0.0,0.0,0.0
766,2022,ENE - DIC,15/01/2023,ENT001,PROGRAMA NACIONAL CONTRA LA VIOLENCIA FAMILIAR Y SEXUAL,LIN001,ATENCIÃN INTEGRAL Y MULTIDISCIPLINARIA PARA VICTIMAS DE VIOLENCIA,SER001,CENTRO EMERGENCIA MUJER,LIMA METROPOLITANA,LIMA,SAN LUIS,COM092,COMISARIA SAN LUIS,1,0.0,0.0,1.0,0.0,0.0,0.0,0.0,0.0,0.0,0.0,1.0,0.0
767,2022,ENE - DIC,15/01/2023,ENT001,PROGRAMA NACIONAL CONTRA LA VIOLENCIA FAMILIAR Y SEXUAL,LIN001,ATENCIÃN INTEGRAL Y MULTIDISCIPLINARIA PARA VICTIMAS DE VIOLENCIA,SER001,CENTRO EMERGENCIA MUJER,LIMA METROPOLITANA,LIMA,SAN MARTIN DE PORRES,COM046,COMISARIA CONDEVILLA,1,0.0,0.0,0.0,1.0,0.0,0.0,0.0,0.0,1.0,0.0,0.0,0.0
768,2022,ENE - DIC,15/01/2023,ENT001,PROGRAMA NACIONAL CONTRA LA VIOLENCIA FAMILIAR Y SEXUAL,LIN001,ATENCIÃN INTEGRAL Y MULTIDISCIPLINARIA PARA VICTIMAS DE VIOLENCIA,SER001,CENTRO EMERGENCIA MUJER,LIMA METROPOLITANA,LIMA,SANTA ANITA,COM028,COMISARIA SANTA ANITA,1,0.0,0.0,0.0,0.0,1.0,0.0,1.0,0.0,0.0,0.0,0.0,0.0
769,2022,ENE - DIC,15/01/2023,ENT001,PROGRAMA NACIONAL CONTRA LA VIOLENCIA FAMILIAR Y SEXUAL,LIN001,ATENCIÃN INTEGRAL Y MULTIDISCIPLINARIA PARA VICTIMAS DE VIOLENCIA,SER001,CENTRO EMERGENCIA MUJER,LIMA PROVINCIA,BARRANCA,BARRANCA,COM052,COMISARIA BARRANCA,1,0.0,0.0,0.0,0.0,1.0,0.0,0.0,1.0,0.0,0.0,0.0,0.0
770,2022,ENE - DIC,15/01/2023,ENT001,PROGRAMA NACIONAL CONTRA LA VIOLENCIA FAMILIAR Y SEXUAL,LIN001,ATENCIÃN INTEGRAL Y MULTIDISCIPLINARIA PARA VICTIMAS DE VIOLENCIA,SER001,CENTRO EMERGENCIA MUJER,LIMA PROVINCIA,BARRANCA,PARAMONGA,COM132,COMISARIA PARAMONGA,1,0.0,0.0,0.0,1.0,0.0,0.0,1.0,0.0,0.0,0.0,0.0,0.0
771,2022,ENE - DIC,15/01/2023,ENT001,PROGRAMA NACIONAL CONTRA LA VIOLENCIA FAMILIAR Y SEXUAL,LIN001,ATENCIÃN INTEGRAL Y MULTIDISCIPLINARIA PARA VICTIMAS DE VIOLENCIA,SER001,CENTRO EMERGENCIA MUJER,LIMA PROVINCIA,CAÃETE,SAN VICENTE DE CAÃETE,COM085,COMISARIA SAN VICENTE DE CAÃETE,1,0.0,0.0,0.0,1.0,0.0,0.0,0.0,1.0,0.0,0.0,0.0,0.0
772,2022,ENE - DIC,15/01/2023,ENT001,PROGRAMA NACIONAL CONTRA LA VIOLENCIA FAMILIAR Y SEXUAL,LIN001,ATENCIÃN INTEGRAL Y MULTIDISCIPLINARIA PARA VICTIMAS DE VIOLENCIA,SER001,CENTRO EMERGENCIA MUJER,LIMA PROVINCIA,HUARAL,HUARAL,CEM124,HUARAL,1,0.0,0.0,0.0,1.0,0.0,0.0,1.0,0.0,0.0,0.0,0.0,0.0
773,2022,ENE - DIC,15/01/2023,ENT001,PROGRAMA NACIONAL CONTRA LA VIOLENCIA FAMILIAR Y SEXUAL,LIN001,ATENCIÃN INTEGRAL Y MULTIDISCIPLINARIA PARA VICTIMAS DE VIOLENCIA,SER001,CENTRO EMERGENCIA MUJER,LIMA PROVINCIA,HUAURA,HUACHO,COM047,COMISARIA HUACHO,1,0.0,0.0,0.0,0.0,1.0,0.0,1.0,0.0,0.0,0.0,0.0,0.0
774,2022,ENE - DIC,15/01/2023,ENT001,PROGRAMA NACIONAL CONTRA LA VIOLENCIA FAMILIAR Y SEXUAL,LIN001,ATENCIÃN INTEGRAL Y MULTIDISCIPLINARIA PARA VICTIMAS DE VIOLENCIA,SER001,CENTRO EMERGENCIA MUJER,LIMA PROVINCIA,HUAURA,SAYAN,COM100,COMISARIA SAYAN,1,0.0,0.0,0.0,0.0,1.0,0.0,1.0,0.0,0.0,0.0,0.0,0.0
833,2023,ENE - JUL,15/08/2023,ENT001,PROGRAMA NACIONAL CONTRA LA VIOLENCIA FAMILIAR Y SEXUAL,LIN001,ATENCIÃN INTEGRAL Y MULTIDISCIPLINARIA PARA VICTIMAS DE VIOLENCIA,SER001,CENTRO EMERGENCIA MUJER,LIMA METROPOLITANA,LIMA,ANCON,COM110,COMISARIA ANCON,1,0.0,0.0,0.0,0.0,1.0,0.0,1.0,0.0,0.0,0.0,0.0,0.0
834,2023,ENE - JUL,15/08/2023,ENT001,PROGRAMA NACIONAL CONTRA LA VIOLENCIA FAMILIAR Y SEXUAL,LIN001,ATENCIÃN INTEGRAL Y MULTIDISCIPLINARIA PARA VICTIMAS DE VIOLENCIA,SER001,CENTRO EMERGENCIA MUJER,LIMA METROPOLITANA,LIMA,ATE,COM107,COMISARIA HUAYCAN,1,0.0,0.0,0.0,1.0,0.0,0.0,1.0,0.0,0.0,0.0,0.0,0.0
835,2023,ENE - JUL,15/08/2023,ENT001,PROGRAMA NACIONAL CONTRA LA VIOLENCIA FAMILIAR Y SEXUAL,LIN001,ATENCIÃN INTEGRAL Y MULTIDISCIPLINARIA PARA VICTIMAS DE VIOLENCIA,SER001,CENTRO EMERGENCIA MUJER,LIMA METROPOLITANA,LIMA,LA MOLINA,COM058,COMISARIA LA MOLINA,1,0.0,0.0,0.0,0.0,1.0,0.0,1.0,0.0,0.0,0.0,0.0,0.0
836,2023,ENE - JUL,15/08/2023,ENT001,PROGRAMA NACIONAL CONTRA LA VIOLENCIA FAMILIAR Y SEXUAL,LIN001,ATENCIÃN INTEGRAL Y MULTIDISCIPLINARIA PARA VICTIMAS DE VIOLENCIA,SER001,CENTRO EMERGENCIA MUJER,LIMA METROPOLITANA,LIMA,LOS OLIVOS,COM102,COMISARIA SOL DE ORO,1,0.0,0.0,0.0,0.0,0.0,1.0,0.0,0.0,0.0,0.0,1.0,0.0
837,2023,ENE - JUL,15/08/2023,ENT001,PROGRAMA NACIONAL CONTRA LA VIOLENCIA FAMILIAR Y SEXUAL,LIN001,ATENCIÃN INTEGRAL Y MULTIDISCIPLINARIA PARA VICTIMAS DE VIOLENCIA,SER001,CENTRO EMERGENCIA MUJER,LIMA METROPOLITANA,LIMA,LURIGANCHO,CEM223,CHOSICA,1,0.0,0.0,0.0,1.0,0.0,0.0,0.0,1.0,0.0,0.0,0.0,0.0
838,2023,ENE - JUL,15/08/2023,ENT001,PROGRAMA NACIONAL CONTRA LA VIOLENCIA FAMILIAR Y SEXUAL,LIN001,ATENCIÃN INTEGRAL Y MULTIDISCIPLINARIA PARA VICTIMAS DE VIOLENCIA,SER001,CENTRO EMERGENCIA MUJER,LIMA METROPOLITANA,LIMA,LURIGANCHO,COM155,COMISARIA HUACHIPA,1,0.0,0.0,0.0,1.0,0.0,0.0,1.0,0.0,0.0,0.0,0.0,0.0
839,2023,ENE - JUL,15/08/2023,ENT001,PROGRAMA NACIONAL CONTRA LA VIOLENCIA FAMILIAR Y SEXUAL,LIN001,ATENCIÃN INTEGRAL Y MULTIDISCIPLINARIA PARA VICTIMAS DE VIOLENCIA,SER001,CENTRO EMERGENCIA MUJER,LIMA METROPOLITANA,LIMA,LURIN,COM036,COMISARIA LURIN,1,0.0,0.0,1.0,0.0,0.0,0.0,0.0,1.0,0.0,0.0,0.0,0.0
840,2023,ENE - JUL,15/08/2023,ENT001,PROGRAMA NACIONAL CONTRA LA VIOLENCIA FAMILIAR Y SEXUAL,LIN001,ATENCIÃN INTEGRAL Y MULTIDISCIPLINARIA PARA VICTIMAS DE VIOLENCIA,SER001,CENTRO EMERGENCIA MUJER,LIMA METROPOLITANA,LIMA,PUEBLO LIBRE,SAU001,LIMA,2,0.0,0.0,0.0,1.0,1.0,0.0,1.0,1.0,0.0,0.0,0.0,0.0
841,2023,ENE - JUL,15/08/2023,ENT001,PROGRAMA NACIONAL CONTRA LA VIOLENCIA FAMILIAR Y SEXUAL,LIN001,ATENCIÃN INTEGRAL Y MULTIDISCIPLINARIA PARA VICTIMAS DE VIOLENCIA,SER001,CENTRO EMERGENCIA MUJER,LIMA METROPOLITANA,LIMA,VILLA EL SALVADOR,CEM109,VILLA EL SALVADOR,1,0.0,0.0,0.0,0.0,1.0,0.0,1.0,0.0,0.0,0.0,0.0,0.0
842,2023,ENE - JUL,15/08/2023,ENT001,PROGRAMA NACIONAL CONTRA LA VIOLENCIA FAMILIAR Y SEXUAL,LIN001,ATENCIÃN INTEGRAL Y MULTIDISCIPLINARIA PARA VICTIMAS DE VIOLENCIA,SER001,CENTRO EMERGENCIA MUJER,LIMA PROVINCIA,CAÃETE,SAN ANTONIO,COM083,COMISARIA SAN ANTONIO - CAÃETE,1,0.0,0.0,0.0,1.0,0.0,0.0,0.0,1.0,0.0,0.0,0.0,0.0
843,2023,ENE - JUL,15/08/2023,ENT001,PROGRAMA NACIONAL CONTRA LA VIOLENCIA FAMILIAR Y SEXUAL,LIN001,ATENCIÃN INTEGRAL Y MULTIDISCIPLINARIA PARA VICTIMAS DE VIOLENCIA,SER001,CENTRO EMERGENCIA MUJER,LIMA PROVINCIA,HUARAL,HUARAL,CEM124,HUARAL,1,0.0,0.0,1.0,0.0,0.0,0.0,0.0,0.0,0.0,0.0,1.0,0.0
