,YEAR,PERIOD,SEND DATE,ENTITY CODE,NATIONAL PROGRAM AGAINST FAMILY AND SEXUAL VIOLENCE,INTERVENTION LINE CODE,INTERVENTION LINE,SERVICE CODE,NAME OF THE SERVICE,LOCATION OF THE GEOGRAPHICAL LOCATION OF THE USER'S PLACE OF RESIDENCE - ACCORDING TO THE INEI,DEPARTMENT,PROVINCE,DISTRICT,TOWN CENTER,RESIDENCE AREA,CARE CENTER CODE,NAME OF THE CARE CENTER,age,gender,no cases
0,2016,ENE - DIC,31/12/2016,ENT001,PROGRAMA NACIONAL CONTRA LA VIOLENCIA FAMILIAR Y SEXUAL,LN001,ATENCIï¿½N INTEGRAL Y MULTIDISCIPLINARIA PARA VICTIMAS DE VIOLENCIA,SER003,SERVICIO DE ATENCIï¿½N URGENTE,150101,LIMA METROPOLITANA,LIMA,LIMA,LIMA,URBANO,SAU01,LIMA,0_5,MEN,525
1,2017,ENE - DIC,31/12/2017,ENT001,PROGRAMA NACIONAL CONTRA LA VIOLENCIA FAMILIAR Y SEXUAL,LIN001,ATENCIï¿½N INTEGRAL Y MULTIDISCIPLINARIA PARA VICTIMAS DE VIOLENCIA,SER003,SERVICIO DE ATENCIï¿½N URGENTE,150101,LIMA METROPOLITANA,LIMA,LIMA,LIMA,URBANO,SAU001,LIMA,0_5,MEN,431
2,2017,ENE - DIC,31/12/2017,ENT001,PROGRAMA NACIONAL CONTRA LA VIOLENCIA FAMILIAR Y SEXUAL,LIN001,ATENCIï¿½N INTEGRAL Y MULTIDISCIPLINARIA PARA VICTIMAS DE VIOLENCIA,SER003,SERVICIO DE ATENCIï¿½N URGENTE,40101,AREQUIPA,AREQUIPA,AREQUIPA,LIMA,URBANO,SAU002,AREQUIPA,0_5,MEN,1
3,2017,ENE - DIC,31/12/2017,ENT001,PROGRAMA NACIONAL CONTRA LA VIOLENCIA FAMILIAR Y SEXUAL,LIN001,ATENCIï¿½N INTEGRAL Y MULTIDISCIPLINARIA PARA VICTIMAS DE VIOLENCIA,SER003,SERVICIO DE ATENCIï¿½N URGENTE,170101,MADRE DE DIOS,LIMA,LIMA,LIMA,URBANO,SAU003,MADRE DE DIOS,0_5,MEN,0
4,2018,ENE - DIC,31/12/2018,ENT001,PROGRAMA NACIONAL CONTRA LA VIOLENCIA FAMILIAR Y SEXUAL,LIN001,ATENCIï¿½N INTEGRAL Y MULTIDISCIPLINARIA PARA VICTIMAS DE VIOLENCIA,SER003,SERVICIO DE ATENCIï¿½N URGENTE,150101,LIMA METROPOLITANA,LIMA,LIMA,LIMA,URBANO,SAU001,LIMA,0_5,MEN,510
5,2019,ENE - DIC,14/01/2020,ENT001,PROGRAMA NACIONAL CONTRA LA VIOLENCIA FAMILIAR Y SEXUAL,LIN001,ATENCIï¿½N INTEGRAL Y MULTIDISCIPLINARIA PARA VICTIMAS DE VIOLENCIA,SER003,SERVICIO DE ATENCIï¿½N URGENTE,150121,LIMA,LIMA,PUEBLO LIBRE,PUEBLO LIBRE,URBANO,SAU001,LIMA,0_5,MEN,568
6,2020,ENE - DIC,15/01/2021,ENT001,PROGRAMA NACIONAL CONTRA LA VIOLENCIA FAMILIAR Y SEXUAL,LIN001,ATENCIï¿½N INTEGRAL Y MULTIDISCIPLINARIA PARA VICTIMAS DE VIOLENCIA,SER003,SERVICIO DE ATENCIï¿½N URGENTE,150121,LIMA,LIMA,PUEBLO LIBRE,PUEBLO LIBRE,URBANO,SAU001,LIMA,0_5,MEN,269
7,2021,ENE - DIC,15/01/2022,ENT001,PROGRAMA NACIONAL CONTRA LA VIOLENCIA FAMILIAR Y SEXUAL,LIN001,ATENCIï¿½N INTEGRAL Y MULTIDISCIPLINARIA PARA VICTIMAS DE VIOLENCIA,SER003,SERVICIO DE ATENCIï¿½N URGENTE,150121,LIMA,LIMA,PUEBLO LIBRE,PUEBLO LIBRE,URBANO,SAU001,LIMA,0_5,MEN,261
8,2022,ENE - DIC,15/01/2023,ENT001,PROGRAMA NACIONAL CONTRA LA VIOLENCIA FAMILIAR Y SEXUAL,LIN001,ATENCIï¿½N INTEGRAL Y MULTIDISCIPLINARIA PARA VICTIMAS DE VIOLENCIA,SER003,SERVICIO DE ATENCIï¿½N URGENTE,150121,LIMA,LIMA,PUEBLO LIBRE,PUEBLO LIBRE,URBANO,SAU001,LIMA,0_5,MEN,210
9,2023,ENE - JUL,15/08/2023,ENT001,PROGRAMA NACIONAL CONTRA LA VIOLENCIA FAMILIAR Y SEXUAL,LIN001,ATENCIï¿½N INTEGRAL Y MULTIDISCIPLINARIA PARA VICTIMAS DE VIOLENCIA,SER003,SERVICIO DE ATENCIï¿½N URGENTE,150121,LIMA,LIMA,PUEBLO LIBRE,PUEBLO LIBRE,URBANO,SAU001,LIMA,0_5,MEN,119
0,2016,ENE - DIC,31/12/2016,ENT001,PROGRAMA NACIONAL CONTRA LA VIOLENCIA FAMILIAR Y SEXUAL,LN001,ATENCIï¿½N INTEGRAL Y MULTIDISCIPLINARIA PARA VICTIMAS DE VIOLENCIA,SER003,SERVICIO DE ATENCIï¿½N URGENTE,150101,LIMA METROPOLITANA,LIMA,LIMA,LIMA,URBANO,SAU01,LIMA,0_5,WOMEN,530
1,2017,ENE - DIC,31/12/2017,ENT001,PROGRAMA NACIONAL CONTRA LA VIOLENCIA FAMILIAR Y SEXUAL,LIN001,ATENCIï¿½N INTEGRAL Y MULTIDISCIPLINARIA PARA VICTIMAS DE VIOLENCIA,SER003,SERVICIO DE ATENCIï¿½N URGENTE,150101,LIMA METROPOLITANA,LIMA,LIMA,LIMA,URBANO,SAU001,LIMA,0_5,WOMEN,429
2,2017,ENE - DIC,31/12/2017,ENT001,PROGRAMA NACIONAL CONTRA LA VIOLENCIA FAMILIAR Y SEXUAL,LIN001,ATENCIï¿½N INTEGRAL Y MULTIDISCIPLINARIA PARA VICTIMAS DE VIOLENCIA,SER003,SERVICIO DE ATENCIï¿½N URGENTE,40101,AREQUIPA,AREQUIPA,AREQUIPA,LIMA,URBANO,SAU002,AREQUIPA,0_5,WOMEN,0
3,2017,ENE - DIC,31/12/2017,ENT001,PROGRAMA NACIONAL CONTRA LA VIOLENCIA FAMILIAR Y SEXUAL,LIN001,ATENCIï¿½N INTEGRAL Y MULTIDISCIPLINARIA PARA VICTIMAS DE VIOLENCIA,SER003,SERVICIO DE ATENCIï¿½N URGENTE,170101,MADRE DE DIOS,LIMA,LIMA,LIMA,URBANO,SAU003,MADRE DE DIOS,0_5,WOMEN,0
4,2018,ENE - DIC,31/12/2018,ENT001,PROGRAMA NACIONAL CONTRA LA VIOLENCIA FAMILIAR Y SEXUAL,LIN001,ATENCIï¿½N INTEGRAL Y MULTIDISCIPLINARIA PARA VICTIMAS DE VIOLENCIA,SER003,SERVICIO DE ATENCIï¿½N URGENTE,150101,LIMA METROPOLITANA,LIMA,LIMA,LIMA,URBANO,SAU001,LIMA,0_5,WOMEN,562
5,2019,ENE - DIC,14/01/2020,ENT001,PROGRAMA NACIONAL CONTRA LA VIOLENCIA FAMILIAR Y SEXUAL,LIN001,ATENCIï¿½N INTEGRAL Y MULTIDISCIPLINARIA PARA VICTIMAS DE VIOLENCIA,SER003,SERVICIO DE ATENCIï¿½N URGENTE,150121,LIMA,LIMA,PUEBLO LIBRE,PUEBLO LIBRE,URBANO,SAU001,LIMA,0_5,WOMEN,511
6,2020,ENE - DIC,15/01/2021,ENT001,PROGRAMA NACIONAL CONTRA LA VIOLENCIA FAMILIAR Y SEXUAL,LIN001,ATENCIï¿½N INTEGRAL Y MULTIDISCIPLINARIA PARA VICTIMAS DE VIOLENCIA,SER003,SERVICIO DE ATENCIï¿½N URGENTE,150121,LIMA,LIMA,PUEBLO LIBRE,PUEBLO LIBRE,URBANO,SAU001,LIMA,0_5,WOMEN,264
7,2021,ENE - DIC,15/01/2022,ENT001,PROGRAMA NACIONAL CONTRA LA VIOLENCIA FAMILIAR Y SEXUAL,LIN001,ATENCIï¿½N INTEGRAL Y MULTIDISCIPLINARIA PARA VICTIMAS DE VIOLENCIA,SER003,SERVICIO DE ATENCIï¿½N URGENTE,150121,LIMA,LIMA,PUEBLO LIBRE,PUEBLO LIBRE,URBANO,SAU001,LIMA,0_5,WOMEN,258
8,2022,ENE - DIC,15/01/2023,ENT001,PROGRAMA NACIONAL CONTRA LA VIOLENCIA FAMILIAR Y SEXUAL,LIN001,ATENCIï¿½N INTEGRAL Y MULTIDISCIPLINARIA PARA VICTIMAS DE VIOLENCIA,SER003,SERVICIO DE ATENCIï¿½N URGENTE,150121,LIMA,LIMA,PUEBLO LIBRE,PUEBLO LIBRE,URBANO,SAU001,LIMA,0_5,WOMEN,196
9,2023,ENE - JUL,15/08/2023,ENT001,PROGRAMA NACIONAL CONTRA LA VIOLENCIA FAMILIAR Y SEXUAL,LIN001,ATENCIï¿½N INTEGRAL Y MULTIDISCIPLINARIA PARA VICTIMAS DE VIOLENCIA,SER003,SERVICIO DE ATENCIï¿½N URGENTE,150121,LIMA,LIMA,PUEBLO LIBRE,PUEBLO LIBRE,URBANO,SAU001,LIMA,0_5,WOMEN,135
0,2016,ENE - DIC,31/12/2016,ENT001,PROGRAMA NACIONAL CONTRA LA VIOLENCIA FAMILIAR Y SEXUAL,LN001,ATENCIï¿½N INTEGRAL Y MULTIDISCIPLINARIA PARA VICTIMAS DE VIOLENCIA,SER003,SERVICIO DE ATENCIï¿½N URGENTE,150101,LIMA METROPOLITANA,LIMA,LIMA,LIMA,URBANO,SAU01,LIMA,6_11,MEN,641
1,2017,ENE - DIC,31/12/2017,ENT001,PROGRAMA NACIONAL CONTRA LA VIOLENCIA FAMILIAR Y SEXUAL,LIN001,ATENCIï¿½N INTEGRAL Y MULTIDISCIPLINARIA PARA VICTIMAS DE VIOLENCIA,SER003,SERVICIO DE ATENCIï¿½N URGENTE,150101,LIMA METROPOLITANA,LIMA,LIMA,LIMA,URBANO,SAU001,LIMA,6_11,MEN,642
2,2017,ENE - DIC,31/12/2017,ENT001,PROGRAMA NACIONAL CONTRA LA VIOLENCIA FAMILIAR Y SEXUAL,LIN001,ATENCIï¿½N INTEGRAL Y MULTIDISCIPLINARIA PARA VICTIMAS DE VIOLENCIA,SER003,SERVICIO DE ATENCIï¿½N URGENTE,40101,AREQUIPA,AREQUIPA,AREQUIPA,LIMA,URBANO,SAU002,AREQUIPA,6_11,MEN,0
3,2017,ENE - DIC,31/12/2017,ENT001,PROGRAMA NACIONAL CONTRA LA VIOLENCIA FAMILIAR Y SEXUAL,LIN001,ATENCIï¿½N INTEGRAL Y MULTIDISCIPLINARIA PARA VICTIMAS DE VIOLENCIA,SER003,SERVICIO DE ATENCIï¿½N URGENTE,170101,MADRE DE DIOS,LIMA,LIMA,LIMA,URBANO,SAU003,MADRE DE DIOS,6_11,MEN,0
4,2018,ENE - DIC,31/12/2018,ENT001,PROGRAMA NACIONAL CONTRA LA VIOLENCIA FAMILIAR Y SEXUAL,LIN001,ATENCIï¿½N INTEGRAL Y MULTIDISCIPLINARIA PARA VICTIMAS DE VIOLENCIA,SER003,SERVICIO DE ATENCIï¿½N URGENTE,150101,LIMA METROPOLITANA,LIMA,LIMA,LIMA,URBANO,SAU001,LIMA,6_11,MEN,648
5,2019,ENE - DIC,14/01/2020,ENT001,PROGRAMA NACIONAL CONTRA LA VIOLENCIA FAMILIAR Y SEXUAL,LIN001,ATENCIï¿½N INTEGRAL Y MULTIDISCIPLINARIA PARA VICTIMAS DE VIOLENCIA,SER003,SERVICIO DE ATENCIï¿½N URGENTE,150121,LIMA,LIMA,PUEBLO LIBRE,PUEBLO LIBRE,URBANO,SAU001,LIMA,6_11,MEN,743
6,2020,ENE - DIC,15/01/2021,ENT001,PROGRAMA NACIONAL CONTRA LA VIOLENCIA FAMILIAR Y SEXUAL,LIN001,ATENCIï¿½N INTEGRAL Y MULTIDISCIPLINARIA PARA VICTIMAS DE VIOLENCIA,SER003,SERVICIO DE ATENCIï¿½N URGENTE,150121,LIMA,LIMA,PUEBLO LIBRE,PUEBLO LIBRE,URBANO,SAU001,LIMA,6_11,MEN,308
7,2021,ENE - DIC,15/01/2022,ENT001,PROGRAMA NACIONAL CONTRA LA VIOLENCIA FAMILIAR Y SEXUAL,LIN001,ATENCIï¿½N INTEGRAL Y MULTIDISCIPLINARIA PARA VICTIMAS DE VIOLENCIA,SER003,SERVICIO DE ATENCIï¿½N URGENTE,150121,LIMA,LIMA,PUEBLO LIBRE,PUEBLO LIBRE,URBANO,SAU001,LIMA,6_11,MEN,296
8,2022,ENE - DIC,15/01/2023,ENT001,PROGRAMA NACIONAL CONTRA LA VIOLENCIA FAMILIAR Y SEXUAL,LIN001,ATENCIï¿½N INTEGRAL Y MULTIDISCIPLINARIA PARA VICTIMAS DE VIOLENCIA,SER003,SERVICIO DE ATENCIï¿½N URGENTE,150121,LIMA,LIMA,PUEBLO LIBRE,PUEBLO LIBRE,URBANO,SAU001,LIMA,6_11,MEN,255
9,2023,ENE - JUL,15/08/2023,ENT001,PROGRAMA NACIONAL CONTRA LA VIOLENCIA FAMILIAR Y SEXUAL,LIN001,ATENCIï¿½N INTEGRAL Y MULTIDISCIPLINARIA PARA VICTIMAS DE VIOLENCIA,SER003,SERVICIO DE ATENCIï¿½N URGENTE,150121,LIMA,LIMA,PUEBLO LIBRE,PUEBLO LIBRE,URBANO,SAU001,LIMA,6_11,MEN,163
0,2016,ENE - DIC,31/12/2016,ENT001,PROGRAMA NACIONAL CONTRA LA VIOLENCIA FAMILIAR Y SEXUAL,LN001,ATENCIï¿½N INTEGRAL Y MULTIDISCIPLINARIA PARA VICTIMAS DE VIOLENCIA,SER003,SERVICIO DE ATENCIï¿½N URGENTE,150101,LIMA METROPOLITANA,LIMA,LIMA,LIMA,URBANO,SAU01,LIMA,6_11,WOMEN,798
1,2017,ENE - DIC,31/12/2017,ENT001,PROGRAMA NACIONAL CONTRA LA VIOLENCIA FAMILIAR Y SEXUAL,LIN001,ATENCIï¿½N INTEGRAL Y MULTIDISCIPLINARIA PARA VICTIMAS DE VIOLENCIA,SER003,SERVICIO DE ATENCIï¿½N URGENTE,150101,LIMA METROPOLITANA,LIMA,LIMA,LIMA,URBANO,SAU001,LIMA,6_11,WOMEN,643
2,2017,ENE - DIC,31/12/2017,ENT001,PROGRAMA NACIONAL CONTRA LA VIOLENCIA FAMILIAR Y SEXUAL,LIN001,ATENCIï¿½N INTEGRAL Y MULTIDISCIPLINARIA PARA VICTIMAS DE VIOLENCIA,SER003,SERVICIO DE ATENCIï¿½N URGENTE,40101,AREQUIPA,AREQUIPA,AREQUIPA,LIMA,URBANO,SAU002,AREQUIPA,6_11,WOMEN,1
3,2017,ENE - DIC,31/12/2017,ENT001,PROGRAMA NACIONAL CONTRA LA VIOLENCIA FAMILIAR Y SEXUAL,LIN001,ATENCIï¿½N INTEGRAL Y MULTIDISCIPLINARIA PARA VICTIMAS DE VIOLENCIA,SER003,SERVICIO DE ATENCIï¿½N URGENTE,170101,MADRE DE DIOS,LIMA,LIMA,LIMA,URBANO,SAU003,MADRE DE DIOS,6_11,WOMEN,0
4,2018,ENE - DIC,31/12/2018,ENT001,PROGRAMA NACIONAL CONTRA LA VIOLENCIA FAMILIAR Y SEXUAL,LIN001,ATENCIï¿½N INTEGRAL Y MULTIDISCIPLINARIA PARA VICTIMAS DE VIOLENCIA,SER003,SERVICIO DE ATENCIï¿½N URGENTE,150101,LIMA METROPOLITANA,LIMA,LIMA,LIMA,URBANO,SAU001,LIMA,6_11,WOMEN,795
5,2019,ENE - DIC,14/01/2020,ENT001,PROGRAMA NACIONAL CONTRA LA VIOLENCIA FAMILIAR Y SEXUAL,LIN001,ATENCIï¿½N INTEGRAL Y MULTIDISCIPLINARIA PARA VICTIMAS DE VIOLENCIA,SER003,SERVICIO DE ATENCIï¿½N URGENTE,150121,LIMA,LIMA,PUEBLO LIBRE,PUEBLO LIBRE,URBANO,SAU001,LIMA,6_11,WOMEN,644
6,2020,ENE - DIC,15/01/2021,ENT001,PROGRAMA NACIONAL CONTRA LA VIOLENCIA FAMILIAR Y SEXUAL,LIN001,ATENCIï¿½N INTEGRAL Y MULTIDISCIPLINARIA PARA VICTIMAS DE VIOLENCIA,SER003,SERVICIO DE ATENCIï¿½N URGENTE,150121,LIMA,LIMA,PUEBLO LIBRE,PUEBLO LIBRE,URBANO,SAU001,LIMA,6_11,WOMEN,484
7,2021,ENE - DIC,15/01/2022,ENT001,PROGRAMA NACIONAL CONTRA LA VIOLENCIA FAMILIAR Y SEXUAL,LIN001,ATENCIï¿½N INTEGRAL Y MULTIDISCIPLINARIA PARA VICTIMAS DE VIOLENCIA,SER003,SERVICIO DE ATENCIï¿½N URGENTE,150121,LIMA,LIMA,PUEBLO LIBRE,PUEBLO LIBRE,URBANO,SAU001,LIMA,6_11,WOMEN,349
8,2022,ENE - DIC,15/01/2023,ENT001,PROGRAMA NACIONAL CONTRA LA VIOLENCIA FAMILIAR Y SEXUAL,LIN001,ATENCIï¿½N INTEGRAL Y MULTIDISCIPLINARIA PARA VICTIMAS DE VIOLENCIA,SER003,SERVICIO DE ATENCIï¿½N URGENTE,150121,LIMA,LIMA,PUEBLO LIBRE,PUEBLO LIBRE,URBANO,SAU001,LIMA,6_11,WOMEN,379
9,2023,ENE - JUL,15/08/2023,ENT001,PROGRAMA NACIONAL CONTRA LA VIOLENCIA FAMILIAR Y SEXUAL,LIN001,ATENCIï¿½N INTEGRAL Y MULTIDISCIPLINARIA PARA VICTIMAS DE VIOLENCIA,SER003,SERVICIO DE ATENCIï¿½N URGENTE,150121,LIMA,LIMA,PUEBLO LIBRE,PUEBLO LIBRE,URBANO,SAU001,LIMA,6_11,WOMEN,173
0,2016,ENE - DIC,31/12/2016,ENT001,PROGRAMA NACIONAL CONTRA LA VIOLENCIA FAMILIAR Y SEXUAL,LN001,ATENCIï¿½N INTEGRAL Y MULTIDISCIPLINARIA PARA VICTIMAS DE VIOLENCIA,SER003,SERVICIO DE ATENCIï¿½N URGENTE,150101,LIMA METROPOLITANA,LIMA,LIMA,LIMA,URBANO,SAU01,LIMA,12_14,MEN,234
1,2017,ENE - DIC,31/12/2017,ENT001,PROGRAMA NACIONAL CONTRA LA VIOLENCIA FAMILIAR Y SEXUAL,LIN001,ATENCIï¿½N INTEGRAL Y MULTIDISCIPLINARIA PARA VICTIMAS DE VIOLENCIA,SER003,SERVICIO DE ATENCIï¿½N URGENTE,150101,LIMA METROPOLITANA,LIMA,LIMA,LIMA,URBANO,SAU001,LIMA,12_14,MEN,189
2,2017,ENE - DIC,31/12/2017,ENT001,PROGRAMA NACIONAL CONTRA LA VIOLENCIA FAMILIAR Y SEXUAL,LIN001,ATENCIï¿½N INTEGRAL Y MULTIDISCIPLINARIA PARA VICTIMAS DE VIOLENCIA,SER003,SERVICIO DE ATENCIï¿½N URGENTE,40101,AREQUIPA,AREQUIPA,AREQUIPA,LIMA,URBANO,SAU002,AREQUIPA,12_14,MEN,1
3,2017,ENE - DIC,31/12/2017,ENT001,PROGRAMA NACIONAL CONTRA LA VIOLENCIA FAMILIAR Y SEXUAL,LIN001,ATENCIï¿½N INTEGRAL Y MULTIDISCIPLINARIA PARA VICTIMAS DE VIOLENCIA,SER003,SERVICIO DE ATENCIï¿½N URGENTE,170101,MADRE DE DIOS,LIMA,LIMA,LIMA,URBANO,SAU003,MADRE DE DIOS,12_14,MEN,0
4,2018,ENE - DIC,31/12/2018,ENT001,PROGRAMA NACIONAL CONTRA LA VIOLENCIA FAMILIAR Y SEXUAL,LIN001,ATENCIï¿½N INTEGRAL Y MULTIDISCIPLINARIA PARA VICTIMAS DE VIOLENCIA,SER003,SERVICIO DE ATENCIï¿½N URGENTE,150101,LIMA METROPOLITANA,LIMA,LIMA,LIMA,URBANO,SAU001,LIMA,12_14,MEN,213
5,2019,ENE - DIC,14/01/2020,ENT001,PROGRAMA NACIONAL CONTRA LA VIOLENCIA FAMILIAR Y SEXUAL,LIN001,ATENCIï¿½N INTEGRAL Y MULTIDISCIPLINARIA PARA VICTIMAS DE VIOLENCIA,SER003,SERVICIO DE ATENCIï¿½N URGENTE,150121,LIMA,LIMA,PUEBLO LIBRE,PUEBLO LIBRE,URBANO,SAU001,LIMA,12_14,MEN,267
6,2020,ENE - DIC,15/01/2021,ENT001,PROGRAMA NACIONAL CONTRA LA VIOLENCIA FAMILIAR Y SEXUAL,LIN001,ATENCIï¿½N INTEGRAL Y MULTIDISCIPLINARIA PARA VICTIMAS DE VIOLENCIA,SER003,SERVICIO DE ATENCIï¿½N URGENTE,150121,LIMA,LIMA,PUEBLO LIBRE,PUEBLO LIBRE,URBANO,SAU001,LIMA,12_14,MEN,89
7,2021,ENE - DIC,15/01/2022,ENT001,PROGRAMA NACIONAL CONTRA LA VIOLENCIA FAMILIAR Y SEXUAL,LIN001,ATENCIï¿½N INTEGRAL Y MULTIDISCIPLINARIA PARA VICTIMAS DE VIOLENCIA,SER003,SERVICIO DE ATENCIï¿½N URGENTE,150121,LIMA,LIMA,PUEBLO LIBRE,PUEBLO LIBRE,URBANO,SAU001,LIMA,12_14,MEN,86
8,2022,ENE - DIC,15/01/2023,ENT001,PROGRAMA NACIONAL CONTRA LA VIOLENCIA FAMILIAR Y SEXUAL,LIN001,ATENCIï¿½N INTEGRAL Y MULTIDISCIPLINARIA PARA VICTIMAS DE VIOLENCIA,SER003,SERVICIO DE ATENCIï¿½N URGENTE,150121,LIMA,LIMA,PUEBLO LIBRE,PUEBLO LIBRE,URBANO,SAU001,LIMA,12_14,MEN,100
9,2023,ENE - JUL,15/08/2023,ENT001,PROGRAMA NACIONAL CONTRA LA VIOLENCIA FAMILIAR Y SEXUAL,LIN001,ATENCIï¿½N INTEGRAL Y MULTIDISCIPLINARIA PARA VICTIMAS DE VIOLENCIA,SER003,SERVICIO DE ATENCIï¿½N URGENTE,150121,LIMA,LIMA,PUEBLO LIBRE,PUEBLO LIBRE,URBANO,SAU001,LIMA,12_14,MEN,67
0,2016,ENE - DIC,31/12/2016,ENT001,PROGRAMA NACIONAL CONTRA LA VIOLENCIA FAMILIAR Y SEXUAL,LN001,ATENCIï¿½N INTEGRAL Y MULTIDISCIPLINARIA PARA VICTIMAS DE VIOLENCIA,SER003,SERVICIO DE ATENCIï¿½N URGENTE,150101,LIMA METROPOLITANA,LIMA,LIMA,LIMA,URBANO,SAU01,LIMA,12_14,WOMEN,405
1,2017,ENE - DIC,31/12/2017,ENT001,PROGRAMA NACIONAL CONTRA LA VIOLENCIA FAMILIAR Y SEXUAL,LIN001,ATENCIï¿½N INTEGRAL Y MULTIDISCIPLINARIA PARA VICTIMAS DE VIOLENCIA,SER003,SERVICIO DE ATENCIï¿½N URGENTE,150101,LIMA METROPOLITANA,LIMA,LIMA,LIMA,URBANO,SAU001,LIMA,12_14,WOMEN,426
2,2017,ENE - DIC,31/12/2017,ENT001,PROGRAMA NACIONAL CONTRA LA VIOLENCIA FAMILIAR Y SEXUAL,LIN001,ATENCIï¿½N INTEGRAL Y MULTIDISCIPLINARIA PARA VICTIMAS DE VIOLENCIA,SER003,SERVICIO DE ATENCIï¿½N URGENTE,40101,AREQUIPA,AREQUIPA,AREQUIPA,LIMA,URBANO,SAU002,AREQUIPA,12_14,WOMEN,0
3,2017,ENE - DIC,31/12/2017,ENT001,PROGRAMA NACIONAL CONTRA LA VIOLENCIA FAMILIAR Y SEXUAL,LIN001,ATENCIï¿½N INTEGRAL Y MULTIDISCIPLINARIA PARA VICTIMAS DE VIOLENCIA,SER003,SERVICIO DE ATENCIï¿½N URGENTE,170101,MADRE DE DIOS,LIMA,LIMA,LIMA,URBANO,SAU003,MADRE DE DIOS,12_14,WOMEN,0
4,2018,ENE - DIC,31/12/2018,ENT001,PROGRAMA NACIONAL CONTRA LA VIOLENCIA FAMILIAR Y SEXUAL,LIN001,ATENCIï¿½N INTEGRAL Y MULTIDISCIPLINARIA PARA VICTIMAS DE VIOLENCIA,SER003,SERVICIO DE ATENCIï¿½N URGENTE,150101,LIMA METROPOLITANA,LIMA,LIMA,LIMA,URBANO,SAU001,LIMA,12_14,WOMEN,532
5,2019,ENE - DIC,14/01/2020,ENT001,PROGRAMA NACIONAL CONTRA LA VIOLENCIA FAMILIAR Y SEXUAL,LIN001,ATENCIï¿½N INTEGRAL Y MULTIDISCIPLINARIA PARA VICTIMAS DE VIOLENCIA,SER003,SERVICIO DE ATENCIï¿½N URGENTE,150121,LIMA,LIMA,PUEBLO LIBRE,PUEBLO LIBRE,URBANO,SAU001,LIMA,12_14,WOMEN,494
6,2020,ENE - DIC,15/01/2021,ENT001,PROGRAMA NACIONAL CONTRA LA VIOLENCIA FAMILIAR Y SEXUAL,LIN001,ATENCIï¿½N INTEGRAL Y MULTIDISCIPLINARIA PARA VICTIMAS DE VIOLENCIA,SER003,SERVICIO DE ATENCIï¿½N URGENTE,150121,LIMA,LIMA,PUEBLO LIBRE,PUEBLO LIBRE,URBANO,SAU001,LIMA,12_14,WOMEN,327
7,2021,ENE - DIC,15/01/2022,ENT001,PROGRAMA NACIONAL CONTRA LA VIOLENCIA FAMILIAR Y SEXUAL,LIN001,ATENCIï¿½N INTEGRAL Y MULTIDISCIPLINARIA PARA VICTIMAS DE VIOLENCIA,SER003,SERVICIO DE ATENCIï¿½N URGENTE,150121,LIMA,LIMA,PUEBLO LIBRE,PUEBLO LIBRE,URBANO,SAU001,LIMA,12_14,WOMEN,307
8,2022,ENE - DIC,15/01/2023,ENT001,PROGRAMA NACIONAL CONTRA LA VIOLENCIA FAMILIAR Y SEXUAL,LIN001,ATENCIï¿½N INTEGRAL Y MULTIDISCIPLINARIA PARA VICTIMAS DE VIOLENCIA,SER003,SERVICIO DE ATENCIï¿½N URGENTE,150121,LIMA,LIMA,PUEBLO LIBRE,PUEBLO LIBRE,URBANO,SAU001,LIMA,12_14,WOMEN,346
9,2023,ENE - JUL,15/08/2023,ENT001,PROGRAMA NACIONAL CONTRA LA VIOLENCIA FAMILIAR Y SEXUAL,LIN001,ATENCIï¿½N INTEGRAL Y MULTIDISCIPLINARIA PARA VICTIMAS DE VIOLENCIA,SER003,SERVICIO DE ATENCIï¿½N URGENTE,150121,LIMA,LIMA,PUEBLO LIBRE,PUEBLO LIBRE,URBANO,SAU001,LIMA,12_14,WOMEN,229
0,2016,ENE - DIC,31/12/2016,ENT001,PROGRAMA NACIONAL CONTRA LA VIOLENCIA FAMILIAR Y SEXUAL,LN001,ATENCIï¿½N INTEGRAL Y MULTIDISCIPLINARIA PARA VICTIMAS DE VIOLENCIA,SER003,SERVICIO DE ATENCIï¿½N URGENTE,150101,LIMA METROPOLITANA,LIMA,LIMA,LIMA,URBANO,SAU01,LIMA,15_17,MEN,96
1,2017,ENE - DIC,31/12/2017,ENT001,PROGRAMA NACIONAL CONTRA LA VIOLENCIA FAMILIAR Y SEXUAL,LIN001,ATENCIï¿½N INTEGRAL Y MULTIDISCIPLINARIA PARA VICTIMAS DE VIOLENCIA,SER003,SERVICIO DE ATENCIï¿½N URGENTE,150101,LIMA METROPOLITANA,LIMA,LIMA,LIMA,URBANO,SAU001,LIMA,15_17,MEN,52
2,2017,ENE - DIC,31/12/2017,ENT001,PROGRAMA NACIONAL CONTRA LA VIOLENCIA FAMILIAR Y SEXUAL,LIN001,ATENCIï¿½N INTEGRAL Y MULTIDISCIPLINARIA PARA VICTIMAS DE VIOLENCIA,SER003,SERVICIO DE ATENCIï¿½N URGENTE,40101,AREQUIPA,AREQUIPA,AREQUIPA,LIMA,URBANO,SAU002,AREQUIPA,15_17,MEN,0
3,2017,ENE - DIC,31/12/2017,ENT001,PROGRAMA NACIONAL CONTRA LA VIOLENCIA FAMILIAR Y SEXUAL,LIN001,ATENCIï¿½N INTEGRAL Y MULTIDISCIPLINARIA PARA VICTIMAS DE VIOLENCIA,SER003,SERVICIO DE ATENCIï¿½N URGENTE,170101,MADRE DE DIOS,LIMA,LIMA,LIMA,URBANO,SAU003,MADRE DE DIOS,15_17,MEN,0
4,2018,ENE - DIC,31/12/2018,ENT001,PROGRAMA NACIONAL CONTRA LA VIOLENCIA FAMILIAR Y SEXUAL,LIN001,ATENCIï¿½N INTEGRAL Y MULTIDISCIPLINARIA PARA VICTIMAS DE VIOLENCIA,SER003,SERVICIO DE ATENCIï¿½N URGENTE,150101,LIMA METROPOLITANA,LIMA,LIMA,LIMA,URBANO,SAU001,LIMA,15_17,MEN,89
5,2019,ENE - DIC,14/01/2020,ENT001,PROGRAMA NACIONAL CONTRA LA VIOLENCIA FAMILIAR Y SEXUAL,LIN001,ATENCIï¿½N INTEGRAL Y MULTIDISCIPLINARIA PARA VICTIMAS DE VIOLENCIA,SER003,SERVICIO DE ATENCIï¿½N URGENTE,150121,LIMA,LIMA,PUEBLO LIBRE,PUEBLO LIBRE,URBANO,SAU001,LIMA,15_17,MEN,119
6,2020,ENE - DIC,15/01/2021,ENT001,PROGRAMA NACIONAL CONTRA LA VIOLENCIA FAMILIAR Y SEXUAL,LIN001,ATENCIï¿½N INTEGRAL Y MULTIDISCIPLINARIA PARA VICTIMAS DE VIOLENCIA,SER003,SERVICIO DE ATENCIï¿½N URGENTE,150121,LIMA,LIMA,PUEBLO LIBRE,PUEBLO LIBRE,URBANO,SAU001,LIMA,15_17,MEN,45
7,2021,ENE - DIC,15/01/2022,ENT001,PROGRAMA NACIONAL CONTRA LA VIOLENCIA FAMILIAR Y SEXUAL,LIN001,ATENCIï¿½N INTEGRAL Y MULTIDISCIPLINARIA PARA VICTIMAS DE VIOLENCIA,SER003,SERVICIO DE ATENCIï¿½N URGENTE,150121,LIMA,LIMA,PUEBLO LIBRE,PUEBLO LIBRE,URBANO,SAU001,LIMA,15_17,MEN,50
8,2022,ENE - DIC,15/01/2023,ENT001,PROGRAMA NACIONAL CONTRA LA VIOLENCIA FAMILIAR Y SEXUAL,LIN001,ATENCIï¿½N INTEGRAL Y MULTIDISCIPLINARIA PARA VICTIMAS DE VIOLENCIA,SER003,SERVICIO DE ATENCIï¿½N URGENTE,150121,LIMA,LIMA,PUEBLO LIBRE,PUEBLO LIBRE,URBANO,SAU001,LIMA,15_17,MEN,40
9,2023,ENE - JUL,15/08/2023,ENT001,PROGRAMA NACIONAL CONTRA LA VIOLENCIA FAMILIAR Y SEXUAL,LIN001,ATENCIï¿½N INTEGRAL Y MULTIDISCIPLINARIA PARA VICTIMAS DE VIOLENCIA,SER003,SERVICIO DE ATENCIï¿½N URGENTE,150121,LIMA,LIMA,PUEBLO LIBRE,PUEBLO LIBRE,URBANO,SAU001,LIMA,15_17,MEN,31
0,2016,ENE - DIC,31/12/2016,ENT001,PROGRAMA NACIONAL CONTRA LA VIOLENCIA FAMILIAR Y SEXUAL,LN001,ATENCIï¿½N INTEGRAL Y MULTIDISCIPLINARIA PARA VICTIMAS DE VIOLENCIA,SER003,SERVICIO DE ATENCIï¿½N URGENTE,150101,LIMA METROPOLITANA,LIMA,LIMA,LIMA,URBANO,SAU01,LIMA,15_17,WOMEN,315
1,2017,ENE - DIC,31/12/2017,ENT001,PROGRAMA NACIONAL CONTRA LA VIOLENCIA FAMILIAR Y SEXUAL,LIN001,ATENCIï¿½N INTEGRAL Y MULTIDISCIPLINARIA PARA VICTIMAS DE VIOLENCIA,SER003,SERVICIO DE ATENCIï¿½N URGENTE,150101,LIMA METROPOLITANA,LIMA,LIMA,LIMA,URBANO,SAU001,LIMA,15_17,WOMEN,299
2,2017,ENE - DIC,31/12/2017,ENT001,PROGRAMA NACIONAL CONTRA LA VIOLENCIA FAMILIAR Y SEXUAL,LIN001,ATENCIï¿½N INTEGRAL Y MULTIDISCIPLINARIA PARA VICTIMAS DE VIOLENCIA,SER003,SERVICIO DE ATENCIï¿½N URGENTE,40101,AREQUIPA,AREQUIPA,AREQUIPA,LIMA,URBANO,SAU002,AREQUIPA,15_17,WOMEN,1
3,2017,ENE - DIC,31/12/2017,ENT001,PROGRAMA NACIONAL CONTRA LA VIOLENCIA FAMILIAR Y SEXUAL,LIN001,ATENCIï¿½N INTEGRAL Y MULTIDISCIPLINARIA PARA VICTIMAS DE VIOLENCIA,SER003,SERVICIO DE ATENCIï¿½N URGENTE,170101,MADRE DE DIOS,LIMA,LIMA,LIMA,URBANO,SAU003,MADRE DE DIOS,15_17,WOMEN,0
4,2018,ENE - DIC,31/12/2018,ENT001,PROGRAMA NACIONAL CONTRA LA VIOLENCIA FAMILIAR Y SEXUAL,LIN001,ATENCIï¿½N INTEGRAL Y MULTIDISCIPLINARIA PARA VICTIMAS DE VIOLENCIA,SER003,SERVICIO DE ATENCIï¿½N URGENTE,150101,LIMA METROPOLITANA,LIMA,LIMA,LIMA,URBANO,SAU001,LIMA,15_17,WOMEN,358
5,2019,ENE - DIC,14/01/2020,ENT001,PROGRAMA NACIONAL CONTRA LA VIOLENCIA FAMILIAR Y SEXUAL,LIN001,ATENCIï¿½N INTEGRAL Y MULTIDISCIPLINARIA PARA VICTIMAS DE VIOLENCIA,SER003,SERVICIO DE ATENCIï¿½N URGENTE,150121,LIMA,LIMA,PUEBLO LIBRE,PUEBLO LIBRE,URBANO,SAU001,LIMA,15_17,WOMEN,345
6,2020,ENE - DIC,15/01/2021,ENT001,PROGRAMA NACIONAL CONTRA LA VIOLENCIA FAMILIAR Y SEXUAL,LIN001,ATENCIï¿½N INTEGRAL Y MULTIDISCIPLINARIA PARA VICTIMAS DE VIOLENCIA,SER003,SERVICIO DE ATENCIï¿½N URGENTE,150121,LIMA,LIMA,PUEBLO LIBRE,PUEBLO LIBRE,URBANO,SAU001,LIMA,15_17,WOMEN,227
7,2021,ENE - DIC,15/01/2022,ENT001,PROGRAMA NACIONAL CONTRA LA VIOLENCIA FAMILIAR Y SEXUAL,LIN001,ATENCIï¿½N INTEGRAL Y MULTIDISCIPLINARIA PARA VICTIMAS DE VIOLENCIA,SER003,SERVICIO DE ATENCIï¿½N URGENTE,150121,LIMA,LIMA,PUEBLO LIBRE,PUEBLO LIBRE,URBANO,SAU001,LIMA,15_17,WOMEN,198
8,2022,ENE - DIC,15/01/2023,ENT001,PROGRAMA NACIONAL CONTRA LA VIOLENCIA FAMILIAR Y SEXUAL,LIN001,ATENCIï¿½N INTEGRAL Y MULTIDISCIPLINARIA PARA VICTIMAS DE VIOLENCIA,SER003,SERVICIO DE ATENCIï¿½N URGENTE,150121,LIMA,LIMA,PUEBLO LIBRE,PUEBLO LIBRE,URBANO,SAU001,LIMA,15_17,WOMEN,278
9,2023,ENE - JUL,15/08/2023,ENT001,PROGRAMA NACIONAL CONTRA LA VIOLENCIA FAMILIAR Y SEXUAL,LIN001,ATENCIï¿½N INTEGRAL Y MULTIDISCIPLINARIA PARA VICTIMAS DE VIOLENCIA,SER003,SERVICIO DE ATENCIï¿½N URGENTE,150121,LIMA,LIMA,PUEBLO LIBRE,PUEBLO LIBRE,URBANO,SAU001,LIMA,15_17,WOMEN,184
0,2016,ENE - DIC,31/12/2016,ENT001,PROGRAMA NACIONAL CONTRA LA VIOLENCIA FAMILIAR Y SEXUAL,LN001,ATENCIï¿½N INTEGRAL Y MULTIDISCIPLINARIA PARA VICTIMAS DE VIOLENCIA,SER003,SERVICIO DE ATENCIï¿½N URGENTE,150101,LIMA METROPOLITANA,LIMA,LIMA,LIMA,URBANO,SAU01,LIMA,18_29,MEN,18
1,2017,ENE - DIC,31/12/2017,ENT001,PROGRAMA NACIONAL CONTRA LA VIOLENCIA FAMILIAR Y SEXUAL,LIN001,ATENCIï¿½N INTEGRAL Y MULTIDISCIPLINARIA PARA VICTIMAS DE VIOLENCIA,SER003,SERVICIO DE ATENCIï¿½N URGENTE,150101,LIMA METROPOLITANA,LIMA,LIMA,LIMA,URBANO,SAU001,LIMA,18_29,MEN,9
2,2017,ENE - DIC,31/12/2017,ENT001,PROGRAMA NACIONAL CONTRA LA VIOLENCIA FAMILIAR Y SEXUAL,LIN001,ATENCIï¿½N INTEGRAL Y MULTIDISCIPLINARIA PARA VICTIMAS DE VIOLENCIA,SER003,SERVICIO DE ATENCIï¿½N URGENTE,40101,AREQUIPA,AREQUIPA,AREQUIPA,LIMA,URBANO,SAU002,AREQUIPA,18_29,MEN,0
3,2017,ENE - DIC,31/12/2017,ENT001,PROGRAMA NACIONAL CONTRA LA VIOLENCIA FAMILIAR Y SEXUAL,LIN001,ATENCIï¿½N INTEGRAL Y MULTIDISCIPLINARIA PARA VICTIMAS DE VIOLENCIA,SER003,SERVICIO DE ATENCIï¿½N URGENTE,170101,MADRE DE DIOS,LIMA,LIMA,LIMA,URBANO,SAU003,MADRE DE DIOS,18_29,MEN,0
4,2018,ENE - DIC,31/12/2018,ENT001,PROGRAMA NACIONAL CONTRA LA VIOLENCIA FAMILIAR Y SEXUAL,LIN001,ATENCIï¿½N INTEGRAL Y MULTIDISCIPLINARIA PARA VICTIMAS DE VIOLENCIA,SER003,SERVICIO DE ATENCIï¿½N URGENTE,150101,LIMA METROPOLITANA,LIMA,LIMA,LIMA,URBANO,SAU001,LIMA,18_29,MEN,22
5,2019,ENE - DIC,14/01/2020,ENT001,PROGRAMA NACIONAL CONTRA LA VIOLENCIA FAMILIAR Y SEXUAL,LIN001,ATENCIï¿½N INTEGRAL Y MULTIDISCIPLINARIA PARA VICTIMAS DE VIOLENCIA,SER003,SERVICIO DE ATENCIï¿½N URGENTE,150121,LIMA,LIMA,PUEBLO LIBRE,PUEBLO LIBRE,URBANO,SAU001,LIMA,18_29,MEN,9
6,2020,ENE - DIC,15/01/2021,ENT001,PROGRAMA NACIONAL CONTRA LA VIOLENCIA FAMILIAR Y SEXUAL,LIN001,ATENCIï¿½N INTEGRAL Y MULTIDISCIPLINARIA PARA VICTIMAS DE VIOLENCIA,SER003,SERVICIO DE ATENCIï¿½N URGENTE,150121,LIMA,LIMA,PUEBLO LIBRE,PUEBLO LIBRE,URBANO,SAU001,LIMA,18_29,MEN,7
7,2021,ENE - DIC,15/01/2022,ENT001,PROGRAMA NACIONAL CONTRA LA VIOLENCIA FAMILIAR Y SEXUAL,LIN001,ATENCIï¿½N INTEGRAL Y MULTIDISCIPLINARIA PARA VICTIMAS DE VIOLENCIA,SER003,SERVICIO DE ATENCIï¿½N URGENTE,150121,LIMA,LIMA,PUEBLO LIBRE,PUEBLO LIBRE,URBANO,SAU001,LIMA,18_29,MEN,20
8,2022,ENE - DIC,15/01/2023,ENT001,PROGRAMA NACIONAL CONTRA LA VIOLENCIA FAMILIAR Y SEXUAL,LIN001,ATENCIï¿½N INTEGRAL Y MULTIDISCIPLINARIA PARA VICTIMAS DE VIOLENCIA,SER003,SERVICIO DE ATENCIï¿½N URGENTE,150121,LIMA,LIMA,PUEBLO LIBRE,PUEBLO LIBRE,URBANO,SAU001,LIMA,18_29,MEN,5
9,2023,ENE - JUL,15/08/2023,ENT001,PROGRAMA NACIONAL CONTRA LA VIOLENCIA FAMILIAR Y SEXUAL,LIN001,ATENCIï¿½N INTEGRAL Y MULTIDISCIPLINARIA PARA VICTIMAS DE VIOLENCIA,SER003,SERVICIO DE ATENCIï¿½N URGENTE,150121,LIMA,LIMA,PUEBLO LIBRE,PUEBLO LIBRE,URBANO,SAU001,LIMA,18_29,MEN,6
0,2016,ENE - DIC,31/12/2016,ENT001,PROGRAMA NACIONAL CONTRA LA VIOLENCIA FAMILIAR Y SEXUAL,LN001,ATENCIï¿½N INTEGRAL Y MULTIDISCIPLINARIA PARA VICTIMAS DE VIOLENCIA,SER003,SERVICIO DE ATENCIï¿½N URGENTE,150101,LIMA METROPOLITANA,LIMA,LIMA,LIMA,URBANO,SAU01,LIMA,18_29,WOMEN,346
1,2017,ENE - DIC,31/12/2017,ENT001,PROGRAMA NACIONAL CONTRA LA VIOLENCIA FAMILIAR Y SEXUAL,LIN001,ATENCIï¿½N INTEGRAL Y MULTIDISCIPLINARIA PARA VICTIMAS DE VIOLENCIA,SER003,SERVICIO DE ATENCIï¿½N URGENTE,150101,LIMA METROPOLITANA,LIMA,LIMA,LIMA,URBANO,SAU001,LIMA,18_29,WOMEN,397
2,2017,ENE - DIC,31/12/2017,ENT001,PROGRAMA NACIONAL CONTRA LA VIOLENCIA FAMILIAR Y SEXUAL,LIN001,ATENCIï¿½N INTEGRAL Y MULTIDISCIPLINARIA PARA VICTIMAS DE VIOLENCIA,SER003,SERVICIO DE ATENCIï¿½N URGENTE,40101,AREQUIPA,AREQUIPA,AREQUIPA,LIMA,URBANO,SAU002,AREQUIPA,18_29,WOMEN,6
3,2017,ENE - DIC,31/12/2017,ENT001,PROGRAMA NACIONAL CONTRA LA VIOLENCIA FAMILIAR Y SEXUAL,LIN001,ATENCIï¿½N INTEGRAL Y MULTIDISCIPLINARIA PARA VICTIMAS DE VIOLENCIA,SER003,SERVICIO DE ATENCIï¿½N URGENTE,170101,MADRE DE DIOS,LIMA,LIMA,LIMA,URBANO,SAU003,MADRE DE DIOS,18_29,WOMEN,0
4,2018,ENE - DIC,31/12/2018,ENT001,PROGRAMA NACIONAL CONTRA LA VIOLENCIA FAMILIAR Y SEXUAL,LIN001,ATENCIï¿½N INTEGRAL Y MULTIDISCIPLINARIA PARA VICTIMAS DE VIOLENCIA,SER003,SERVICIO DE ATENCIï¿½N URGENTE,150101,LIMA METROPOLITANA,LIMA,LIMA,LIMA,URBANO,SAU001,LIMA,18_29,WOMEN,373
5,2019,ENE - DIC,14/01/2020,ENT001,PROGRAMA NACIONAL CONTRA LA VIOLENCIA FAMILIAR Y SEXUAL,LIN001,ATENCIï¿½N INTEGRAL Y MULTIDISCIPLINARIA PARA VICTIMAS DE VIOLENCIA,SER003,SERVICIO DE ATENCIï¿½N URGENTE,150121,LIMA,LIMA,PUEBLO LIBRE,PUEBLO LIBRE,URBANO,SAU001,LIMA,18_29,WOMEN,414
6,2020,ENE - DIC,15/01/2021,ENT001,PROGRAMA NACIONAL CONTRA LA VIOLENCIA FAMILIAR Y SEXUAL,LIN001,ATENCIï¿½N INTEGRAL Y MULTIDISCIPLINARIA PARA VICTIMAS DE VIOLENCIA,SER003,SERVICIO DE ATENCIï¿½N URGENTE,150121,LIMA,LIMA,PUEBLO LIBRE,PUEBLO LIBRE,URBANO,SAU001,LIMA,18_29,WOMEN,371
7,2021,ENE - DIC,15/01/2022,ENT001,PROGRAMA NACIONAL CONTRA LA VIOLENCIA FAMILIAR Y SEXUAL,LIN001,ATENCIï¿½N INTEGRAL Y MULTIDISCIPLINARIA PARA VICTIMAS DE VIOLENCIA,SER003,SERVICIO DE ATENCIï¿½N URGENTE,150121,LIMA,LIMA,PUEBLO LIBRE,PUEBLO LIBRE,URBANO,SAU001,LIMA,18_29,WOMEN,381
8,2022,ENE - DIC,15/01/2023,ENT001,PROGRAMA NACIONAL CONTRA LA VIOLENCIA FAMILIAR Y SEXUAL,LIN001,ATENCIï¿½N INTEGRAL Y MULTIDISCIPLINARIA PARA VICTIMAS DE VIOLENCIA,SER003,SERVICIO DE ATENCIï¿½N URGENTE,150121,LIMA,LIMA,PUEBLO LIBRE,PUEBLO LIBRE,URBANO,SAU001,LIMA,18_29,WOMEN,270
9,2023,ENE - JUL,15/08/2023,ENT001,PROGRAMA NACIONAL CONTRA LA VIOLENCIA FAMILIAR Y SEXUAL,LIN001,ATENCIï¿½N INTEGRAL Y MULTIDISCIPLINARIA PARA VICTIMAS DE VIOLENCIA,SER003,SERVICIO DE ATENCIï¿½N URGENTE,150121,LIMA,LIMA,PUEBLO LIBRE,PUEBLO LIBRE,URBANO,SAU001,LIMA,18_29,WOMEN,193
0,2016,ENE - DIC,31/12/2016,ENT001,PROGRAMA NACIONAL CONTRA LA VIOLENCIA FAMILIAR Y SEXUAL,LN001,ATENCIï¿½N INTEGRAL Y MULTIDISCIPLINARIA PARA VICTIMAS DE VIOLENCIA,SER003,SERVICIO DE ATENCIï¿½N URGENTE,150101,LIMA METROPOLITANA,LIMA,LIMA,LIMA,URBANO,SAU01,LIMA,30_59,MEN,19
1,2017,ENE - DIC,31/12/2017,ENT001,PROGRAMA NACIONAL CONTRA LA VIOLENCIA FAMILIAR Y SEXUAL,LIN001,ATENCIï¿½N INTEGRAL Y MULTIDISCIPLINARIA PARA VICTIMAS DE VIOLENCIA,SER003,SERVICIO DE ATENCIï¿½N URGENTE,150101,LIMA METROPOLITANA,LIMA,LIMA,LIMA,URBANO,SAU001,LIMA,30_59,MEN,5
2,2017,ENE - DIC,31/12/2017,ENT001,PROGRAMA NACIONAL CONTRA LA VIOLENCIA FAMILIAR Y SEXUAL,LIN001,ATENCIï¿½N INTEGRAL Y MULTIDISCIPLINARIA PARA VICTIMAS DE VIOLENCIA,SER003,SERVICIO DE ATENCIï¿½N URGENTE,40101,AREQUIPA,AREQUIPA,AREQUIPA,LIMA,URBANO,SAU002,AREQUIPA,30_59,MEN,0
3,2017,ENE - DIC,31/12/2017,ENT001,PROGRAMA NACIONAL CONTRA LA VIOLENCIA FAMILIAR Y SEXUAL,LIN001,ATENCIï¿½N INTEGRAL Y MULTIDISCIPLINARIA PARA VICTIMAS DE VIOLENCIA,SER003,SERVICIO DE ATENCIï¿½N URGENTE,170101,MADRE DE DIOS,LIMA,LIMA,LIMA,URBANO,SAU003,MADRE DE DIOS,30_59,MEN,0
4,2018,ENE - DIC,31/12/2018,ENT001,PROGRAMA NACIONAL CONTRA LA VIOLENCIA FAMILIAR Y SEXUAL,LIN001,ATENCIï¿½N INTEGRAL Y MULTIDISCIPLINARIA PARA VICTIMAS DE VIOLENCIA,SER003,SERVICIO DE ATENCIï¿½N URGENTE,150101,LIMA METROPOLITANA,LIMA,LIMA,LIMA,URBANO,SAU001,LIMA,30_59,MEN,12
5,2019,ENE - DIC,14/01/2020,ENT001,PROGRAMA NACIONAL CONTRA LA VIOLENCIA FAMILIAR Y SEXUAL,LIN001,ATENCIï¿½N INTEGRAL Y MULTIDISCIPLINARIA PARA VICTIMAS DE VIOLENCIA,SER003,SERVICIO DE ATENCIï¿½N URGENTE,150121,LIMA,LIMA,PUEBLO LIBRE,PUEBLO LIBRE,URBANO,SAU001,LIMA,30_59,MEN,5
6,2020,ENE - DIC,15/01/2021,ENT001,PROGRAMA NACIONAL CONTRA LA VIOLENCIA FAMILIAR Y SEXUAL,LIN001,ATENCIï¿½N INTEGRAL Y MULTIDISCIPLINARIA PARA VICTIMAS DE VIOLENCIA,SER003,SERVICIO DE ATENCIï¿½N URGENTE,150121,LIMA,LIMA,PUEBLO LIBRE,PUEBLO LIBRE,URBANO,SAU001,LIMA,30_59,MEN,5
7,2021,ENE - DIC,15/01/2022,ENT001,PROGRAMA NACIONAL CONTRA LA VIOLENCIA FAMILIAR Y SEXUAL,LIN001,ATENCIï¿½N INTEGRAL Y MULTIDISCIPLINARIA PARA VICTIMAS DE VIOLENCIA,SER003,SERVICIO DE ATENCIï¿½N URGENTE,150121,LIMA,LIMA,PUEBLO LIBRE,PUEBLO LIBRE,URBANO,SAU001,LIMA,30_59,MEN,12
8,2022,ENE - DIC,15/01/2023,ENT001,PROGRAMA NACIONAL CONTRA LA VIOLENCIA FAMILIAR Y SEXUAL,LIN001,ATENCIï¿½N INTEGRAL Y MULTIDISCIPLINARIA PARA VICTIMAS DE VIOLENCIA,SER003,SERVICIO DE ATENCIï¿½N URGENTE,150121,LIMA,LIMA,PUEBLO LIBRE,PUEBLO LIBRE,URBANO,SAU001,LIMA,30_59,MEN,18
9,2023,ENE - JUL,15/08/2023,ENT001,PROGRAMA NACIONAL CONTRA LA VIOLENCIA FAMILIAR Y SEXUAL,LIN001,ATENCIï¿½N INTEGRAL Y MULTIDISCIPLINARIA PARA VICTIMAS DE VIOLENCIA,SER003,SERVICIO DE ATENCIï¿½N URGENTE,150121,LIMA,LIMA,PUEBLO LIBRE,PUEBLO LIBRE,URBANO,SAU001,LIMA,30_59,MEN,5
0,2016,ENE - DIC,31/12/2016,ENT001,PROGRAMA NACIONAL CONTRA LA VIOLENCIA FAMILIAR Y SEXUAL,LN001,ATENCIï¿½N INTEGRAL Y MULTIDISCIPLINARIA PARA VICTIMAS DE VIOLENCIA,SER003,SERVICIO DE ATENCIï¿½N URGENTE,150101,LIMA METROPOLITANA,LIMA,LIMA,LIMA,URBANO,SAU01,LIMA,30_59,WOMEN,319
1,2017,ENE - DIC,31/12/2017,ENT001,PROGRAMA NACIONAL CONTRA LA VIOLENCIA FAMILIAR Y SEXUAL,LIN001,ATENCIï¿½N INTEGRAL Y MULTIDISCIPLINARIA PARA VICTIMAS DE VIOLENCIA,SER003,SERVICIO DE ATENCIï¿½N URGENTE,150101,LIMA METROPOLITANA,LIMA,LIMA,LIMA,URBANO,SAU001,LIMA,30_59,WOMEN,401
2,2017,ENE - DIC,31/12/2017,ENT001,PROGRAMA NACIONAL CONTRA LA VIOLENCIA FAMILIAR Y SEXUAL,LIN001,ATENCIï¿½N INTEGRAL Y MULTIDISCIPLINARIA PARA VICTIMAS DE VIOLENCIA,SER003,SERVICIO DE ATENCIï¿½N URGENTE,40101,AREQUIPA,AREQUIPA,AREQUIPA,LIMA,URBANO,SAU002,AREQUIPA,30_59,WOMEN,0
3,2017,ENE - DIC,31/12/2017,ENT001,PROGRAMA NACIONAL CONTRA LA VIOLENCIA FAMILIAR Y SEXUAL,LIN001,ATENCIï¿½N INTEGRAL Y MULTIDISCIPLINARIA PARA VICTIMAS DE VIOLENCIA,SER003,SERVICIO DE ATENCIï¿½N URGENTE,170101,MADRE DE DIOS,LIMA,LIMA,LIMA,URBANO,SAU003,MADRE DE DIOS,30_59,WOMEN,0
4,2018,ENE - DIC,31/12/2018,ENT001,PROGRAMA NACIONAL CONTRA LA VIOLENCIA FAMILIAR Y SEXUAL,LIN001,ATENCIï¿½N INTEGRAL Y MULTIDISCIPLINARIA PARA VICTIMAS DE VIOLENCIA,SER003,SERVICIO DE ATENCIï¿½N URGENTE,150101,LIMA METROPOLITANA,LIMA,LIMA,LIMA,URBANO,SAU001,LIMA,30_59,WOMEN,358
5,2019,ENE - DIC,14/01/2020,ENT001,PROGRAMA NACIONAL CONTRA LA VIOLENCIA FAMILIAR Y SEXUAL,LIN001,ATENCIï¿½N INTEGRAL Y MULTIDISCIPLINARIA PARA VICTIMAS DE VIOLENCIA,SER003,SERVICIO DE ATENCIï¿½N URGENTE,150121,LIMA,LIMA,PUEBLO LIBRE,PUEBLO LIBRE,URBANO,SAU001,LIMA,30_59,WOMEN,352
6,2020,ENE - DIC,15/01/2021,ENT001,PROGRAMA NACIONAL CONTRA LA VIOLENCIA FAMILIAR Y SEXUAL,LIN001,ATENCIï¿½N INTEGRAL Y MULTIDISCIPLINARIA PARA VICTIMAS DE VIOLENCIA,SER003,SERVICIO DE ATENCIï¿½N URGENTE,150121,LIMA,LIMA,PUEBLO LIBRE,PUEBLO LIBRE,URBANO,SAU001,LIMA,30_59,WOMEN,347
7,2021,ENE - DIC,15/01/2022,ENT001,PROGRAMA NACIONAL CONTRA LA VIOLENCIA FAMILIAR Y SEXUAL,LIN001,ATENCIï¿½N INTEGRAL Y MULTIDISCIPLINARIA PARA VICTIMAS DE VIOLENCIA,SER003,SERVICIO DE ATENCIï¿½N URGENTE,150121,LIMA,LIMA,PUEBLO LIBRE,PUEBLO LIBRE,URBANO,SAU001,LIMA,30_59,WOMEN,355
8,2022,ENE - DIC,15/01/2023,ENT001,PROGRAMA NACIONAL CONTRA LA VIOLENCIA FAMILIAR Y SEXUAL,LIN001,ATENCIï¿½N INTEGRAL Y MULTIDISCIPLINARIA PARA VICTIMAS DE VIOLENCIA,SER003,SERVICIO DE ATENCIï¿½N URGENTE,150121,LIMA,LIMA,PUEBLO LIBRE,PUEBLO LIBRE,URBANO,SAU001,LIMA,30_59,WOMEN,288
9,2023,ENE - JUL,15/08/2023,ENT001,PROGRAMA NACIONAL CONTRA LA VIOLENCIA FAMILIAR Y SEXUAL,LIN001,ATENCIï¿½N INTEGRAL Y MULTIDISCIPLINARIA PARA VICTIMAS DE VIOLENCIA,SER003,SERVICIO DE ATENCIï¿½N URGENTE,150121,LIMA,LIMA,PUEBLO LIBRE,PUEBLO LIBRE,URBANO,SAU001,LIMA,30_59,WOMEN,180
0,2016,ENE - DIC,31/12/2016,ENT001,PROGRAMA NACIONAL CONTRA LA VIOLENCIA FAMILIAR Y SEXUAL,LN001,ATENCIï¿½N INTEGRAL Y MULTIDISCIPLINARIA PARA VICTIMAS DE VIOLENCIA,SER003,SERVICIO DE ATENCIï¿½N URGENTE,150101,LIMA METROPOLITANA,LIMA,LIMA,LIMA,URBANO,SAU01,LIMA,60_MORE,MEN,31
1,2017,ENE - DIC,31/12/2017,ENT001,PROGRAMA NACIONAL CONTRA LA VIOLENCIA FAMILIAR Y SEXUAL,LIN001,ATENCIï¿½N INTEGRAL Y MULTIDISCIPLINARIA PARA VICTIMAS DE VIOLENCIA,SER003,SERVICIO DE ATENCIï¿½N URGENTE,150101,LIMA METROPOLITANA,LIMA,LIMA,LIMA,URBANO,SAU001,LIMA,60_MORE,MEN,38
2,2017,ENE - DIC,31/12/2017,ENT001,PROGRAMA NACIONAL CONTRA LA VIOLENCIA FAMILIAR Y SEXUAL,LIN001,ATENCIï¿½N INTEGRAL Y MULTIDISCIPLINARIA PARA VICTIMAS DE VIOLENCIA,SER003,SERVICIO DE ATENCIï¿½N URGENTE,40101,AREQUIPA,AREQUIPA,AREQUIPA,LIMA,URBANO,SAU002,AREQUIPA,60_MORE,MEN,0
3,2017,ENE - DIC,31/12/2017,ENT001,PROGRAMA NACIONAL CONTRA LA VIOLENCIA FAMILIAR Y SEXUAL,LIN001,ATENCIï¿½N INTEGRAL Y MULTIDISCIPLINARIA PARA VICTIMAS DE VIOLENCIA,SER003,SERVICIO DE ATENCIï¿½N URGENTE,170101,MADRE DE DIOS,LIMA,LIMA,LIMA,URBANO,SAU003,MADRE DE DIOS,60_MORE,MEN,0
4,2018,ENE - DIC,31/12/2018,ENT001,PROGRAMA NACIONAL CONTRA LA VIOLENCIA FAMILIAR Y SEXUAL,LIN001,ATENCIï¿½N INTEGRAL Y MULTIDISCIPLINARIA PARA VICTIMAS DE VIOLENCIA,SER003,SERVICIO DE ATENCIï¿½N URGENTE,150101,LIMA METROPOLITANA,LIMA,LIMA,LIMA,URBANO,SAU001,LIMA,60_MORE,MEN,41
5,2019,ENE - DIC,14/01/2020,ENT001,PROGRAMA NACIONAL CONTRA LA VIOLENCIA FAMILIAR Y SEXUAL,LIN001,ATENCIï¿½N INTEGRAL Y MULTIDISCIPLINARIA PARA VICTIMAS DE VIOLENCIA,SER003,SERVICIO DE ATENCIï¿½N URGENTE,150121,LIMA,LIMA,PUEBLO LIBRE,PUEBLO LIBRE,URBANO,SAU001,LIMA,60_MORE,MEN,32
6,2020,ENE - DIC,15/01/2021,ENT001,PROGRAMA NACIONAL CONTRA LA VIOLENCIA FAMILIAR Y SEXUAL,LIN001,ATENCIï¿½N INTEGRAL Y MULTIDISCIPLINARIA PARA VICTIMAS DE VIOLENCIA,SER003,SERVICIO DE ATENCIï¿½N URGENTE,150121,LIMA,LIMA,PUEBLO LIBRE,PUEBLO LIBRE,URBANO,SAU001,LIMA,60_MORE,MEN,30
7,2021,ENE - DIC,15/01/2022,ENT001,PROGRAMA NACIONAL CONTRA LA VIOLENCIA FAMILIAR Y SEXUAL,LIN001,ATENCIï¿½N INTEGRAL Y MULTIDISCIPLINARIA PARA VICTIMAS DE VIOLENCIA,SER003,SERVICIO DE ATENCIï¿½N URGENTE,150121,LIMA,LIMA,PUEBLO LIBRE,PUEBLO LIBRE,URBANO,SAU001,LIMA,60_MORE,MEN,36
8,2022,ENE - DIC,15/01/2023,ENT001,PROGRAMA NACIONAL CONTRA LA VIOLENCIA FAMILIAR Y SEXUAL,LIN001,ATENCIï¿½N INTEGRAL Y MULTIDISCIPLINARIA PARA VICTIMAS DE VIOLENCIA,SER003,SERVICIO DE ATENCIï¿½N URGENTE,150121,LIMA,LIMA,PUEBLO LIBRE,PUEBLO LIBRE,URBANO,SAU001,LIMA,60_MORE,MEN,32
9,2023,ENE - JUL,15/08/2023,ENT001,PROGRAMA NACIONAL CONTRA LA VIOLENCIA FAMILIAR Y SEXUAL,LIN001,ATENCIï¿½N INTEGRAL Y MULTIDISCIPLINARIA PARA VICTIMAS DE VIOLENCIA,SER003,SERVICIO DE ATENCIï¿½N URGENTE,150121,LIMA,LIMA,PUEBLO LIBRE,PUEBLO LIBRE,URBANO,SAU001,LIMA,60_MORE,MEN,8
0,2016,ENE - DIC,31/12/2016,ENT001,PROGRAMA NACIONAL CONTRA LA VIOLENCIA FAMILIAR Y SEXUAL,LN001,ATENCIï¿½N INTEGRAL Y MULTIDISCIPLINARIA PARA VICTIMAS DE VIOLENCIA,SER003,SERVICIO DE ATENCIï¿½N URGENTE,150101,LIMA METROPOLITANA,LIMA,LIMA,LIMA,URBANO,SAU01,LIMA,60_MORE,WOMEN,137
1,2017,ENE - DIC,31/12/2017,ENT001,PROGRAMA NACIONAL CONTRA LA VIOLENCIA FAMILIAR Y SEXUAL,LIN001,ATENCIï¿½N INTEGRAL Y MULTIDISCIPLINARIA PARA VICTIMAS DE VIOLENCIA,SER003,SERVICIO DE ATENCIï¿½N URGENTE,150101,LIMA METROPOLITANA,LIMA,LIMA,LIMA,URBANO,SAU001,LIMA,60_MORE,WOMEN,69
2,2017,ENE - DIC,31/12/2017,ENT001,PROGRAMA NACIONAL CONTRA LA VIOLENCIA FAMILIAR Y SEXUAL,LIN001,ATENCIï¿½N INTEGRAL Y MULTIDISCIPLINARIA PARA VICTIMAS DE VIOLENCIA,SER003,SERVICIO DE ATENCIï¿½N URGENTE,40101,AREQUIPA,AREQUIPA,AREQUIPA,LIMA,URBANO,SAU002,AREQUIPA,60_MORE,WOMEN,0
3,2017,ENE - DIC,31/12/2017,ENT001,PROGRAMA NACIONAL CONTRA LA VIOLENCIA FAMILIAR Y SEXUAL,LIN001,ATENCIï¿½N INTEGRAL Y MULTIDISCIPLINARIA PARA VICTIMAS DE VIOLENCIA,SER003,SERVICIO DE ATENCIï¿½N URGENTE,170101,MADRE DE DIOS,LIMA,LIMA,LIMA,URBANO,SAU003,MADRE DE DIOS,60_MORE,WOMEN,0
4,2018,ENE - DIC,31/12/2018,ENT001,PROGRAMA NACIONAL CONTRA LA VIOLENCIA FAMILIAR Y SEXUAL,LIN001,ATENCIï¿½N INTEGRAL Y MULTIDISCIPLINARIA PARA VICTIMAS DE VIOLENCIA,SER003,SERVICIO DE ATENCIï¿½N URGENTE,150101,LIMA METROPOLITANA,LIMA,LIMA,LIMA,URBANO,SAU001,LIMA,60_MORE,WOMEN,140
5,2019,ENE - DIC,14/01/2020,ENT001,PROGRAMA NACIONAL CONTRA LA VIOLENCIA FAMILIAR Y SEXUAL,LIN001,ATENCIï¿½N INTEGRAL Y MULTIDISCIPLINARIA PARA VICTIMAS DE VIOLENCIA,SER003,SERVICIO DE ATENCIï¿½N URGENTE,150121,LIMA,LIMA,PUEBLO LIBRE,PUEBLO LIBRE,URBANO,SAU001,LIMA,60_MORE,WOMEN,91
6,2020,ENE - DIC,15/01/2021,ENT001,PROGRAMA NACIONAL CONTRA LA VIOLENCIA FAMILIAR Y SEXUAL,LIN001,ATENCIï¿½N INTEGRAL Y MULTIDISCIPLINARIA PARA VICTIMAS DE VIOLENCIA,SER003,SERVICIO DE ATENCIï¿½N URGENTE,150121,LIMA,LIMA,PUEBLO LIBRE,PUEBLO LIBRE,URBANO,SAU001,LIMA,60_MORE,WOMEN,67
7,2021,ENE - DIC,15/01/2022,ENT001,PROGRAMA NACIONAL CONTRA LA VIOLENCIA FAMILIAR Y SEXUAL,LIN001,ATENCIï¿½N INTEGRAL Y MULTIDISCIPLINARIA PARA VICTIMAS DE VIOLENCIA,SER003,SERVICIO DE ATENCIï¿½N URGENTE,150121,LIMA,LIMA,PUEBLO LIBRE,PUEBLO LIBRE,URBANO,SAU001,LIMA,60_MORE,WOMEN,68
8,2022,ENE - DIC,15/01/2023,ENT001,PROGRAMA NACIONAL CONTRA LA VIOLENCIA FAMILIAR Y SEXUAL,LIN001,ATENCIï¿½N INTEGRAL Y MULTIDISCIPLINARIA PARA VICTIMAS DE VIOLENCIA,SER003,SERVICIO DE ATENCIï¿½N URGENTE,150121,LIMA,LIMA,PUEBLO LIBRE,PUEBLO LIBRE,URBANO,SAU001,LIMA,60_MORE,WOMEN,81
9,2023,ENE - JUL,15/08/2023,ENT001,PROGRAMA NACIONAL CONTRA LA VIOLENCIA FAMILIAR Y SEXUAL,LIN001,ATENCIï¿½N INTEGRAL Y MULTIDISCIPLINARIA PARA VICTIMAS DE VIOLENCIA,SER003,SERVICIO DE ATENCIï¿½N URGENTE,150121,LIMA,LIMA,PUEBLO LIBRE,PUEBLO LIBRE,URBANO,SAU001,LIMA,60_MORE,WOMEN,36
